user_id,type-uuid-n,watch_count,watches,alpha_range_key,created_at,release_date_range_key,follow_date_range_key,runtime,release_date,movie_name,entity_type,type,uuid,updated_at,rewatch_count,total_movies_runtime,country,watch_date_range_key
75184478,count-watch-movie,372,[5a432bdc-e493-410b-bee8-af93095c6fcf dfe92d1c-0125-4f6d-a9d3-35443b5a9aac 08c1f0a2-581f-476c-bbd8-643a7426635f 919bfa79-f34f-470d-9472-d04016613b23 14f33354-bc8d-498c-88c7-942e6d0bddee d3ff6d88-18ba-4c55-9d6e-e00b4d3f956e ea2c6fa3-053f-4cc3-b34c-9bcf519b695f 2c41a188-b550-44be-bb6b-c0d1c9604744 8acdf7f7-88d1-4e10-92d5-296f7b64c50e fba77bbb-092b-4d99-a68a-af6a70f284e8 0c7c7acc-d9c2-41b2-a855-42cf8c91a9e9 1242f357-989f-47ed-8a3d-bb1c8b6aaf33 35d392d8-8616-4be4-a2cd-4122781a4090 98cc1928-fa5e-4c00-a0e7-762d1f73a1fc 06403db9-013b-4884-8ea8-93a189d169e7 f812aad9-24b9-42cf-8f31-2e5bd2f7a0f9 701ea1ba-34df-4fa1-b4b1-29fc283c2d0c 758d716d-5a34-4c48-8a79-4fa2416e2a91 3e9efaa3-41f7-4380-9ed5-9541537b63aa 1d3702a3-2863-408a-bfd8-5c8d15b5e623 7fb75a7c-5a36-4599-a1c4-be418f1b3ada 9095e0da-6662-4820-a3a1-4e1fe52638f4 15d8fe97-f5fa-4984-a79c-8df6f1db9c06 6ec57699-2b16-4a41-90ee-f7b4c0601654 22e5ea55-f522-415a-a870-66b3b4d3c4ae 05807f03-e989-47e3-8494-7964df0a7f12 2497dab7-fcd2-4399-a398-9b7dd2ba3260 abe1db1a-dae3-4c50-9824-439a6d178e6d bf6dcfb4-fd61-42e6-9900-13c437e5aa1c 4c096343-1bb1-4a4d-b4da-0e0bcef6d7a1 0c2975f5-e12c-4752-b0c8-aa46cf7c1397 990be31e-07de-49a6-bfa2-8a8042fcc5ff 7a646abe-b99f-409c-9b36-5d21a4fedca8 1283ca83-4771-4355-9491-91553fe475cd 9b3f055b-fd15-4c8d-a500-f597e2d15784 7bcb1ab0-23cd-4697-91e1-0d09b9d24ff3 0a5bd790-585b-442b-82b8-936beefb5c01 578c78b0-6510-46ec-b741-3f685d4f53d8 797850f1-71cd-438d-bde2-345337afd417 fdc6b5eb-bc2d-4639-98f5-ba342c2fd204 bb470b21-11c3-48bf-bc49-64504ff9624b 3d32fdb8-f575-4299-a73d-a964076a587a 8a77bb53-3ec2-4b3c-a80b-e4e1fd501350 4b67a3f0-96d1-45bd-94eb-a370ab3b2f24 fa31c4b4-bf6e-42a9-8f7e-a5ee933309ef 9cc7cc30-5745-4445-9d76-1ddeea1e5c62 11446b3a-e487-4e9f-8000-a9bed7a7aaac 64107725-a8e3-40e2-8dde-6f71bd2d8498 87b9c2d4-1081-4a00-b09c-c155b9fd7000 acb0723d-f52e-4be2-9df5-55f0b109fd7c bf63e3d9-ee2d-4b7d-8a33-bde06f364456 63bcc9d5-b150-456e-96e6-6ea9ab042bcc 11bf414d-8d46-4ac0-81ff-06fb65451823 37a25045-d72e-4c7f-9400-19dcf8eb8b6c 2f6cfd70-9bc6-49f1-b8e7-469004bd11df 3f0c0923-30b6-4d07-b371-12642a2d0da1 b5cdc4f8-c3fc-4783-8042-cd3dbf9192ab c4967278-9f2c-4fcb-b817-8f09870d881e 4c36fc38-a994-40c2-b1ca-7278d7f28d40 7e60fddd-177f-499c-a7cd-5d4571acac02 831f05ea-de4a-44a8-8f28-83b208a05da1 44d2795f-61f5-43fb-9564-1a5d38ea7189 29ca32e3-bc48-4214-ae53-bd035a4c6a0d 624e65c8-a7a3-430e-bf7f-857b5a59d6e8 0b7c2091-bede-4f84-9ad3-bdac083ccd7f 29d4a9a1-6d12-4428-aae7-857194f69951 1498d90c-d706-4e1f-b351-c815fb774b46 124adee5-7ef6-4cf5-b5ef-108bcba3cc86 1fcd26e2-130f-4cd5-914a-201f2074e9e6 9faef59c-80ec-4a57-866e-99ad2038a3ce 9ccb2445-ef51-4a54-91c3-8885df405746 03a14169-0625-456c-a2ae-bbd063bc1baa 2fab6ee7-c4fd-4b7b-8d75-b62f8c7d81a5 e3d5db7d-2462-42e7-8449-535d707db8ee 2f0e0702-f693-4adb-a0e0-1e175483cfae 78bdccb1-7291-4d79-a4b3-d4e4e198348a cb30b49e-cc43-41ac-8bf2-7a56e7d870f6 39015588-a5e4-4258-a1d7-4ec55664ff42 b6e70fdc-fbb7-49ea-bc21-2ed7c4f2a777 9722666f-dbc4-41cd-a917-2bd26e3ef21c 55294da6-56da-4d4f-bf85-7a33a4a3124f 160ed8e8-2949-4eeb-adea-b7e01813e6b4 d7fe4629-9672-47d2-bb92-5cc0a232bc91 ebd5a22b-da18-4c63-bc2b-4a45c3180995 f0915fae-e5f9-4fd8-a426-c2ca4e7db004 b76dd8fe-8dfd-4a6a-b296-402dc39f077a bc435a06-40d3-4b70-bb1b-ee2a79827c47 de1668bc-c004-423c-82c9-23e83344f702 ac8d10bf-7fa6-41be-86fa-7570f3eed5d7 f613977b-515b-44af-b9ce-1936d42db749 eeca34eb-a4c3-4e35-be6e-6c31f875ce56 e9c52bae-c6e7-44ff-8041-0710df97fec3 de9f4f37-5794-434e-88db-f4ac6508ff01 751425aa-e8e1-4140-8291-97c7049eba23 3a7b9439-6436-4ce5-9c5d-69f71462d02e 4146ef56-e632-412a-a26d-214df7e44fb3 6471acd8-0551-4515-af59-4c273568ec9d dbaa74e8-bbb3-428f-89da-85c171aae072 78c27d1a-dea2-45b2-be8f-5dfabea9b846 a97a8227-5973-4c37-a516-be082eb7fbdb 8ef12c09-c030-4ccf-ba3e-ed313393a427 cd4489c7-5da3-4fd7-b8a1-47ee17bf7fc7 113a6682-77e5-43f5-b451-cc39db1f7d2b a3f59c5f-15ff-4990-804a-3a3d98c8d609 bc5eb84f-6e5d-45b0-97c1-96bf401dd59f d9aff53e-d802-4661-9c5a-ddb1c2a5cb97 19715abe-817e-424f-8caa-2d6f13165f2d c388061b-6d59-4e12-a512-dc175dc6716e 480032ef-e2f2-4d4a-804b-edb08e08ff79 717a64a7-8040-4c6b-88e2-3552e890fb54 aa96c2e5-af6d-4135-af44-9d22b9176d92 3577ca1c-ee06-4e71-b380-5b98697c50cb a0831e7e-ed0d-459e-89ae-f72b389470b5 d42b395b-4bba-4046-a682-d1c6a69fe663 f6987486-5380-4f63-b80c-cd7a35b616eb de398a3d-5f4d-4121-85a8-047242dd846e a8f9787d-4883-4974-a02b-6ac8337a7c5b 8ed79c61-2216-477a-a52e-871d7895ca2b e02e9914-9009-4f59-b66e-6834f5fe6afc ab756788-fd39-454f-bcaa-16811781dab0 0e18170a-cf5f-4652-afcc-d084a902c743 40b1a8ca-b35c-451f-9dfd-2c4186bae401 8b180a17-b645-4e14-ab25-e50e7a68a7a1 e86ad74f-3e3d-45cf-8c55-c5a5f8938748 0d35e5e7-bed0-44f8-9af4-7482997e54ec cb75c2cc-f250-43a0-b2e4-4f99aa1f5642 29f4e554-11c9-457a-8466-b2cd957d7e9a 93787a9c-2a57-4db9-a8ea-1a4b4dc45624 3d7fc63e-c360-48cd-8ba9-01786ce76809 b483f82e-14c7-4f97-86b7-cd957ee89f87 25d72184-f66a-4965-a647-8cbd74c2db59 ecb0109c-f53c-4d94-95fe-910ef8dda64a 30f3a523-d7a2-4999-8c54-893b2cf11937 a4013684-6ff8-4fbe-9630-db7aa36ac3a6 3c0765b2-6958-401e-93eb-58ddaedf2e33 43e92f62-f10b-4974-8012-65302885a79b c6d780c7-537d-4328-9f6f-4f432b975906 75e0cdd2-b83e-4a9e-91f6-56157cfb72d3 e61d6466-d456-43e8-bc3f-bcdfcc54269e b3ab9a19-39c5-4819-8835-38450e743add e53ba0b2-b8da-4299-92fc-8a197083b5e2 88b5eeea-84da-41a2-ae5a-3cec6ec49696 70e71074-48c4-48af-b7af-6dd69a7bc4a8 4dc99da3-cdd6-42ff-a9c5-6ebd7743ae07 8131c68e-406c-4d80-9d71-87c6056fd99b fe040628-4c70-4728-8eab-8d9e778b3920 f00f5dda-cebe-496e-b43b-3dbcb2953dee 780fa612-3916-40e9-a1c3-6b2e75197395 df9d8522-d060-4277-b7c2-addceadf8fe3 634906a0-7ab0-4848-9ff5-cce9d03b0d84 f45c70ab-45ef-4938-8ec1-883a5e8b6fda 41a4d4ab-4660-4afe-8c14-a202b0288ff8 a78d9e93-aa57-464f-9b3b-674d1b23eb07 82982f0f-097e-45b1-8ca2-e5b7001987cb c7033356-154d-4aa8-a0bc-d41e800d0092 a6e3c93f-efe6-4e0d-8a31-6264a0145792 1199bdaf-f24c-4c49-aee2-b0454e1fdf42 cf2b9c19-59d2-47bf-9b98-91eadbe62e56 1342ca0d-fdec-43f0-9245-b4f939009994 1e12befa-6ea3-4606-96d3-519ac78e538d 4732ede8-6cbd-4a9e-b62c-1f2e11515c2f bb428e73-3014-4d78-a449-75878051e3fb 622e25b2-b115-4ae3-8cb3-4e6bc5edfee4 e170a5e7-40d9-4bd5-ad18-6c2848dc8b9a 16429a63-235f-43a9-a99c-3e0e94a1bcf6 bb52ce42-a7e5-482c-8127-8a53283965ac 8f261727-1d6a-455a-b247-96adad0ae905 d6586f35-cb87-43d7-b2ac-267017a1b06f d2faf26a-8200-47a9-aba6-8d3d8d7ff147 65c8a8ab-c39d-4f2d-9956-861b2c76c369 bed8c6b6-1586-4e5d-86ae-6f886cc60c0e 19ec044d-4bbd-4407-8328-36cb482de8f5 a16efd36-b5a1-4924-9f40-7eb5220acd68 1640ead7-1e36-46e0-bb98-03464b839487 2812e25d-664a-48a3-99e6-983d62a97215 b8221f64-2c05-4ceb-b16a-18389afc08c5 a13a91ac-46e4-4926-a8ce-ea7dfba5ec87 bde24615-3c20-49d2-a525-25e562da1c61 06e07eb2-8b85-4bfe-9588-af294c01c089 dc247658-40e7-4519-9216-2bbab219b5dd 539f3286-7666-42ef-816a-f6e69b37647b 0317c202-0fc9-4059-aa5c-fb2a7b8303b1 88164b03-164e-4042-921e-2f5bbb9e829d 5b655302-b0e4-413a-aa2e-3496056678e5 0b7f5d26-b94c-4e86-afc9-55af75a5862d 1854e2b9-2c28-4999-aedc-4cb212c700f7 778b789e-6e80-4c03-8588-e2c633b72a12 7516f395-7a69-4a0b-b4a4-6d5af54223f2 8a2b9070-f61e-4792-942e-1fc48774b46c e7f75a94-02a6-42bf-b03d-9f89fe52b197 69646a61-4b72-4d2c-b8f9-8bcd30490294 a25685c5-8ca5-4c25-a8ae-b5bc07cd906c f5b28e0c-7166-4005-aaab-58f0141883c5 608d135e-95da-4ac7-8608-f067a12e592a 7a2cd5d7-fef7-4811-a9dd-65a4ed660284 c61ffc3e-fdba-4748-a43f-029f1494b26a 12958cff-1c4f-4b76-8ca5-239d0fcf2b4d 3c19bd5e-8afe-4a00-b9e0-68fbf3cac295 e91787ad-b0e7-4b20-be4b-0a5181f5fd5a d47eb977-5b5c-4a19-82c3-a4316a21f478 3067f4f8-c34d-4a10-a869-6c08557e869c 935896b6-e802-4781-97f5-bd7bb66b4162 8aa3edf8-35a9-47a2-a132-0682fcf5f2e7 4599fa08-aeb9-4b2b-bf7d-5091d4bb0463 64b482af-1fdf-4d0f-91ce-fb93d630b043 d1dd4499-2ae9-4fa6-8a80-cae402ac4409 03152034-a8ec-4d40-a18c-9dd1cecec6fa 778f63b3-1673-465f-8d44-3ce4d8a085d0 db78bc92-c150-414c-98ab-dbcf44781243 69973f48-6de5-46b3-b030-78ea5116ad4f 537fb138-db2e-43e1-8878-fd8753cb564c 82f50a08-0078-42ba-8249-fb4cbc7cc27b bf6a68f5-46f9-4a74-b45f-0fbcaa26dbb2 740cd424-dcea-4786-befb-9c6e27caa128 2ba51e66-da1c-4264-9779-fe69458ef567 18b655c1-842f-4e99-8333-1e6606593226 35247af8-826e-4638-8436-991044111a00 8c3749d7-5d61-4b4a-91f9-b4be69af1e0d 95eae269-4775-45b4-964f-3e615a0eca52 eecf82f0-3463-4545-a49e-f437a6c59850 bfde4eac-372b-424f-9ff0-48f0dcb90af5 048266a3-e590-4bb0-8fa8-cf70b9a2a4f5 e6a7e5bc-c204-4a44-a7df-554df5dfba5a 312ddc6d-e5f0-4d0c-b75b-c39a81175917 b34b9ce6-2dbb-4569-9cd9-6b138beee141 f5160c51-fe1d-4a13-beef-cafa1a619cad 28a004a3-ccb3-4e0b-8567-876daf0b132a 258ddcaf-5de9-4f9c-ac42-152c60286c1c 7082a169-24b1-45a9-b9c8-e2afc8e3afe9 f8db6552-e27f-4844-b341-3889071bf7e7 ff0b6c22-86f7-4903-a5cf-9cff2eff11e4 86d81b27-1677-4dde-a763-22a5f00d4c4b ed2af048-18a6-4810-b9b0-3bccbe64acf5 e6d0fab8-d153-4172-90b5-aa5c288144a7 ff205fa0-a2d9-4745-91eb-5b5a6c0eaeca 1457cef9-4c13-4f83-8348-68cf5348c928 118d92e1-96a2-4027-8599-0833391de167 3191c53d-8276-4a3a-8200-7b282f8c2af8 dc4fcd8d-19c9-417b-9fd0-ebdd66efe460 bbfa4d7a-b31c-44bc-8ed0-88f28e60ec99 b7c658cc-d561-4129-9b68-ddddc50547c7 9adb5ec5-a5c7-4cc8-8b10-b69f8944bfbf 95edf60a-bbc8-455e-9107-c70df4a51561 b0346b6a-3141-4ef3-bc9b-7982571207fe 4a870a10-8d3c-42cd-9d1f-562d853e83b4 46aa618c-b22a-423b-82e5-f362742a476b f7fbc95e-e08d-45df-bb2c-3b109ef658e4 ff07a778-cf94-4243-a8ca-ec401f51f579 e9190e54-2df4-4438-a1d2-18653df667da ef661837-7d45-4ace-80d7-9bb4b0d2f46a 38dbb85c-10a1-44d1-a244-26abd9c7dc5a b09d875c-609c-4d4a-b3e2-2a5127be4a2a f252f4bc-ea5e-430d-a977-e52a3b9ad2e7 449a7521-8df2-429b-ba6e-f8b9510fec60 a12476be-06d4-469e-8f34-0a04f2f58982 d5fe650f-08c6-43aa-bb2a-ec010a305c8b 58e24522-bc2d-43a5-bc4c-142388b82e95 86130b93-8d67-420c-bd24-b2fb4c4f4bb2 668fe326-d0ba-46ae-85f9-19f24002f525 541056d1-4da7-4435-aebc-11848ed442b9 e0c1c564-3875-47f4-a64d-e9d04f0bba59 bd2e6693-3d05-44eb-b8a8-68ff96b636cd aecb4bed-4c97-44ad-87d0-e68119c6b5b2 b6e6e8d7-15f5-419e-8f5d-8c9d33c8320f e1b3f62f-9101-47c3-8632-db2f386bba37 d1bcb2ec-7a87-4686-9af1-44f4510fe80f b7c2098d-e182-4ffb-942c-8a81b1c2bf0b 05c91651-7a02-452f-b328-3a3fc9e28de8 ef913269-e63e-4569-a68e-4edc68b1da2b bb4d8f9c-3c10-4798-92b2-48d242630470 1b521cc2-2d48-46c9-871d-ddfc99545504 79d78732-9ce0-44d1-9b74-91edb7e0f72b 3fd9af83-4e96-4111-be74-7a87ba81bb25 d7795e3d-1dc5-43a4-a201-36da7c228745 fa5b623e-54d5-4547-92b9-a358b4444006 27fa3d0c-a2cb-47f7-b23e-dda689eaeca5 fedb2be0-3dc5-45c6-b5cd-81755e2c4d03 4dba3a20-f39d-4a3d-a52c-8acba7a10604 c2d49c6c-db0f-4018-acce-48c3701ecf7e 2e37dcb6-fbcf-46ca-a0ed-25b7c8609a6d 8512b5af-18c0-488b-9c10-1b6b5af7c002 48bf77c3-9ecb-4c12-acaf-7d1830b116a6 2b5e8976-9b03-4294-9583-1d5ef72452fc ac2f2b25-caec-49be-aff6-e5d0baca3d50 b43efd5e-f485-45cc-aa2e-180ffca3f64d 5a0f949c-f5fb-475a-a895-2315d44bf666 5edb6395-fd81-42d4-ac3a-02b7a9ef073f 22176d25-7e60-4fe4-9318-84c7d82a117a 50d34979-caa3-42d8-9a24-12f62695e9e9 beb89e4a-c44b-4865-b9ac-69ce94899e63 b8df11a9-cd49-4f9e-a3d6-c9a21454a56f 1f2963f9-04f9-4cdc-a90f-40e78eb729f4 db430e6d-193b-45bc-aeac-7087b736331b d12363e1-aac3-43f6-bde5-e38e30b1f784 9ec9c87a-b3c3-4783-9f53-22503fc814f2 42814c39-07fe-4c44-a315-0ba14342384f 4859d0a1-bb82-4710-9f52-69520bb0f7af 622dc8a7-48fb-444b-98ed-6c7c831dbe6c ead87c84-1133-496a-89bf-2239b84de23f 4aabf649-673d-4453-a6bb-73ad212e8037 62760786-25a6-4b64-8cf8-b75f0b7c9ddb 4d91da4a-1e30-41b0-85ac-8f529313c64d 9fd0d9d8-e76c-49ce-b4b9-44bbabdad1d4 0a3d82b8-8c8e-4f3c-8169-b3a41e1ffd99 e9b80d08-afa2-4a4f-b144-62517b6836cd 20ca6bf7-8b52-47fe-89d9-8a6732f73421 e598e977-8fe6-4e0d-8def-da1537e82549 16e91281-6914-47f5-aeb9-ed9633aded3d cab3f8cf-cbc4-41cb-8ddd-bdcb0e67c53e d230afda-20d5-411b-9785-d0c9435dc9b2 7e62af02-d4a7-47ae-aaf6-bd79cadd4d5e d85318fd-ea57-495d-add5-239ded1489c1 00cdb21e-0bab-4112-9515-b2f4c0e5be6c 96c4e346-6268-47d5-b2dd-1eecf6aa147b 5b5b35ef-735c-45b6-ae5a-e946691757f9 527adc31-6d16-4526-b122-50257353867a 4929b925-6c6d-4bad-979a-b53e4ecfa486 36fe4361-a182-4992-a439-5bfa03124ddc 8d76d4bd-29da-4f7b-aae7-119644ab75ac 8f160db4-d292-448f-be17-9001b3a18856 d12ca7db-3404-468b-a5bc-90c89fa9289f eb72df6a-4f80-4591-b986-b8e405808734 fa61246c-784f-41c0-84d1-005d5b7bcf11 90c35e6b-942f-4986-8a5b-379b3e435552 e16e4a64-2ec9-4363-b468-11d40fad789e bfb681ca-0a26-4656-b183-e7ba4c639294 6d6deb7b-509d-4bf6-b23a-ed206852c7bf 7e0beff2-6f75-4aed-ab94-f080a6f79fee 7729c8d5-288f-4ab2-aea2-315e8327d16b c5c4ce44-88d2-4b7a-89ea-83abf5b4f2ef bc180014-4bd3-40a1-bd0f-01fb8fa79dc0 b7fa700c-f101-48fd-b890-9e3ebf0ecf00 b32c8392-93c0-4306-90c1-0c36f554fdc0 8fad2f48-5f4c-4705-9159-839dc0edccd7 1b797503-88d1-49f0-825a-70915c42cf5e bf03441b-9c3a-44fa-87e6-82409cf21b08 9329597a-693d-4df9-8855-f524e347fd92 5170f78f-b0df-487e-9402-e2ce9dce04ca d55e956e-20f4-4d9f-9bb2-186d2e999cd2 8727b86b-59cd-437b-89a7-40d2003155df 8fc65596-1cfd-4fe1-a263-370f2c426f81 a3eb5217-89a9-4a5c-b699-7aadbae1865c d356ed86-effc-4d59-a145-727ae1b23546 d6423a20-d8dd-4521-8fd4-050713a7e9a3 985b2cb5-c42c-410b-a762-c56df299710a 90ddccb8-b877-4df3-b655-7bf70f98605e d50129a9-d630-4ec3-8162-48b1150689eb 06227450-2170-463f-a163-8e58c1fb5b46 3f3601ce-80dc-4569-80b3-16027a061c4b 3d914e7d-1718-45c3-ad42-689573bc0d38 377b5958-f7f1-4436-bfb6-c5ac0d3900c4 7bd1fe8e-56ff-4d26-af2b-3a7be07b747c 2ae08d2a-b74c-4524-bd18-7027dc52ecdd d42d83d6-dfaa-4a2c-8d81-0e2bca155a9d 8b24570f-e6b1-4271-9f74-f6ea0bedb1eb f77e9094-d3c5-4958-b0f9-c1fed504520f 5a572244-9ee5-4640-9251-44ee52a1680c 3d07c0c7-97cf-4106-b550-08a7379934c9 85db6819-e623-45ab-b51c-a4da0a16871a 6d7a40a2-ba08-4f81-a8b4-10ac6842f792 bfae97c0-c0dc-41ac-81e5-beff98ede825 b4eec237-3d56-4b31-bf54-4c48b8a63557 a36d3794-1369-4c3f-b322-2575e8661b8a 2e2df8d6-a4a8-4dcc-b713-4c6de8293c61 305e9f34-bbed-40e1-b865-51da5ef36203 3ec752c2-6673-43b0-8c3d-d093895984e2 cf81c34e-83c9-4405-b449-47ea544a554f 5b0db8fe-53f8-484e-80e6-db219eee3685 802499fa-0107-46ec-900c-5f56d459a6cd 308c6fc7-4b21-4099-906d-ebfa6feb9192 d15fc3e3-a674-4f98-979d-29a548ec8a85 ff9e5f23-4d08-4df8-bbdc-27bf0abb261f],,,,,,,,,,,,,,,
75184478,follow-00cdb21e-0bab-4112-9515-b2f4c0e5be6c-0,,,follow-alpha-scooby-doo-pirates-ahoy,2025-09-06 07:47:18,follow-release-date-2006-01-01,follow-follow-date-1757144838,4800,2006-01-01 00:00:00,Scooby-Doo! Pirates Ahoy!,movie,follow,00cdb21e-0bab-4112-9515-b2f4c0e5be6c,2025-09-06 07:47:18,,,,
75184478,follow-03152034-a8ec-4d40-a18c-9dd1cecec6fa-0,,,follow-alpha-the-super-mario-bros-movie,2024-09-14 12:45:27,follow-release-date-2023-04-06,follow-follow-date-1726317927,5520,2023-04-06 00:00:00,The Super Mario Bros. Movie,movie,follow,03152034-a8ec-4d40-a18c-9dd1cecec6fa,2024-09-14 12:45:27,,,,
75184478,follow-0317c202-0fc9-4059-aa5c-fb2a7b8303b1-0,,,follow-alpha-baahubali-2-the-conclusion,2024-06-21 18:03:08,follow-release-date-2017-04-27,follow-follow-date-1718992988,9720,2017-04-27 00:00:00,బాహుబలి 2: తీర్మానం,movie,follow,0317c202-0fc9-4059-aa5c-fb2a7b8303b1,2024-06-21 18:03:08,,,,
75184478,follow-03a14169-0625-456c-a2ae-bbd063bc1baa-0,,,follow-alpha-men-in-black-ii,2023-12-22 12:16:36,follow-release-date-2002-08-30,follow-follow-date-1703247396,5280,2002-08-30 00:00:00,Men in Black II,movie,follow,03a14169-0625-456c-a2ae-bbd063bc1baa,2023-12-22 12:16:36,,,,
75184478,follow-048266a3-e590-4bb0-8fa8-cf70b9a2a4f5-0,,,follow-alpha-janatha-garage,2024-11-05 11:38:27,follow-release-date-2016-09-01,follow-follow-date-1730806707,9900,2016-09-01 00:00:00,Janatha Garage,movie,follow,048266a3-e590-4bb0-8fa8-cf70b9a2a4f5,2024-11-05 11:38:27,,,,
75184478,follow-05807f03-e989-47e3-8494-7964df0a7f12-0,,,follow-alpha-thor-love-and-thunder,2023-12-22 06:39:23,follow-release-date-2022-07-07,follow-follow-date-1703227163,,2022-07-07 00:00:00,Thor: Love and Thunder,movie,follow,05807f03-e989-47e3-8494-7964df0a7f12,2023-12-22 06:39:23,0,,,
75184478,follow-05c91651-7a02-452f-b328-3a3fc9e28de8-0,,,follow-alpha-fast-&-furious,2024-05-13 13:16:56,follow-release-date-2009-04-17,follow-follow-date-1715606216,6420,2009-04-17 00:00:00,Fast & Furious,movie,follow,05c91651-7a02-452f-b328-3a3fc9e28de8,2024-05-13 13:16:56,,,,
75184478,follow-06227450-2170-463f-a163-8e58c1fb5b46-0,,,follow-alpha-transformers-rise-of-the-beasts,2025-12-18 15:14:10,follow-release-date-2023-06-07,follow-follow-date-1766070850,7620,2023-06-07 00:00:00,Transformers: Rise of the Beasts,movie,follow,06227450-2170-463f-a163-8e58c1fb5b46,2025-12-18 15:14:10,,,,
75184478,follow-06403db9-013b-4884-8ea8-93a189d169e7-0,,,follow-alpha-aladdin,2023-12-22 06:39:23,follow-release-date-2019-05-24,follow-follow-date-1703227163,,2019-05-24 00:00:00,Aladdin,movie,follow,06403db9-013b-4884-8ea8-93a189d169e7,2023-12-22 06:39:23,0,,,
75184478,follow-06e07eb2-8b85-4bfe-9588-af294c01c089-0,,,follow-alpha-mission-mangal,2024-06-21 18:02:53,follow-release-date-2019-08-15,follow-follow-date-1718992973,7800,2019-08-15 00:00:00,Mission Mangal,movie,follow,06e07eb2-8b85-4bfe-9588-af294c01c089,2024-06-21 18:02:53,,,,
75184478,follow-0883b273-8f19-41b0-8f60-952aa6081056-0,,,follow-alpha-wrong-turn-7--the-foundation,2025-10-25 11:51:18,follow-release-date-2021-03-26,follow-follow-date-1761393078,6600,2021-03-26 00:00:00,Wrong Turn 7 : The Foundation,movie,follow,0883b273-8f19-41b0-8f60-952aa6081056,2025-10-25 11:51:18,,,,
75184478,follow-08c1f0a2-581f-476c-bbd8-643a7426635f-0,,,follow-alpha-avengers-endgame,2023-12-22 06:39:23,follow-release-date-2019-04-24,follow-follow-date-1703227163,,2019-04-24 00:00:00,Avengers: Endgame,movie,follow,08c1f0a2-581f-476c-bbd8-643a7426635f,2023-12-22 06:39:23,0,,,
75184478,follow-0a3d82b8-8c8e-4f3c-8169-b3a41e1ffd99-0,,,follow-alpha-don't-breathe,2024-05-13 13:26:47,follow-release-date-2016-10-05,follow-follow-date-1715606807,5280,2016-10-05 00:00:00,Don't Breathe,movie,follow,0a3d82b8-8c8e-4f3c-8169-b3a41e1ffd99,2024-05-13 13:26:47,,,,
75184478,follow-0a5bd790-585b-442b-82b8-936beefb5c01-0,,,follow-alpha-journey-2-the-mysterious-island,2023-12-22 07:22:28,follow-release-date-2012-02-17,follow-follow-date-1703229748,5640,2012-02-17 00:00:00,Journey 2: The Mysterious Island,movie,follow,0a5bd790-585b-442b-82b8-936beefb5c01,2023-12-22 07:22:28,,,,
75184478,follow-0b7c2091-bede-4f84-9ad3-bdac083ccd7f-0,,,follow-alpha-the-angry-birds-movie-2,2023-12-22 12:14:13,follow-release-date-2019-08-02,follow-follow-date-1703247253,5820,2019-08-02 00:00:00,The Angry Birds Movie 2,movie,follow,0b7c2091-bede-4f84-9ad3-bdac083ccd7f,2023-12-22 12:14:13,,,,
75184478,follow-0b7f5d26-b94c-4e86-afc9-55af75a5862d-0,,,follow-alpha-pushpa-the-rise,2024-06-21 18:03:51,follow-release-date-2021-12-17,follow-follow-date-1718993031,10740,2021-12-17 00:00:00,Pushpa: The Rise,movie,follow,0b7f5d26-b94c-4e86-afc9-55af75a5862d,2024-06-21 18:03:51,,,,
75184478,follow-0c2975f5-e12c-4752-b0c8-aa46cf7c1397-0,,,follow-alpha-spirited-away,2023-12-22 07:03:09,follow-release-date-2003-09-22,follow-follow-date-1703228589,7500,2003-09-22 00:00:00,千と千尋の神隠し,movie,follow,0c2975f5-e12c-4752-b0c8-aa46cf7c1397,2023-12-22 07:03:09,,,,
75184478,follow-0c371fe7-12ef-4d23-8a48-97e341ed1baa-0,,,follow-alpha-aladdin-2,2024-12-28 16:02:15,follow-release-date-tbd,follow-follow-date-1735401735,,,Aladdin 2,movie,follow,0c371fe7-12ef-4d23-8a48-97e341ed1baa,2024-12-28 16:02:15,,,,
75184478,follow-0c7c7acc-d9c2-41b2-a855-42cf8c91a9e9-0,,,follow-alpha-harry-potter-and-the-half-blood-prince,2023-12-22 06:39:23,follow-release-date-2009-07-15,follow-follow-date-1703227163,,2009-07-15 00:00:00,Harry Potter and the Half-Blood Prince,movie,follow,0c7c7acc-d9c2-41b2-a855-42cf8c91a9e9,2023-12-22 06:39:23,0,,,
75184478,follow-0d35e5e7-bed0-44f8-9af4-7482997e54ec-0,,,follow-alpha-bolt,2024-05-13 13:17:34,follow-release-date-2009-02-04,follow-follow-date-1715606254,5880,2009-02-04 00:00:00,Bolt,movie,follow,0d35e5e7-bed0-44f8-9af4-7482997e54ec,2024-05-13 13:17:34,,,,
75184478,follow-0e18170a-cf5f-4652-afcc-d084a902c743-0,,,follow-alpha-despicable-me-2,2024-05-13 13:16:09,follow-release-date-2013-06-25,follow-follow-date-1715606169,5880,2013-06-25 00:00:00,Despicable Me 2,movie,follow,0e18170a-cf5f-4652-afcc-d084a902c743,2024-05-13 13:16:09,,,,
75184478,follow-10847448-50f9-41dc-b06b-1015fa167643-0,,,follow-alpha-scooby-doo-2-monsters-unleashed,2024-05-13 13:28:41,follow-release-date-2004-04-16,follow-follow-date-1715606921,5580,2004-04-16 00:00:00,Scooby-Doo 2: Monsters Unleashed,movie,follow,10847448-50f9-41dc-b06b-1015fa167643,2024-05-13 13:28:41,,,,
75184478,follow-113a6682-77e5-43f5-b451-cc39db1f7d2b-0,,,follow-alpha-black-panther-wakanda-forever,2024-05-13 13:11:04,follow-release-date-2022-11-11,follow-follow-date-1715605864,9660,2022-11-11 00:00:00,Black Panther: Wakanda Forever,movie,follow,113a6682-77e5-43f5-b451-cc39db1f7d2b,2024-05-13 13:11:04,,,,
75184478,follow-11446b3a-e487-4e9f-8000-a9bed7a7aaac-0,,,follow-alpha-your-name,2023-12-22 07:51:27,follow-release-date-2016-12-28,follow-follow-date-1703231487,6420,2016-12-28 00:00:00,君の名は。,movie,follow,11446b3a-e487-4e9f-8000-a9bed7a7aaac,2023-12-22 07:51:27,,,,
75184478,follow-118d92e1-96a2-4027-8599-0833391de167-0,,,follow-alpha-ek-villain,2024-11-05 11:42:17,follow-release-date-2014-06-27,follow-follow-date-1730806937,7740,2014-06-27 00:00:00,एक विलेन,movie,follow,118d92e1-96a2-4027-8599-0833391de167,2024-11-05 11:42:17,,,,
75184478,follow-1199bdaf-f24c-4c49-aee2-b0454e1fdf42-0,,,follow-alpha-uncharted,2024-06-03 08:00:44,follow-release-date-2022-02-17,follow-follow-date-1717401644,6960,2022-02-17 00:00:00,Uncharted,movie,follow,1199bdaf-f24c-4c49-aee2-b0454e1fdf42,2024-06-03 08:00:44,,,,
75184478,follow-11bf414d-8d46-4ac0-81ff-06fb65451823-0,,,follow-alpha-spider-man-into-the-spider-verse,2023-12-22 10:07:44,follow-release-date-2018-12-25,follow-follow-date-1703239664,7020,2018-12-25 00:00:00,Spider-Man: Into the Spider-Verse,movie,follow,11bf414d-8d46-4ac0-81ff-06fb65451823,2023-12-22 10:07:44,,,,
75184478,follow-1242f357-989f-47ed-8a3d-bb1c8b6aaf33-0,,,follow-alpha-the-avengers,2023-12-22 06:39:23,follow-release-date-2012-04-25,follow-follow-date-1703227163,,2012-04-25 00:00:00,The Avengers,movie,follow,1242f357-989f-47ed-8a3d-bb1c8b6aaf33,2023-12-22 06:39:23,0,,,
75184478,follow-124adee5-7ef6-4cf5-b5ef-108bcba3cc86-0,,,follow-alpha-kingsman-the-secret-service,2023-12-22 12:14:57,follow-release-date-2015-02-27,follow-follow-date-1703247297,7740,2015-02-27 00:00:00,Kingsman: The Secret Service,movie,follow,124adee5-7ef6-4cf5-b5ef-108bcba3cc86,2023-12-22 12:14:57,,,,
75184478,follow-12505068-c50a-4562-bae1-b705208d5b2f-0,,,follow-alpha-mufasa-the-lion-king,2024-12-28 16:02:46,follow-release-date-2024-12-20,follow-follow-date-1735401766,7080,2024-12-20 00:00:00,Mufasa: The Lion King,movie,follow,12505068-c50a-4562-bae1-b705208d5b2f,2024-12-28 16:02:46,,,,
75184478,follow-126c81a1-9815-4248-a11c-d16b295b7ac2-0,,,follow-alpha-joker-folie-à-deux,2024-12-28 16:02:37,follow-release-date-2024-10-02,follow-follow-date-1735401757,8880,2024-10-02 00:00:00,Joker: Folie à Deux,movie,follow,126c81a1-9815-4248-a11c-d16b295b7ac2,2024-12-28 16:02:37,,,,
75184478,follow-1283ca83-4771-4355-9491-91553fe475cd-0,,,follow-alpha-a-silent-voice,2023-12-22 07:14:31,follow-release-date-2017-10-24,follow-follow-date-1703229271,7800,2017-10-24 00:00:00,聲の形,movie,follow,1283ca83-4771-4355-9491-91553fe475cd,2023-12-22 07:14:31,,,,
75184478,follow-12958cff-1c4f-4b76-8ca5-239d0fcf2b4d-0,,,follow-alpha-ajeeb-daastaans,2024-07-19 14:03:25,follow-release-date-2021-04-16,follow-follow-date-1721397805,8520,2021-04-16 00:00:00,अजीब दास्तान्स,movie,follow,12958cff-1c4f-4b76-8ca5-239d0fcf2b4d,2024-07-19 14:03:25,,,,
75184478,follow-1342ca0d-fdec-43f0-9245-b4f939009994-0,,,follow-alpha-enola-holmes-2,2024-05-13 13:28:26,follow-release-date-2022-11-04,follow-follow-date-1715606906,7860,2022-11-04 00:00:00,Enola Holmes 2,movie,follow,1342ca0d-fdec-43f0-9245-b4f939009994,2024-05-13 13:28:26,,,,
75184478,follow-1457cef9-4c13-4f83-8348-68cf5348c928-0,,,follow-alpha-sanam-teri-kasam,2024-11-05 11:41:59,follow-release-date-2016-02-05,follow-follow-date-1730806919,9240,2016-02-05 00:00:00,Sanam Teri Kasam,movie,follow,1457cef9-4c13-4f83-8348-68cf5348c928,2024-11-05 11:41:59,,,,
75184478,follow-1498d90c-d706-4e1f-b351-c815fb774b46-0,,,follow-alpha-kung-fu-panda-2,2023-12-22 12:14:30,follow-release-date-2011-05-25,follow-follow-date-1703247270,5460,2011-05-25 00:00:00,Kung Fu Panda 2,movie,follow,1498d90c-d706-4e1f-b351-c815fb774b46,2023-12-22 12:14:30,,,,
75184478,follow-14f33354-bc8d-498c-88c7-942e6d0bddee-0,,,follow-alpha-harry-potter-and-the-philosopher's-stone,2023-12-22 06:39:23,follow-release-date-2001-11-30,follow-follow-date-1703227163,,2001-11-30 00:00:00,Harry Potter and the Philosopher's Stone,movie,follow,14f33354-bc8d-498c-88c7-942e6d0bddee,2023-12-22 06:39:23,0,,,
75184478,follow-15342a10-ad84-4510-a95f-6db2c08acd8c-0,,,follow-alpha-in-the-tall-grass,2024-06-05 11:51:11,follow-release-date-2019-10-04,follow-follow-date-1717588271,6060,2019-10-04 00:00:00,In the Tall Grass,movie,follow,15342a10-ad84-4510-a95f-6db2c08acd8c,2024-06-05 11:51:11,,,,
75184478,follow-15d8fe97-f5fa-4984-a79c-8df6f1db9c06-0,,,follow-alpha-the-amazing-spider-man-2,2023-12-22 06:39:23,follow-release-date-2014-04-17,follow-follow-date-1703227163,,2014-04-17 00:00:00,The Amazing Spider-Man 2,movie,follow,15d8fe97-f5fa-4984-a79c-8df6f1db9c06,2023-12-22 06:39:23,0,,,
75184478,follow-160ed8e8-2949-4eeb-adea-b7e01813e6b4-0,,,follow-alpha-ralph-breaks-the-internet,2023-12-22 12:54:21,follow-release-date-2018-11-22,follow-follow-date-1703249661,6720,2018-11-22 00:00:00,Ralph Breaks the Internet,movie,follow,160ed8e8-2949-4eeb-adea-b7e01813e6b4,2023-12-22 12:54:21,,,,
75184478,follow-1640ead7-1e36-46e0-bb98-03464b839487-0,,,follow-alpha-raone,2024-06-21 18:00:34,follow-release-date-2011-10-26,follow-follow-date-1718992834,9360,2011-10-26 00:00:00,रा.वन,movie,follow,1640ead7-1e36-46e0-bb98-03464b839487,2024-06-21 18:00:34,,,,
75184478,follow-16429a63-235f-43a9-a99c-3e0e94a1bcf6-0,,,follow-alpha-you-should-have-left,2024-05-26 14:54:33,follow-release-date-2020-06-19,follow-follow-date-1716735273,5580,2020-06-19 00:00:00,You Should Have Left,movie,follow,16429a63-235f-43a9-a99c-3e0e94a1bcf6,2024-05-26 14:54:33,,,,
75184478,follow-16e91281-6914-47f5-aeb9-ed9633aded3d-0,,,follow-alpha-puss-in-boots-the-last-wish,2025-08-21 20:21:14,follow-release-date-2022-12-22,follow-follow-date-1755807674,6180,2022-12-22 00:00:00,Puss in Boots: The Last Wish,movie,follow,16e91281-6914-47f5-aeb9-ed9633aded3d,2025-08-21 20:21:14,,,,
75184478,follow-178f2d24-5ddc-482c-a841-22b0044a6edd-0,,,follow-alpha-unfriended-dark-web,2025-01-26 10:19:37,follow-release-date-2018-12-28,follow-follow-date-1737886777,5580,2018-12-28 00:00:00,Unfriended: Dark Web,movie,follow,178f2d24-5ddc-482c-a841-22b0044a6edd,2025-01-26 10:19:37,,,,
75184478,follow-17feea36-5fa0-4d15-8f1c-3542b376e80a-0,,,follow-alpha-wasted-chef,2026-06-14 04:49:46,follow-release-date-tbd,follow-follow-date-1781412586,,,Wasted Chef,movie,follow,17feea36-5fa0-4d15-8f1c-3542b376e80a,2026-06-14 04:49:46,,,,
75184478,follow-1828cbda-edee-4a09-af91-706a3fc6d2fd-0,,,follow-alpha-despicable-me-4,2024-12-28 16:01:21,follow-release-date-2024-07-12,follow-follow-date-1735401681,5700,2024-07-12 00:00:00,Despicable Me 4,movie,follow,1828cbda-edee-4a09-af91-706a3fc6d2fd,2024-12-28 16:01:21,,,,
75184478,follow-1854e2b9-2c28-4999-aedc-4cb212c700f7-0,,,follow-alpha-doctor-strange-in-the-multiverse-of-madness,2024-06-21 18:03:57,follow-release-date-2022-05-05,follow-follow-date-1718993037,7620,2022-05-05 00:00:00,Doctor Strange in the Multiverse of Madness,movie,follow,1854e2b9-2c28-4999-aedc-4cb212c700f7,2024-06-21 18:03:57,,,,
75184478,follow-18b655c1-842f-4e99-8333-1e6606593226-0,,,follow-alpha-race-gurram,2024-11-05 11:34:26,follow-release-date-2014-04-11,follow-follow-date-1730806466,9720,2014-04-11 00:00:00,Race Gurram,movie,follow,18b655c1-842f-4e99-8333-1e6606593226,2024-11-05 11:34:26,,,,
75184478,follow-19715abe-817e-424f-8caa-2d6f13165f2d-0,,,follow-alpha-iron-man,2024-05-13 13:12:19,follow-release-date-2008-05-02,follow-follow-date-1715605939,7560,2008-05-02 00:00:00,Iron Man,movie,follow,19715abe-817e-424f-8caa-2d6f13165f2d,2024-05-13 13:12:19,,,,
75184478,follow-19ec044d-4bbd-4407-8328-36cb482de8f5-0,,,follow-alpha-bodyguard,2024-06-21 17:59:57,follow-release-date-2011-08-31,follow-follow-date-1718992797,7800,2011-08-31 00:00:00,Bodyguard,movie,follow,19ec044d-4bbd-4407-8328-36cb482de8f5,2024-06-21 17:59:57,,,,
75184478,follow-1b521cc2-2d48-46c9-871d-ddfc99545504-0,,,follow-alpha-fast-five,2025-04-10 10:24:35,follow-release-date-2011-05-04,follow-follow-date-1744280675,7800,2011-05-04 00:00:00,Fast Five,movie,follow,1b521cc2-2d48-46c9-871d-ddfc99545504,2025-04-10 10:24:35,,,,
75184478,follow-1b797503-88d1-49f0-825a-70915c42cf5e-0,,,follow-alpha-transformers-age-of-extinction,2025-12-16 10:34:57,follow-release-date-2014-07-16,follow-follow-date-1765881297,9840,2014-07-16 00:00:00,Transformers: Age of Extinction,movie,follow,1b797503-88d1-49f0-825a-70915c42cf5e,2025-12-16 10:34:57,,,,
75184478,follow-1d3702a3-2863-408a-bfd8-5c8d15b5e623-0,,,follow-alpha-iron-man-3,2023-12-22 06:39:23,follow-release-date-2013-04-26,follow-follow-date-1703227163,,2013-04-26 00:00:00,Iron Man 3,movie,follow,1d3702a3-2863-408a-bfd8-5c8d15b5e623,2023-12-22 06:39:23,0,,,
75184478,follow-1e12befa-6ea3-4606-96d3-519ac78e538d-0,,,follow-alpha-revenge,2024-06-05 11:51:26,follow-release-date-2019-03-08,follow-follow-date-1717588286,7080,2019-03-08 00:00:00,Revenge,movie,follow,1e12befa-6ea3-4606-96d3-519ac78e538d,2024-06-05 11:51:26,,,,
75184478,follow-1f2963f9-04f9-4cdc-a90f-40e78eb729f4-0,,,follow-alpha-ti-saddhya-kay-karte,2025-05-23 18:19:58,follow-release-date-2017-01-06,follow-follow-date-1748024398,7620,2017-01-06 00:00:00,Ti Saddhya Kay Karte,movie,follow,1f2963f9-04f9-4cdc-a90f-40e78eb729f4,2025-05-23 18:19:58,,,,
75184478,follow-1fcd26e2-130f-4cd5-914a-201f2074e9e6-0,,,follow-alpha-kingsman-the-golden-circle,2023-12-22 12:15:01,follow-release-date-2017-09-20,follow-follow-date-1703247301,8460,2017-09-20 00:00:00,Kingsman: The Golden Circle,movie,follow,1fcd26e2-130f-4cd5-914a-201f2074e9e6,2023-12-22 12:15:01,,,,
75184478,follow-20ca6bf7-8b52-47fe-89d9-8a6732f73421-0,,,follow-alpha-from-the-world-of-john-wick-ballerina,2025-05-23 09:10:06,follow-release-date-2025-06-05,follow-follow-date-1747991406,,2025-06-05 00:00:00,Ballerina,movie,follow,20ca6bf7-8b52-47fe-89d9-8a6732f73421,2025-05-23 09:10:06,,,,
75184478,follow-217b7fd0-cae6-48bf-b430-b66443185509-0,,,follow-alpha-howl's-moving-castle,2024-12-09 09:19:43,follow-release-date-2004-11-20,follow-follow-date-1733735983,7140,2004-11-20 00:00:00,ハウルの動く城,movie,follow,217b7fd0-cae6-48bf-b430-b66443185509,2024-12-09 09:19:43,,,,
75184478,follow-22176d25-7e60-4fe4-9318-84c7d82a117a-0,,,follow-alpha-the-family-star,2025-05-10 07:59:11,follow-release-date-2024-04-05,follow-follow-date-1746863951,9600,2024-04-05 00:00:00,ఫ్యామిలీ స్టార్,movie,follow,22176d25-7e60-4fe4-9318-84c7d82a117a,2025-05-10 07:59:11,,,,
75184478,follow-22e5ea55-f522-415a-a870-66b3b4d3c4ae-0,,,follow-alpha-pirates-of-the-caribbean-dead-men-tell-no-tales,2023-12-22 06:39:23,follow-release-date-2017-05-24,follow-follow-date-1703227163,,2017-05-24 00:00:00,Pirates of the Caribbean: Dead Men Tell No Tales,movie,follow,22e5ea55-f522-415a-a870-66b3b4d3c4ae,2023-12-22 06:39:23,0,,,
75184478,follow-2497dab7-fcd2-4399-a398-9b7dd2ba3260-0,,,follow-alpha-i-want-to-eat-your-pancreas,2023-12-22 07:02:07,follow-release-date-2019-01-21,follow-follow-date-1703228527,6480,2019-01-21 00:00:00,君の膵臓をたべたい,movie,follow,2497dab7-fcd2-4399-a398-9b7dd2ba3260,2023-12-22 07:02:07,,,,
75184478,follow-258ddcaf-5de9-4f9c-ac42-152c60286c1c-0,,,follow-alpha-temper,2024-11-05 11:39:33,follow-release-date-2015-02-13,follow-follow-date-1730806773,8820,2015-02-13 00:00:00,Temper,movie,follow,258ddcaf-5de9-4f9c-ac42-152c60286c1c,2024-11-05 11:39:33,,,,
75184478,follow-25d72184-f66a-4965-a647-8cbd74c2db59-0,,,follow-alpha-demon-slayer--kimetsu-no-yaiba--the-movie-mugen-train,2024-05-13 13:20:39,follow-release-date-2022-12-09,follow-follow-date-1715606439,7020,2022-12-09 00:00:00,劇場版「鬼滅の刃」 無限列車編,movie,follow,25d72184-f66a-4965-a647-8cbd74c2db59,2024-05-13 13:20:39,,,,
75184478,follow-27fa3d0c-a2cb-47f7-b23e-dda689eaeca5-0,,,follow-alpha-furious-7,2025-04-12 04:16:09,follow-release-date-2015-04-03,follow-follow-date-1744431369,8220,2015-04-03 00:00:00,Furious 7,movie,follow,27fa3d0c-a2cb-47f7-b23e-dda689eaeca5,2025-04-12 04:16:09,,,,
75184478,follow-2812e25d-664a-48a3-99e6-983d62a97215-0,,,follow-alpha-a-match-made-by-god,2024-06-21 18:00:55,follow-release-date-2008-12-11,follow-follow-date-1718992855,10020,2008-12-11 00:00:00,A Match Made By God,movie,follow,2812e25d-664a-48a3-99e6-983d62a97215,2024-06-21 18:00:55,,,,
75184478,follow-28a004a3-ccb3-4e0b-8567-876daf0b132a-0,,,follow-alpha-jersey,2024-11-05 11:39:23,follow-release-date-2019-04-19,follow-follow-date-1730806763,9000,2019-04-19 00:00:00,Jersey,movie,follow,28a004a3-ccb3-4e0b-8567-876daf0b132a,2024-11-05 11:39:23,,,,
75184478,follow-29325fae-877b-4c14-bd06-deb1cd4ee18d-0,,,follow-alpha-sonic-the-hedgehog-2,2025-01-26 11:36:44,follow-release-date-2022-04-22,follow-follow-date-1737891404,7440,2022-04-22 00:00:00,Sonic the Hedgehog 2,movie,follow,29325fae-877b-4c14-bd06-deb1cd4ee18d,2025-01-26 11:36:44,,,,
75184478,follow-296188ad-0e0f-439b-976c-6c003001fc3e-0,,,follow-alpha-rascal-does-not-dream-of-a-dreaming-girl,2025-06-17 10:45:32,follow-release-date-2019-10-02,follow-follow-date-1750157132,5400,2019-10-02 00:00:00,青春ブタ野郎はゆめみる少女の夢を見ない,movie,follow,296188ad-0e0f-439b-976c-6c003001fc3e,2025-06-17 10:45:32,,,,
75184478,follow-29ca32e3-bc48-4214-ae53-bd035a4c6a0d-0,,,follow-alpha-naruto-shippuden-the-movie-blood-prison,2023-12-22 06:51:36,follow-release-date-2011-07-30,follow-follow-date-1703227896,6480,2011-07-30 00:00:00,劇場版 NARUTO -ナルト- ブラッド・プリズン,movie,follow,29ca32e3-bc48-4214-ae53-bd035a4c6a0d,2023-12-22 06:51:36,,,,
75184478,follow-29d4a9a1-6d12-4428-aae7-857194f69951-0,,,follow-alpha-kung-fu-panda,2023-12-22 12:14:26,follow-release-date-2008-06-04,follow-follow-date-1703247266,5700,2008-06-04 00:00:00,Kung Fu Panda,movie,follow,29d4a9a1-6d12-4428-aae7-857194f69951,2023-12-22 12:14:26,,,,
75184478,follow-29f4e554-11c9-457a-8466-b2cd957d7e9a-0,,,follow-alpha-pokémon-detective-pikachu,2024-05-13 13:18:37,follow-release-date-2019-05-10,follow-follow-date-1715606317,6300,2019-05-10 00:00:00,Pokémon Detective Pikachu,movie,follow,29f4e554-11c9-457a-8466-b2cd957d7e9a,2024-05-13 13:18:37,,,,
75184478,follow-2ae08d2a-b74c-4524-bd18-7027dc52ecdd-0,,,follow-alpha-maharshi,2024-10-09 02:21:02,follow-release-date-2019-05-09,follow-follow-date-1728440462,10560,2019-05-09 00:00:00,Maharshi,movie,follow,2ae08d2a-b74c-4524-bd18-7027dc52ecdd,2024-10-09 02:21:02,,,,
75184478,follow-2b0e4b37-ec05-4889-9b44-5488d2db6768-0,,,follow-alpha-barfi,2024-06-21 17:59:44,follow-release-date-2012-09-13,follow-follow-date-1718992784,9060,2012-09-13 00:00:00,बर्फी!,movie,follow,2b0e4b37-ec05-4889-9b44-5488d2db6768,2024-06-21 17:59:44,,,,
75184478,follow-2b5e8976-9b03-4294-9583-1d5ef72452fc-0,,,follow-alpha-john-wick-chapter-2,2025-04-25 13:10:56,follow-release-date-2017-02-17,follow-follow-date-1745586656,7320,2017-02-17 00:00:00,John Wick: Chapter 2,movie,follow,2b5e8976-9b03-4294-9583-1d5ef72452fc,2025-04-25 13:10:56,,,,
75184478,follow-2ba51e66-da1c-4264-9779-fe69458ef567-0,,,follow-alpha-ala-vaikunthapurramuloo,2024-11-05 11:34:07,follow-release-date-2020-01-12,follow-follow-date-1730806447,9900,2020-01-12 00:00:00,Ala Vaikunthapurramuloo,movie,follow,2ba51e66-da1c-4264-9779-fe69458ef567,2024-11-05 11:34:07,,,,
75184478,follow-2c41a188-b550-44be-bb6b-c0d1c9604744-0,,,follow-alpha-harry-potter-and-the-deathly-hallows-part-2,2023-12-22 06:39:23,follow-release-date-2011-07-15,follow-follow-date-1703227163,,2011-07-15 00:00:00,Harry Potter and the Deathly Hallows: Part 2,movie,follow,2c41a188-b550-44be-bb6b-c0d1c9604744,2023-12-22 06:39:23,0,,,
75184478,follow-2d2dc01a-6d9b-48e3-91fc-dc21966e80d7-0,,,follow-alpha-moana,2025-06-09 18:53:42,follow-release-date-2026-07-08,follow-follow-date-1749495222,,2026-07-08 00:00:00,Moana,movie,follow,2d2dc01a-6d9b-48e3-91fc-dc21966e80d7,2025-06-09 18:53:42,,,,
75184478,follow-2e233b31-2316-4797-bcc0-b03deb63e1e7-0,,,follow-alpha-jumanji-3,2025-06-09 18:53:29,follow-release-date-2026-12-11,follow-follow-date-1749495209,,2026-12-11 00:00:00,Jumanji 3,movie,follow,2e233b31-2316-4797-bcc0-b03deb63e1e7,2025-06-09 18:53:29,,,,
75184478,follow-2e2df8d6-a4a8-4dcc-b713-4c6de8293c61-0,,,follow-alpha-with-love,2026-06-05 13:59:10,follow-release-date-2026-02-06,follow-follow-date-1780667950,8460,2026-02-06 00:00:00,வித் லவ்,movie,follow,2e2df8d6-a4a8-4dcc-b713-4c6de8293c61,2026-06-05 13:59:10,,,,
75184478,follow-2e37dcb6-fbcf-46ca-a0ed-25b7c8609a6d-0,,,follow-alpha-final-destination-5,2025-03-31 21:57:54,follow-release-date-2011-08-12,follow-follow-date-1743458274,5520,2011-08-12 00:00:00,Final Destination 5,movie,follow,2e37dcb6-fbcf-46ca-a0ed-25b7c8609a6d,2025-03-31 21:57:54,,,,
75184478,follow-2f0e0702-f693-4adb-a0e0-1e175483cfae-0,,,follow-alpha-ice-age-dawn-of-the-dinosaurs,2023-12-22 12:53:23,follow-release-date-2009-07-03,follow-follow-date-1703249603,5640,2009-07-03 00:00:00,Ice Age: Dawn of the Dinosaurs,movie,follow,2f0e0702-f693-4adb-a0e0-1e175483cfae,2023-12-22 12:53:23,,,,
75184478,follow-2f6cfd70-9bc6-49f1-b8e7-469004bd11df-0,,,follow-alpha-spider-man-across-the-spider-verse,2023-12-22 10:07:59,follow-release-date-2023-06-01,follow-follow-date-1703239679,8400,2023-06-01 00:00:00,Spider-Man: Across the Spider-Verse,movie,follow,2f6cfd70-9bc6-49f1-b8e7-469004bd11df,2023-12-22 10:07:59,,,,
75184478,follow-2fab6ee7-c4fd-4b7b-8d75-b62f8c7d81a5-0,,,follow-alpha-men-in-black-3,2023-12-22 12:16:39,follow-release-date-2012-05-25,follow-follow-date-1703247399,8100,2012-05-25 00:00:00,Men in Black 3,movie,follow,2fab6ee7-c4fd-4b7b-8d75-b62f8c7d81a5,2023-12-22 12:16:39,,,,
75184478,follow-305e9f34-bbed-40e1-b865-51da5ef36203-0,,,follow-alpha-happy-raj,2026-06-06 14:44:46,follow-release-date-2026-03-27,follow-follow-date-1780757086,9540,2026-03-27 00:00:00,ஹேப்பி ராஜ்,movie,follow,305e9f34-bbed-40e1-b865-51da5ef36203,2026-06-06 14:44:46,,,,
75184478,follow-3067f4f8-c34d-4a10-a869-6c08557e869c-0,,,follow-alpha-deadpool,2024-08-17 03:50:29,follow-release-date-2016-02-10,follow-follow-date-1723866629,6480,2016-02-10 00:00:00,Deadpool,movie,follow,3067f4f8-c34d-4a10-a869-6c08557e869c,2024-08-17 03:50:29,,,,
75184478,follow-308c6fc7-4b21-4099-906d-ebfa6feb9192-0,,,follow-alpha-wrong-turn-4-bloody-beginnings,2025-10-25 11:50:58,follow-release-date-2011-10-17,follow-follow-date-1761393058,5580,2011-10-17 00:00:00,Wrong Turn 4: Bloody Beginnings,movie,follow,308c6fc7-4b21-4099-906d-ebfa6feb9192,2025-10-25 11:50:58,,,,
75184478,follow-30f28d95-c563-41f8-9deb-1bb0e754aee8-0,,,follow-alpha-kaatteri,2025-03-16 02:56:14,follow-release-date-2021-01-01,follow-follow-date-1742093774,7260,2021-01-01 00:00:00,Kaatteri,movie,follow,30f28d95-c563-41f8-9deb-1bb0e754aee8,2025-03-16 02:56:14,,,,
75184478,follow-30f3a523-d7a2-4999-8c54-893b2cf11937-0,,,follow-alpha-the-mummy,2024-05-13 13:21:23,follow-release-date-1999-06-25,follow-follow-date-1715606483,7500,1999-06-25 00:00:00,The Mummy,movie,follow,30f3a523-d7a2-4999-8c54-893b2cf11937,2024-05-13 13:21:23,,,,
75184478,follow-312ddc6d-e5f0-4d0c-b75b-c39a81175917-0,,,follow-alpha-sarrainodu,2024-11-05 11:38:47,follow-release-date-2016-04-08,follow-follow-date-1730806727,9660,2016-04-08 00:00:00,Sarrainodu,movie,follow,312ddc6d-e5f0-4d0c-b75b-c39a81175917,2024-11-05 11:38:47,,,,
75184478,follow-3191c53d-8276-4a3a-8200-7b282f8c2af8-0,,,follow-alpha-dangal,2024-11-05 11:42:26,follow-release-date-2016-12-23,follow-follow-date-1730806946,9660,2016-12-23 00:00:00,दंगल,movie,follow,3191c53d-8276-4a3a-8200-7b282f8c2af8,2024-11-05 11:42:26,,,,
75184478,follow-35247af8-826e-4638-8436-991044111a00-0,,,follow-alpha-geetha-govindam,2024-11-05 11:34:42,follow-release-date-2018-08-15,follow-follow-date-1730806482,8880,2018-08-15 00:00:00,Geetha Govindam,movie,follow,35247af8-826e-4638-8436-991044111a00,2024-11-05 11:34:42,,,,
75184478,follow-3577ca1c-ee06-4e71-b380-5b98697c50cb-0,,,follow-alpha-captain-america-the-winter-soldier,2024-05-13 13:12:54,follow-release-date-2014-03-28,follow-follow-date-1715605974,8160,2014-03-28 00:00:00,Captain America: The Winter Soldier,movie,follow,3577ca1c-ee06-4e71-b380-5b98697c50cb,2024-05-13 13:12:54,,,,
75184478,follow-35d392d8-8616-4be4-a2cd-4122781a4090-0,,,follow-alpha-finding-nemo,2023-12-22 06:39:23,follow-release-date-2003-12-05,follow-follow-date-1703227163,,2003-12-05 00:00:00,Finding Nemo,movie,follow,35d392d8-8616-4be4-a2cd-4122781a4090,2023-12-22 06:39:23,0,,,
75184478,follow-36fe4361-a182-4992-a439-5bfa03124ddc-0,,,follow-alpha-mission-impossible-–-fallout,2025-09-29 05:01:01,follow-release-date-2018-07-26,follow-follow-date-1759122061,8820,2018-07-26 00:00:00,Mission: Impossible – Fallout,movie,follow,36fe4361-a182-4992-a439-5bfa03124ddc,2025-09-29 05:01:01,,,,
75184478,follow-377b5958-f7f1-4436-bfb6-c5ac0d3900c4-0,,,follow-alpha-wonder-woman,2026-01-20 13:33:19,follow-release-date-2017-06-23,follow-follow-date-1768915999,8460,2017-06-23 00:00:00,Wonder Woman,movie,follow,377b5958-f7f1-4436-bfb6-c5ac0d3900c4,2026-01-20 13:33:19,,,,
75184478,follow-37a25045-d72e-4c7f-9400-19dcf8eb8b6c-0,,,follow-alpha-spider-man-3,2023-12-22 10:07:52,follow-release-date-2007-05-04,follow-follow-date-1703239672,8340,2007-05-04 00:00:00,Spider-Man 3,movie,follow,37a25045-d72e-4c7f-9400-19dcf8eb8b6c,2023-12-22 10:07:52,,,,
75184478,follow-38dbb85c-10a1-44d1-a244-26abd9c7dc5a-0,,,follow-alpha-kabhi-khushi-kabhie-gham,2024-12-28 16:18:22,follow-release-date-2001-12-14,follow-follow-date-1735402702,12600,2001-12-14 00:00:00,कभी खुशी कभी ग़म...,movie,follow,38dbb85c-10a1-44d1-a244-26abd9c7dc5a,2024-12-28 16:18:22,,,,
75184478,follow-39015588-a5e4-4258-a1d7-4ec55664ff42-0,,,follow-alpha-cars,2023-12-22 12:53:53,follow-release-date-2006-06-14,follow-follow-date-1703249633,7020,2006-06-14 00:00:00,Cars,movie,follow,39015588-a5e4-4258-a1d7-4ec55664ff42,2023-12-22 12:53:53,,,,
75184478,follow-3a7b9439-6436-4ce5-9c5d-69f71462d02e-0,,,follow-alpha-salaar-part-1---ceasefire,2023-12-26 09:27:26,follow-release-date-2023-12-22,follow-follow-date-1703582846,10500,2023-12-22 00:00:00,సలార్: పార్ట్‌ 1 – సీజ్‌ఫైర్‌,movie,follow,3a7b9439-6436-4ce5-9c5d-69f71462d02e,2023-12-26 09:27:26,,,,
75184478,follow-3b99d0a0-25d7-4eda-a8c6-5d1875666df2-0,,,follow-alpha-demon-slayer-kimetsu-no-yaiba---infinity-castle-2,2024-07-13 12:42:19,follow-release-date-tbd,follow-follow-date-1720874539,,,劇場版「鬼滅の刃」無限城編 2 ,movie,follow,3b99d0a0-25d7-4eda-a8c6-5d1875666df2,2024-07-13 12:42:19,,,,
75184478,follow-3c0765b2-6958-401e-93eb-58ddaedf2e33-0,,,follow-alpha-cars-3,2024-05-13 13:21:50,follow-release-date-2017-07-14,follow-follow-date-1715606510,6540,2017-07-14 00:00:00,Cars 3,movie,follow,3c0765b2-6958-401e-93eb-58ddaedf2e33,2024-05-13 13:21:50,,,,
75184478,follow-3c19bd5e-8afe-4a00-b9e0-68fbf3cac295-0,,,follow-alpha-5-centimeters-per-second,2024-07-28 03:45:50,follow-release-date-2007-06-21,follow-follow-date-1722138350,3720,2007-06-21 00:00:00,秒速5センチメートル,movie,follow,3c19bd5e-8afe-4a00-b9e0-68fbf3cac295,2024-07-28 03:45:50,,,,
75184478,follow-3d07c0c7-97cf-4106-b550-08a7379934c9-0,,,follow-alpha-the-rajasaab,2026-03-28 19:18:59,follow-release-date-2026-01-09,follow-follow-date-1774725539,11700,2026-01-09 00:00:00,ది రాజాసాబ్,movie,follow,3d07c0c7-97cf-4106-b550-08a7379934c9,2026-03-28 19:18:59,,,,
75184478,follow-3d32fdb8-f575-4299-a73d-a964076a587a-0,,,follow-alpha-stand-by-me-doraemon,2023-12-22 07:45:25,follow-release-date-2015-05-28,follow-follow-date-1703231125,5640,2015-05-28 00:00:00,STAND BY ME ドラえもん,movie,follow,3d32fdb8-f575-4299-a73d-a964076a587a,2023-12-22 07:45:25,,,,
75184478,follow-3d7fc63e-c360-48cd-8ba9-01786ce76809-0,,,follow-alpha-passengers,2024-05-13 13:19:41,follow-release-date-2016-12-30,follow-follow-date-1715606381,6960,2016-12-30 00:00:00,Passengers,movie,follow,3d7fc63e-c360-48cd-8ba9-01786ce76809,2024-05-13 13:19:41,,,,
75184478,follow-3d914e7d-1718-45c3-ad42-689573bc0d38-0,,,follow-alpha-batman-v-superman-dawn-of-justice,2026-01-16 12:59:05,follow-release-date-2016-03-23,follow-follow-date-1768568345,9060,2016-03-23 00:00:00,Batman v Superman: Dawn of Justice,movie,follow,3d914e7d-1718-45c3-ad42-689573bc0d38,2026-01-16 12:59:05,,,,
75184478,follow-3e9efaa3-41f7-4380-9ed5-9541537b63aa-0,,,follow-alpha-thor,2023-12-22 06:39:23,follow-release-date-2011-04-29,follow-follow-date-1703227163,,2011-04-29 00:00:00,Thor,movie,follow,3e9efaa3-41f7-4380-9ed5-9541537b63aa,2023-12-22 06:39:23,0,,,
75184478,follow-3ec752c2-6673-43b0-8c3d-d093895984e2-0,,,follow-alpha-hridayam,2026-06-06 14:45:05,follow-release-date-2022-01-21,follow-follow-date-1780757105,10320,2022-01-21 00:00:00,Hridayam,movie,follow,3ec752c2-6673-43b0-8c3d-d093895984e2,2026-06-06 14:45:05,,,,
75184478,follow-3f0c0923-30b6-4d07-b371-12642a2d0da1-0,,,follow-alpha-the-last-naruto-the-movie,2023-12-22 06:51:33,follow-release-date-2014-12-06,follow-follow-date-1703227893,6840,2014-12-06 00:00:00,THE LAST -NARUTO THE MOVIE-,movie,follow,3f0c0923-30b6-4d07-b371-12642a2d0da1,2023-12-22 06:51:33,,,,
75184478,follow-3f3601ce-80dc-4569-80b3-16027a061c4b-0,,,follow-alpha-mission-impossible-–-ghost-protocol,2025-09-29 05:00:33,follow-release-date-2012-01-28,follow-follow-date-1759122033,7980,2012-01-28 00:00:00,Mission: Impossible – Ghost Protocol,movie,follow,3f3601ce-80dc-4569-80b3-16027a061c4b,2025-09-29 05:00:33,,,,
75184478,follow-3fd9af83-4e96-4111-be74-7a87ba81bb25-0,,,follow-alpha-final-destination,2025-03-31 21:57:35,follow-release-date-2000-05-19,follow-follow-date-1743458255,5880,2000-05-19 00:00:00,Final Destination,movie,follow,3fd9af83-4e96-4111-be74-7a87ba81bb25,2025-03-31 21:57:35,,,,
75184478,follow-40b1a8ca-b35c-451f-9dfd-2c4186bae401-0,,,follow-alpha-guardians-of-the-galaxy-vol-3,2024-05-13 13:16:32,follow-release-date-2023-05-04,follow-follow-date-1715606192,9000,2023-05-04 00:00:00,Guardians of the Galaxy Vol. 3,movie,follow,40b1a8ca-b35c-451f-9dfd-2c4186bae401,2024-05-13 13:16:32,,,,
75184478,follow-40d1c6cb-a2eb-4a98-937e-18bb9bcc321d-0,,,follow-alpha-sherlock-the-abominable-bride,2024-06-04 18:24:47,follow-release-date-2016-01-01,follow-follow-date-1717525487,5700,2016-01-01 00:00:00,Sherlock: The Abominable Bride,movie,follow,40d1c6cb-a2eb-4a98-937e-18bb9bcc321d,2024-06-04 18:24:47,,,,
75184478,follow-4146ef56-e632-412a-a26d-214df7e44fb3-0,,,follow-alpha-animal,2024-01-28 04:13:48,follow-release-date-2023-12-01,follow-follow-date-1706415228,12060,2023-12-01 00:00:00,एनिमल,movie,follow,4146ef56-e632-412a-a26d-214df7e44fb3,2024-01-28 04:13:48,,,,
75184478,follow-41a4d4ab-4660-4afe-8c14-a202b0288ff8-0,,,follow-alpha-hey-sinamika,2024-05-18 09:39:11,follow-release-date-2022-03-03,follow-follow-date-1716025151,8940,2022-03-03 00:00:00,ஹே சினாமிகா,movie,follow,41a4d4ab-4660-4afe-8c14-a202b0288ff8,2024-05-18 09:39:11,,,,
75184478,follow-42814c39-07fe-4c44-a315-0ba14342384f-0,,,follow-alpha-f9,2025-04-12 04:16:37,follow-release-date-2021-07-02,follow-follow-date-1744431397,8700,2021-07-02 00:00:00,F9,movie,follow,42814c39-07fe-4c44-a315-0ba14342384f,2025-04-12 04:16:37,,,,
75184478,follow-42e59f81-adda-40ff-884d-3cecdd92988a-0,,,follow-alpha-dragon-nest-warriors'-dawn,2025-09-04 10:02:52,follow-release-date-2014-05-14,follow-follow-date-1756980172,7200,2014-05-14 00:00:00,Dragon Nest: Warriors' Dawn,movie,follow,42e59f81-adda-40ff-884d-3cecdd92988a,2025-09-04 10:02:52,,,,
75184478,follow-43e92f62-f10b-4974-8012-65302885a79b-0,,,follow-alpha-despicable-me-3,2024-05-13 13:22:00,follow-release-date-2017-06-30,follow-follow-date-1715606520,5760,2017-06-30 00:00:00,Despicable Me 3,movie,follow,43e92f62-f10b-4974-8012-65302885a79b,2024-05-13 13:22:00,,,,
75184478,follow-449a7521-8df2-429b-ba6e-f8b9510fec60-0,,,follow-alpha-solo-leveling-reawakening,2024-12-31 12:41:33,follow-release-date-2024-12-05,follow-follow-date-1735648893,7500,2024-12-05 00:00:00,俺だけレベルアップな件 -ReAwakening-,movie,follow,449a7521-8df2-429b-ba6e-f8b9510fec60,2024-12-31 12:41:33,,,,
75184478,follow-44d2795f-61f5-43fb-9564-1a5d38ea7189-0,,,follow-alpha-naruto-shippuden-the-movie,2023-12-22 06:51:34,follow-release-date-2007-08-04,follow-follow-date-1703227894,5700,2007-08-04 00:00:00,劇場版 NARUTO -ナルト- 疾風伝,movie,follow,44d2795f-61f5-43fb-9564-1a5d38ea7189,2023-12-22 06:51:34,,,,
75184478,follow-4599fa08-aeb9-4b2b-bf7d-5091d4bb0463-0,,,follow-alpha-table-no-21,2024-07-28 14:09:16,follow-release-date-2013-01-03,follow-follow-date-1722175756,,2013-01-03 00:00:00,Table No. 21,movie,follow,4599fa08-aeb9-4b2b-bf7d-5091d4bb0463,2024-07-28 14:09:16,,,,
75184478,follow-46aa618c-b22a-423b-82e5-f362742a476b-0,,,follow-alpha-pk,2024-12-09 09:18:14,follow-release-date-2014-12-19,follow-follow-date-1733735894,9180,2014-12-19 00:00:00,पीके,movie,follow,46aa618c-b22a-423b-82e5-f362742a476b,2024-12-09 09:18:14,,,,
75184478,follow-4732ede8-6cbd-4a9e-b62c-1f2e11515c2f-0,,,follow-alpha-sherlock-holmes,2024-06-04 18:24:37,follow-release-date-2010-02-03,follow-follow-date-1717525477,7680,2010-02-03 00:00:00,Sherlock Holmes,movie,follow,4732ede8-6cbd-4a9e-b62c-1f2e11515c2f,2024-06-04 18:24:37,,,,
75184478,follow-480032ef-e2f2-4d4a-804b-edb08e08ff79-0,,,follow-alpha-avengers-age-of-ultron,2024-05-13 13:12:29,follow-release-date-2015-04-23,follow-follow-date-1715605949,8460,2015-04-23 00:00:00,Avengers: Age of Ultron,movie,follow,480032ef-e2f2-4d4a-804b-edb08e08ff79,2024-05-13 13:12:29,,,,
75184478,follow-4859d0a1-bb82-4710-9f52-69520bb0f7af-0,,,follow-alpha-fast-x,2025-04-12 04:16:52,follow-release-date-2023-05-19,follow-follow-date-1744431412,8460,2023-05-19 00:00:00,Fast X,movie,follow,4859d0a1-bb82-4710-9f52-69520bb0f7af,2025-04-12 04:16:52,,,,
75184478,follow-48bf77c3-9ecb-4c12-acaf-7d1830b116a6-0,,,follow-alpha-john-wick,2025-04-25 13:10:47,follow-release-date-2015-01-22,follow-follow-date-1745586647,6060,2015-01-22 00:00:00,John Wick,movie,follow,48bf77c3-9ecb-4c12-acaf-7d1830b116a6,2025-04-25 13:10:47,,,,
75184478,follow-4929b925-6c6d-4bad-979a-b53e4ecfa486-0,,,follow-alpha-mission-impossible-–-rogue-nation,2025-09-29 05:01:08,follow-release-date-2015-09-08,follow-follow-date-1759122068,7920,2015-09-08 00:00:00,Mission: Impossible – Rogue Nation,movie,follow,4929b925-6c6d-4bad-979a-b53e4ecfa486,2025-09-29 05:01:08,,,,
75184478,follow-4a870a10-8d3c-42cd-9d1f-562d853e83b4-0,,,follow-alpha-taare-zameen-par,2024-12-09 09:18:08,follow-release-date-2007-12-21,follow-follow-date-1733735888,9900,2007-12-21 00:00:00,तारे ज़मीन पर,movie,follow,4a870a10-8d3c-42cd-9d1f-562d853e83b4,2024-12-09 09:18:08,,,,
75184478,follow-4aabf649-673d-4453-a6bb-73ad212e8037-0,,,follow-alpha-bullet-train,2025-06-21 12:23:32,follow-release-date-2022-08-04,follow-follow-date-1750508612,7620,2022-08-04 00:00:00,Bullet Train,movie,follow,4aabf649-673d-4453-a6bb-73ad212e8037,2025-06-21 12:23:32,,,,
75184478,follow-4b67a3f0-96d1-45bd-94eb-a370ab3b2f24-0,,,follow-alpha-one-piece-film-z,2023-12-22 07:47:29,follow-release-date-2012-12-15,follow-follow-date-1703231249,6480,2012-12-15 00:00:00,ワンピース フィルム ゼット,movie,follow,4b67a3f0-96d1-45bd-94eb-a370ab3b2f24,2023-12-22 07:47:29,,,,
75184478,follow-4b9a7d19-1da3-443c-a2a5-4d50c43c9324-0,,,follow-alpha-backrooms,2026-06-15 17:39:46,follow-release-date-2026-05-27,follow-follow-date-1781545186,6600,2026-05-27 00:00:00,Backrooms,movie,follow,4b9a7d19-1da3-443c-a2a5-4d50c43c9324,2026-06-15 17:39:46,,,,
75184478,follow-4c096343-1bb1-4a4d-b4da-0e0bcef6d7a1-0,,,follow-alpha-summer-ghost,2023-12-22 07:02:57,follow-release-date-2021-11-12,follow-follow-date-1703228577,2400,2021-11-12 00:00:00,サマーゴースト,movie,follow,4c096343-1bb1-4a4d-b4da-0e0bcef6d7a1,2023-12-22 07:02:57,,,,
75184478,follow-4c36fc38-a994-40c2-b1ca-7278d7f28d40-0,,,follow-alpha-naruto-shippuden-the-movie-bonds,2023-12-22 06:51:38,follow-release-date-2008-08-02,follow-follow-date-1703227898,5400,2008-08-02 00:00:00,劇場版 NARUTO -ナルト- 疾風伝 絆,movie,follow,4c36fc38-a994-40c2-b1ca-7278d7f28d40,2023-12-22 06:51:38,,,,
75184478,follow-4d91da4a-1e30-41b0-85ac-8f529313c64d-0,,,follow-alpha-final-destination-bloodlines,2025-05-18 14:36:58,follow-release-date-2025-05-14,follow-follow-date-1747579018,6000,2025-05-14 00:00:00,Final Destination: Bloodlines,movie,follow,4d91da4a-1e30-41b0-85ac-8f529313c64d,2025-05-18 14:36:58,,,,
75184478,follow-4dba3a20-f39d-4a3d-a52c-8acba7a10604-0,,,follow-alpha-final-destination-2,2025-03-31 21:57:41,follow-release-date-2003-01-31,follow-follow-date-1743458261,5400,2003-01-31 00:00:00,Final Destination 2,movie,follow,4dba3a20-f39d-4a3d-a52c-8acba7a10604,2025-03-31 21:57:41,,,,
75184478,follow-4dc99da3-cdd6-42ff-a9c5-6ebd7743ae07-0,,,follow-alpha-truth-or-dare,2024-05-13 13:24:53,follow-release-date-2018-04-13,follow-follow-date-1715606693,6000,2018-04-13 00:00:00,Truth or Dare,movie,follow,4dc99da3-cdd6-42ff-a9c5-6ebd7743ae07,2024-05-13 13:24:53,,,,
75184478,follow-5069e5aa-fe60-4fd8-afe0-f896aee1a765-0,,,follow-alpha-star-wars-the-mandalorian-and-grogu,2026-06-24 12:43:48,follow-release-date-2026-05-21,follow-follow-date-1782305028,7920,2026-05-21 00:00:00,Star Wars: The Mandalorian and Grogu,movie,follow,5069e5aa-fe60-4fd8-afe0-f896aee1a765,2026-06-24 12:43:48,,,,
75184478,follow-50a43ea1-e70d-49f7-96b7-6bce5a72694b-0,,,follow-alpha-sherlock-holmes-3,2024-06-04 18:24:54,follow-release-date-tbd,follow-follow-date-1717525494,,,Sherlock Holmes 3,movie,follow,50a43ea1-e70d-49f7-96b7-6bce5a72694b,2024-06-04 18:24:54,,,,
75184478,follow-50d34979-caa3-42d8-9a24-12f62695e9e9-0,,,follow-alpha-28-days-later,2025-05-13 16:42:15,follow-release-date-2003-06-13,follow-follow-date-1747154535,6780,2003-06-13 00:00:00,28 Days Later,movie,follow,50d34979-caa3-42d8-9a24-12f62695e9e9,2025-05-13 16:42:15,,,,
75184478,follow-51556d43-e646-4fe2-aee4-63f4bd3b00df-0,,,follow-alpha-the-wind-guardians,2025-09-04 10:01:59,follow-release-date-2018-08-03,follow-follow-date-1756980119,6300,2018-08-03 00:00:00,风语咒,movie,follow,51556d43-e646-4fe2-aee4-63f4bd3b00df,2025-09-04 10:01:59,,,,
75184478,follow-5170f78f-b0df-487e-9402-e2ce9dce04ca-0,,,follow-alpha-the-empire-strikes-back,2025-12-19 17:35:15,follow-release-date-1980-12-10,follow-follow-date-1766165715,7440,1980-12-10 00:00:00,The Empire Strikes Back,movie,follow,5170f78f-b0df-487e-9402-e2ce9dce04ca,2025-12-19 17:35:15,,,,
75184478,follow-527adc31-6d16-4526-b122-50257353867a-0,,,follow-alpha-mission-impossible-iii,2025-09-29 05:00:22,follow-release-date-2006-07-20,follow-follow-date-1759122022,7560,2006-07-20 00:00:00,Mission: Impossible III,movie,follow,527adc31-6d16-4526-b122-50257353867a,2025-09-29 05:00:22,,,,
75184478,follow-537fb138-db2e-43e1-8878-fd8753cb564c-0,,,follow-alpha-beast,2024-06-21 18:03:42,follow-release-date-2022-04-13,follow-follow-date-1718993022,9720,2022-04-13 00:00:00,Beast,movie,follow,537fb138-db2e-43e1-8878-fd8753cb564c,2024-06-21 18:03:42,,,,
75184478,follow-539f3286-7666-42ef-816a-f6e69b37647b-0,,,follow-alpha-kgf-chapter-2,2024-06-21 18:03:04,follow-release-date-2022-04-14,follow-follow-date-1718992984,10080,2022-04-14 00:00:00,ಕೆ.ಜಿ.ಎಫ್: ಅಧ್ಯಾಯ ೨,movie,follow,539f3286-7666-42ef-816a-f6e69b37647b,2024-06-21 18:03:04,,,,
75184478,follow-541056d1-4da7-4435-aebc-11848ed442b9-0,,,follow-alpha-triangle,2025-02-04 01:39:03,follow-release-date-2009-10-16,follow-follow-date-1738633143,5940,2009-10-16 00:00:00,Triangle,movie,follow,541056d1-4da7-4435-aebc-11848ed442b9,2025-02-04 01:39:03,,,,
75184478,follow-55294da6-56da-4d4f-bf85-7a33a4a3124f-0,,,follow-alpha-ice-age-collision-course,2023-12-22 12:54:11,follow-release-date-2016-07-13,follow-follow-date-1703249651,5640,2016-07-13 00:00:00,Ice Age: Collision Course,movie,follow,55294da6-56da-4d4f-bf85-7a33a4a3124f,2023-12-22 12:54:11,,,,
75184478,follow-5705fc29-d2d9-4aba-947a-70434d5bdd4b-0,,,follow-alpha-the-mindfulness-movement,2024-11-05 11:34:00,follow-release-date-2020-04-10,follow-follow-date-1730806440,6060,2020-04-10 00:00:00,The Mindfulness Movement,movie,follow,5705fc29-d2d9-4aba-947a-70434d5bdd4b,2024-11-05 11:34:00,,,,
75184478,follow-576bd1ee-b887-4f13-816a-cc9adbdcc05d-0,,,follow-alpha-ultraman-rising,2025-09-04 09:50:29,follow-release-date-2024-06-14,follow-follow-date-1756979429,7260,2024-06-14 00:00:00,Ultraman: Rising,movie,follow,576bd1ee-b887-4f13-816a-cc9adbdcc05d,2025-09-04 09:50:29,,,,
75184478,follow-578c78b0-6510-46ec-b741-3f685d4f53d8-0,,,follow-alpha-jumanji-welcome-to-the-jungle,2023-12-22 07:23:15,follow-release-date-2017-12-21,follow-follow-date-1703229795,7140,2017-12-21 00:00:00,Jumanji: Welcome to the Jungle,movie,follow,578c78b0-6510-46ec-b741-3f685d4f53d8,2023-12-22 07:23:15,,,,
75184478,follow-58e24522-bc2d-43a5-bc4c-142388b82e95-0,,,follow-alpha-venom-the-last-dance,2024-08-24 06:34:20,follow-release-date-2024-10-23,follow-follow-date-1724481260,,2024-10-23 00:00:00,Venom: The Last Dance,movie,follow,58e24522-bc2d-43a5-bc4c-142388b82e95,2024-08-24 06:34:20,,,,
75184478,follow-5a0f949c-f5fb-475a-a895-2315d44bf666-0,,,follow-alpha-teri-baaton-mein-aisa-uljha-jiya,2025-05-01 09:12:12,follow-release-date-2024-02-09,follow-follow-date-1746090732,8460,2024-02-09 00:00:00,तेरी बातों में ऐसा उलझा जिया,movie,follow,5a0f949c-f5fb-475a-a895-2315d44bf666,2025-05-01 09:12:12,,,,
75184478,follow-5a432bdc-e493-410b-bee8-af93095c6fcf-0,,,follow-alpha-harry-potter-and-the-chamber-of-secrets,2023-12-22 06:39:23,follow-release-date-2002-12-06,follow-follow-date-1703227163,,2002-12-06 00:00:00,Harry Potter and the Chamber of Secrets,movie,follow,5a432bdc-e493-410b-bee8-af93095c6fcf,2023-12-22 06:39:23,0,,,
75184478,follow-5a572244-9ee5-4640-9251-44ee52a1680c-0,,,follow-alpha-laila-majnu,2026-03-23 13:27:41,follow-release-date-2018-09-07,follow-follow-date-1774272461,8340,2018-09-07 00:00:00,लैला-मजनू,movie,follow,5a572244-9ee5-4640-9251-44ee52a1680c,2026-03-23 13:27:41,,,,
75184478,follow-5b0db8fe-53f8-484e-80e6-db219eee3685-0,,,follow-alpha-the-martian,2025-05-05 12:44:42,follow-release-date-2015-10-16,follow-follow-date-1746449082,8640,2015-10-16 00:00:00,The Martian,movie,follow,5b0db8fe-53f8-484e-80e6-db219eee3685,2025-05-05 12:44:42,,,,
75184478,follow-5b5b35ef-735c-45b6-ae5a-e946691757f9-0,,,follow-alpha-mahavatar-narsimha,2025-09-25 12:14:04,follow-release-date-2025-07-25,follow-follow-date-1758802444,8460,2025-07-25 00:00:00,ಮಹಾವತಾರ ನರಸಿಂಹ,movie,follow,5b5b35ef-735c-45b6-ae5a-e946691757f9,2025-09-25 12:14:04,,,,
75184478,follow-5b655302-b0e4-413a-aa2e-3496056678e5-0,,,follow-alpha-rrr,2024-06-21 18:03:32,follow-release-date-2022-03-25,follow-follow-date-1718993012,11100,2022-03-25 00:00:00,ఆర్ఆర్ఆర్,movie,follow,5b655302-b0e4-413a-aa2e-3496056678e5,2024-06-21 18:03:32,,,,
75184478,follow-5edb6395-fd81-42d4-ac3a-02b7a9ef073f-0,,,follow-alpha-raincoat,2025-05-02 15:48:37,follow-release-date-2004-12-24,follow-follow-date-1746200917,7200,2004-12-24 00:00:00,Raincoat,movie,follow,5edb6395-fd81-42d4-ac3a-02b7a9ef073f,2025-05-02 15:48:37,,,,
75184478,follow-608d135e-95da-4ac7-8608-f067a12e592a-0,,,follow-alpha-uri-the-surgical-strike,2024-06-21 18:04:59,follow-release-date-2019-01-11,follow-follow-date-1718993099,8280,2019-01-11 00:00:00,उरी: द सर्जिकल स्ट्राइक,movie,follow,608d135e-95da-4ac7-8608-f067a12e592a,2024-06-21 18:04:59,,,,
75184478,follow-622dc8a7-48fb-444b-98ed-6c7c831dbe6c-0,,,follow-alpha-shutter-island,2025-06-19 03:06:15,follow-release-date-2010-02-24,follow-follow-date-1750302375,8340,2010-02-24 00:00:00,Shutter Island,movie,follow,622dc8a7-48fb-444b-98ed-6c7c831dbe6c,2025-06-19 03:06:15,,,,
75184478,follow-622e25b2-b115-4ae3-8cb3-4e6bc5edfee4-0,,,follow-alpha-the-mummy-tomb-of-the-dragon-emperor,2024-06-15 10:50:56,follow-release-date-2008-07-01,follow-follow-date-1718448656,6720,2008-07-01 00:00:00,The Mummy: Tomb of the Dragon Emperor,movie,follow,622e25b2-b115-4ae3-8cb3-4e6bc5edfee4,2024-06-15 10:50:56,,,,
75184478,follow-624e65c8-a7a3-430e-bf7f-857b5a59d6e8-0,,,follow-alpha-the-angry-birds-movie,2023-12-22 12:13:35,follow-release-date-2016-05-13,follow-follow-date-1703247215,5820,2016-05-13 00:00:00,The Angry Birds Movie,movie,follow,624e65c8-a7a3-430e-bf7f-857b5a59d6e8,2023-12-22 12:13:35,,,,
75184478,follow-62760786-25a6-4b64-8cf8-b75f0b7c9ddb-0,,,follow-alpha-anyone-but-you,2025-06-11 19:03:19,follow-release-date-2024-01-25,follow-follow-date-1749668599,6240,2024-01-25 00:00:00,Anyone But You,movie,follow,62760786-25a6-4b64-8cf8-b75f0b7c9ddb,2025-06-11 19:03:19,,,,
75184478,follow-634906a0-7ab0-4848-9ff5-cce9d03b0d84-0,,,follow-alpha-demon-slayer-kimetsu-no-yaiba--to-the-hashira-training,2024-02-24 12:58:18,follow-release-date-2024-02-22,follow-follow-date-1708779498,6180,2024-02-22 00:00:00,鬼滅の刃 柱稽古編,movie,follow,634906a0-7ab0-4848-9ff5-cce9d03b0d84,2024-02-24 12:58:18,,,,
75184478,follow-63bcc9d5-b150-456e-96e6-6ea9ab042bcc-0,,,follow-alpha-spider-man-2,2023-12-22 10:07:39,follow-release-date-2004-07-14,follow-follow-date-1703239659,7620,2004-07-14 00:00:00,Spider-Man 2,movie,follow,63bcc9d5-b150-456e-96e6-6ea9ab042bcc,2023-12-22 10:07:39,,,,
75184478,follow-64107725-a8e3-40e2-8dde-6f71bd2d8498-0,,,follow-alpha-black-adam,2023-12-22 07:53:42,follow-release-date-2022-10-21,follow-follow-date-1703231622,7500,2022-10-21 00:00:00,Black Adam,movie,follow,64107725-a8e3-40e2-8dde-6f71bd2d8498,2023-12-22 07:53:42,,,,
75184478,follow-6471acd8-0551-4515-af59-4c273568ec9d-0,,,follow-alpha-dunki,2024-01-28 04:14:01,follow-release-date-2023-12-21,follow-follow-date-1706415241,9600,2023-12-21 00:00:00,डंकी,movie,follow,6471acd8-0551-4515-af59-4c273568ec9d,2024-01-28 04:14:01,,,,
75184478,follow-64b482af-1fdf-4d0f-91ce-fb93d630b043-0,,,follow-alpha-munjya,2024-08-27 17:23:19,follow-release-date-2024-06-07,follow-follow-date-1724779399,7380,2024-06-07 00:00:00,मुंज्या,movie,follow,64b482af-1fdf-4d0f-91ce-fb93d630b043,2024-08-27 17:23:19,,,,
75184478,follow-65c8a8ab-c39d-4f2d-9956-861b2c76c369-0,,,follow-alpha-tamasha,2024-06-21 17:59:13,follow-release-date-2015-11-27,follow-follow-date-1718992753,8340,2015-11-27 00:00:00,तमाशा,movie,follow,65c8a8ab-c39d-4f2d-9956-861b2c76c369,2024-06-21 17:59:13,,,,
75184478,follow-668fe326-d0ba-46ae-85f9-19f24002f525-0,,,follow-alpha-marco,2025-02-05 11:37:42,follow-release-date-2024-12-20,follow-follow-date-1738755462,8700,2024-12-20 00:00:00,മാർക്കോ,movie,follow,668fe326-d0ba-46ae-85f9-19f24002f525,2025-02-05 11:37:42,,,,
75184478,follow-69646a61-4b72-4d2c-b8f9-8bcd30490294-0,,,follow-alpha-chhichhore,2024-06-21 18:04:37,follow-release-date-2019-09-06,follow-follow-date-1718993077,8580,2019-09-06 00:00:00,छिछोरे,movie,follow,69646a61-4b72-4d2c-b8f9-8bcd30490294,2024-06-21 18:04:37,,,,
75184478,follow-69973f48-6de5-46b3-b030-78ea5116ad4f-0,,,follow-alpha-stree-2,2024-10-03 05:18:43,follow-release-date-2024-08-15,follow-follow-date-1727932723,8820,2024-08-15 00:00:00,स्त्री 2,movie,follow,69973f48-6de5-46b3-b030-78ea5116ad4f,2024-10-03 05:18:43,,,,
75184478,follow-6d6deb7b-509d-4bf6-b23a-ed206852c7bf-0,,,follow-alpha-wrong-turn,2025-10-25 11:50:37,follow-release-date-2003-05-30,follow-follow-date-1761393037,5040,2003-05-30 00:00:00,Wrong Turn,movie,follow,6d6deb7b-509d-4bf6-b23a-ed206852c7bf,2025-10-25 11:50:37,,,,
75184478,follow-6d7a40a2-ba08-4f81-a8b4-10ac6842f792-0,,,follow-alpha-new-gods-nezha-reborn,2026-04-06 07:37:06,follow-release-date-2021-02-12,follow-follow-date-1775461026,6960,2021-02-12 00:00:00,新神榜：哪吒重生,movie,follow,6d7a40a2-ba08-4f81-a8b4-10ac6842f792,2026-04-06 07:37:06,,,,
75184478,follow-6ec57699-2b16-4a41-90ee-f7b4c0601654-0,,,follow-alpha-the-amazing-spider-man,2023-12-22 06:39:23,follow-release-date-2012-07-03,follow-follow-date-1703227163,,2012-07-03 00:00:00,The Amazing Spider-Man,movie,follow,6ec57699-2b16-4a41-90ee-f7b4c0601654,2023-12-22 06:39:23,0,,,
75184478,follow-6f1375c0-a30a-49f6-abd0-7c082a3728e2-0,,,follow-alpha-avatar-fire-and-ash,2025-12-31 15:11:33,follow-release-date-2025-12-19,follow-follow-date-1767193893,11520,2025-12-19 00:00:00,Avatar: Fire and Ash,movie,follow,6f1375c0-a30a-49f6-abd0-7c082a3728e2,2025-12-31 15:11:33,,,,
75184478,follow-701ea1ba-34df-4fa1-b4b1-29fc283c2d0c-0,,,follow-alpha-guardians-of-the-galaxy-vol-2,2023-12-22 06:39:23,follow-release-date-2017-04-28,follow-follow-date-1703227163,,2017-04-28 00:00:00,Guardians of the Galaxy Vol. 2,movie,follow,701ea1ba-34df-4fa1-b4b1-29fc283c2d0c,2023-12-22 06:39:23,0,,,
75184478,follow-7082a169-24b1-45a9-b9c8-e2afc8e3afe9-0,,,follow-alpha-24,2024-11-05 11:39:49,follow-release-date-2016-05-05,follow-follow-date-1730806789,9840,2016-05-05 00:00:00,24,movie,follow,7082a169-24b1-45a9-b9c8-e2afc8e3afe9,2024-11-05 11:39:49,,,,
75184478,follow-70e71074-48c4-48af-b7af-6dd69a7bc4a8-0,,,follow-alpha-the-mummy-returns,2024-05-13 13:24:19,follow-release-date-2001-05-04,follow-follow-date-1715606659,7800,2001-05-04 00:00:00,The Mummy Returns,movie,follow,70e71074-48c4-48af-b7af-6dd69a7bc4a8,2024-05-13 13:24:19,,,,
75184478,follow-717a64a7-8040-4c6b-88e2-3552e890fb54-0,,,follow-alpha-guardians-of-the-galaxy,2024-05-13 13:12:37,follow-release-date-2014-07-24,follow-follow-date-1715605957,7320,2014-07-24 00:00:00,Guardians of the Galaxy,movie,follow,717a64a7-8040-4c6b-88e2-3552e890fb54,2024-05-13 13:12:37,,,,
75184478,follow-724d75e3-5d7c-4af6-a6b4-5f331cd4d0af-0,,,follow-alpha-dune-part-two,2024-05-12 03:15:58,follow-release-date-2024-02-29,follow-follow-date-1715483758,10020,2024-02-29 00:00:00,Dune: Part Two,movie,follow,724d75e3-5d7c-4af6-a6b4-5f331cd4d0af,2024-05-12 03:15:58,,,,
75184478,follow-740cd424-dcea-4786-befb-9c6e27caa128-0,,,follow-alpha-haikyu-movie-battle-of-the-garbage-dump,2024-04-10 08:10:48,follow-release-date-2024-02-16,follow-follow-date-1712736648,5100,2024-02-16 00:00:00,劇場版ハイキュー!! ゴミ捨て場の決戦,movie,follow,740cd424-dcea-4786-befb-9c6e27caa128,2024-04-10 08:10:48,,,,
75184478,follow-751425aa-e8e1-4140-8291-97c7049eba23-0,,,follow-alpha-tiger-3,2024-01-17 08:06:36,follow-release-date-2023-11-12,follow-follow-date-1705478796,9360,2023-11-12 00:00:00,टाइगर ३,movie,follow,751425aa-e8e1-4140-8291-97c7049eba23,2024-01-17 08:06:36,,,,
75184478,follow-7516f395-7a69-4a0b-b4a4-6d5af54223f2-0,,,follow-alpha-super-30,2024-06-21 18:04:23,follow-release-date-2019-07-12,follow-follow-date-1718993063,9300,2019-07-12 00:00:00,Super 30,movie,follow,7516f395-7a69-4a0b-b4a4-6d5af54223f2,2024-06-21 18:04:23,,,,
75184478,follow-75e0cdd2-b83e-4a9e-91f6-56157cfb72d3-0,,,follow-alpha-rio-2,2024-05-13 13:22:21,follow-release-date-2014-04-09,follow-follow-date-1715606541,6060,2014-04-09 00:00:00,Rio 2,movie,follow,75e0cdd2-b83e-4a9e-91f6-56157cfb72d3,2024-05-13 13:22:21,,,,
75184478,follow-7729c8d5-288f-4ab2-aea2-315e8327d16b-0,,,follow-alpha-sunny-sanskari-ki-tulsi-kumari,2025-12-05 10:42:57,follow-release-date-2025-10-02,follow-follow-date-1764931377,8100,2025-10-02 00:00:00,सनी संस्कारी की तुलसी कुमारी,movie,follow,7729c8d5-288f-4ab2-aea2-315e8327d16b,2025-12-05 10:42:57,,,,
75184478,follow-778b789e-6e80-4c03-8588-e2c633b72a12-0,,,follow-alpha-3-idiots,2024-06-21 18:04:04,follow-release-date-2009-12-24,follow-follow-date-1718993044,10200,2009-12-24 00:00:00,३ इडियट्स,movie,follow,778b789e-6e80-4c03-8588-e2c633b72a12,2024-06-21 18:04:04,,,,
75184478,follow-778f63b3-1673-465f-8d44-3ce4d8a085d0-0,,,follow-alpha-ae-dil-hai-mushkil,2024-09-16 03:21:16,follow-release-date-2016-10-28,follow-follow-date-1726456876,9480,2016-10-28 00:00:00,ऐ दिल है मुश्किल,movie,follow,778f63b3-1673-465f-8d44-3ce4d8a085d0,2024-09-16 03:21:16,,,,
75184478,follow-780fa612-3916-40e9-a1c3-6b2e75197395-0,,,follow-alpha-up,2024-05-13 13:29:41,follow-release-date-2009-09-04,follow-follow-date-1715606981,5760,2009-09-04 00:00:00,Up,movie,follow,780fa612-3916-40e9-a1c3-6b2e75197395,2024-05-13 13:29:41,,,,
75184478,follow-78a0d677-5e7e-423d-a0ab-b669754885f1-0,,,follow-alpha-joker,2024-05-13 13:09:38,follow-release-date-2019-10-04,follow-follow-date-1715605778,7320,2019-10-04 00:00:00,Joker,movie,follow,78a0d677-5e7e-423d-a0ab-b669754885f1,2024-05-13 13:09:38,,,,
75184478,follow-78bdccb1-7291-4d79-a4b3-d4e4e198348a-0,,,follow-alpha-ice-age-the-meltdown,2023-12-22 12:53:33,follow-release-date-2006-04-05,follow-follow-date-1703249613,5460,2006-04-05 00:00:00,Ice Age: The Meltdown,movie,follow,78bdccb1-7291-4d79-a4b3-d4e4e198348a,2023-12-22 12:53:33,,,,
75184478,follow-78c27d1a-dea2-45b2-be8f-5dfabea9b846-0,,,follow-alpha-hanu-man,2024-04-14 06:23:13,follow-release-date-2024-01-12,follow-follow-date-1713075793,9000,2024-01-12 00:00:00,హను-మాన్,movie,follow,78c27d1a-dea2-45b2-be8f-5dfabea9b846,2024-04-14 06:23:13,,,,
75184478,follow-797850f1-71cd-438d-bde2-345337afd417-0,,,follow-alpha-jumanji-the-next-level,2023-12-22 07:23:19,follow-release-date-2019-12-11,follow-follow-date-1703229799,7380,2019-12-11 00:00:00,Jumanji: The Next Level,movie,follow,797850f1-71cd-438d-bde2-345337afd417,2023-12-22 07:23:19,,,,
75184478,follow-79d78732-9ce0-44d1-9b74-91edb7e0f72b-0,,,follow-alpha-dragon,2025-04-01 06:42:24,follow-release-date-2025-02-21,follow-follow-date-1743489744,9420,2025-02-21 00:00:00,டிராகன்,movie,follow,79d78732-9ce0-44d1-9b74-91edb7e0f72b,2025-04-01 06:42:24,,,,
75184478,follow-7a2cd5d7-fef7-4811-a9dd-65a4ed660284-0,,,follow-alpha-get-educated-paathshaala,2024-06-21 17:57:58,follow-release-date-2010-04-16,follow-follow-date-1718992678,7320,2010-04-16 00:00:00,Get Educated: Paathshaala,movie,follow,7a2cd5d7-fef7-4811-a9dd-65a4ed660284,2024-06-21 17:57:58,,,,
75184478,follow-7a646abe-b99f-409c-9b36-5d21a4fedca8-0,,,follow-alpha-one-piece-film-red,2023-12-22 07:14:00,follow-release-date-2022-11-04,follow-follow-date-1703229240,6960,2022-11-04 00:00:00,ONE PIECE FILM RED,movie,follow,7a646abe-b99f-409c-9b36-5d21a4fedca8,2023-12-22 07:14:00,,,,
75184478,follow-7acb2963-aec2-46d3-a00a-0a32ce895c67-0,,,follow-alpha-scooby-doo,2024-05-13 13:28:22,follow-release-date-2002-06-28,follow-follow-date-1715606902,5160,2002-06-28 00:00:00,Scooby-Doo,movie,follow,7acb2963-aec2-46d3-a00a-0a32ce895c67,2024-05-13 13:28:22,,,,
75184478,follow-7bcb1ab0-23cd-4697-91e1-0d09b9d24ff3-0,,,follow-alpha-leo,2023-12-22 07:21:42,follow-release-date-2023-10-19,follow-follow-date-1703229702,9840,2023-10-19 00:00:00,லியொ,movie,follow,7bcb1ab0-23cd-4697-91e1-0d09b9d24ff3,2023-12-22 07:21:42,,,,
75184478,follow-7bd1fe8e-56ff-4d26-af2b-3a7be07b747c-0,,,follow-alpha-tere-ishk-mein,2026-01-26 07:59:15,follow-release-date-2025-11-28,follow-follow-date-1769414355,10140,2025-11-28 00:00:00,तेरे इश्क़ में,movie,follow,7bd1fe8e-56ff-4d26-af2b-3a7be07b747c,2026-01-26 07:59:15,,,,
75184478,follow-7e0beff2-6f75-4aed-ab94-f080a6f79fee-0,,,follow-alpha-mirai,2025-11-22 09:36:29,follow-release-date-2025-09-12,follow-follow-date-1763804189,10140,2025-09-12 00:00:00,మిరాయ్,movie,follow,7e0beff2-6f75-4aed-ab94-f080a6f79fee,2025-11-22 09:36:29,,,,
75184478,follow-7e60fddd-177f-499c-a7cd-5d4571acac02-0,,,follow-alpha-naruto-shippuden-the-movie-inheritors-of-the-will-of-fire,2023-12-22 06:51:43,follow-release-date-2009-08-01,follow-follow-date-1703227903,5700,2009-08-01 00:00:00,劇場版 NARUTO -ナルト- 疾風伝 火の意志を継ぐ者,movie,follow,7e60fddd-177f-499c-a7cd-5d4571acac02,2023-12-22 06:51:43,,,,
75184478,follow-7e62af02-d4a7-47ae-aaf6-bd79cadd4d5e-0,,,follow-alpha-mission-impossible-ii,2025-09-02 16:07:32,follow-release-date-2002-11-28,follow-follow-date-1756829252,7380,2002-11-28 00:00:00,Mission: Impossible II,movie,follow,7e62af02-d4a7-47ae-aaf6-bd79cadd4d5e,2025-09-02 16:07:32,,,,
75184478,follow-7fb75a7c-5a36-4599-a1c4-be418f1b3ada-0,,,follow-alpha-venom,2023-12-22 06:39:23,follow-release-date-2018-10-04,follow-follow-date-1703227163,,2018-10-04 00:00:00,Venom,movie,follow,7fb75a7c-5a36-4599-a1c4-be418f1b3ada,2023-12-22 06:39:23,0,,,
75184478,follow-802499fa-0107-46ec-900c-5f56d459a6cd-0,,,follow-alpha-wrong-turn-3-left-for-dead,2025-10-25 11:50:52,follow-release-date-2009-01-01,follow-follow-date-1761393052,5460,2009-01-01 00:00:00,Wrong Turn 3: Left for Dead,movie,follow,802499fa-0107-46ec-900c-5f56d459a6cd,2025-10-25 11:50:52,,,,
75184478,follow-8131c68e-406c-4d80-9d71-87c6056fd99b-0,,,follow-alpha-ghostbusters,2024-05-13 13:26:58,follow-release-date-1984-11-21,follow-follow-date-1715606818,6420,1984-11-21 00:00:00,Ghostbusters,movie,follow,8131c68e-406c-4d80-9d71-87c6056fd99b,2024-05-13 13:26:58,,,,
75184478,follow-82982f0f-097e-45b1-8ca2-e5b7001987cb-0,,,follow-alpha-manjummel-boys,2024-05-19 08:21:44,follow-release-date-2024-02-22,follow-follow-date-1716106904,8100,2024-02-22 00:00:00,മഞ്ഞുമ്മൽ ബോയ്സ്,movie,follow,82982f0f-097e-45b1-8ca2-e5b7001987cb,2024-05-19 08:21:44,,,,
75184478,follow-82f50a08-0078-42ba-8249-fb4cbc7cc27b-0,,,follow-alpha-the-croods,2024-10-11 03:13:42,follow-release-date-2013-03-20,follow-follow-date-1728616422,6060,2013-03-20 00:00:00,The Croods,movie,follow,82f50a08-0078-42ba-8249-fb4cbc7cc27b,2024-10-11 03:13:42,,,,
75184478,follow-831f05ea-de4a-44a8-8f28-83b208a05da1-0,,,follow-alpha-jumanji,2023-12-22 07:22:46,follow-release-date-1996-02-12,follow-follow-date-1703229766,6240,1996-02-12 00:00:00,Jumanji,movie,follow,831f05ea-de4a-44a8-8f28-83b208a05da1,2023-12-22 07:22:46,,,,
75184478,follow-847c3d29-4f3a-496e-bc17-58524c74d85b-0,,,follow-alpha-zindagi-na-milegi-dobara,2026-06-18 05:15:11,follow-release-date-2011-07-15,follow-follow-date-1781759711,9240,2011-07-15 00:00:00,ज़िन्दगी न मिलेगी दोबारा,movie,follow,847c3d29-4f3a-496e-bc17-58524c74d85b,2026-06-18 05:15:11,,,,
75184478,follow-8512b5af-18c0-488b-9c10-1b6b5af7c002-0,,,follow-alpha-the-croods-a-new-age,2024-10-11 03:14:19,follow-release-date-2021-01-29,follow-follow-date-1728616459,5700,2021-01-29 00:00:00,The Croods: A New Age,movie,follow,8512b5af-18c0-488b-9c10-1b6b5af7c002,2024-10-11 03:14:19,,,,
75184478,follow-85db6819-e623-45ab-b51c-a4da0a16871a-0,,,follow-alpha-ne-zha-2,2025-08-23 18:28:20,follow-release-date-2025-08-29,follow-follow-date-1755973700,8640,2025-08-29 00:00:00,哪吒之魔童闹海,movie,follow,85db6819-e623-45ab-b51c-a4da0a16871a,2025-08-23 18:28:20,,,,
75184478,follow-86130b93-8d67-420c-bd24-b2fb4c4f4bb2-0,,,follow-alpha-sonic-the-hedgehog-3,2025-01-26 11:36:55,follow-release-date-2024-12-25,follow-follow-date-1737891415,6660,2024-12-25 00:00:00,Sonic the Hedgehog 3,movie,follow,86130b93-8d67-420c-bd24-b2fb4c4f4bb2,2025-01-26 11:36:55,,,,
75184478,follow-86836a38-27e9-446c-9a1d-36821be816cf-0,,,follow-alpha-john-wick-chapter-5,2025-04-27 08:39:54,follow-release-date-tbd,follow-follow-date-1745743194,,,John Wick: Chapter 5,movie,follow,86836a38-27e9-446c-9a1d-36821be816cf,2025-04-27 08:39:54,,,,
75184478,follow-86d81b27-1677-4dde-a763-22a5f00d4c4b-0,,,follow-alpha-sardaar-gabbar-singh,2024-11-05 11:40:09,follow-release-date-2016-04-08,follow-follow-date-1730806809,9840,2016-04-08 00:00:00,Sardaar Gabbar Singh,movie,follow,86d81b27-1677-4dde-a763-22a5f00d4c4b,2024-11-05 11:40:09,,,,
75184478,follow-8727b86b-59cd-437b-89a7-40d2003155df-0,,,follow-alpha-star-wars-episode-i-–-the-phantom-menace,2025-12-23 04:52:04,follow-release-date-1999-09-17,follow-follow-date-1766465524,8160,1999-09-17 00:00:00,Star Wars: Episode I – The Phantom Menace,movie,follow,8727b86b-59cd-437b-89a7-40d2003155df,2025-12-23 04:52:04,,,,
75184478,follow-87b9c2d4-1081-4a00-b09c-c155b9fd7000-0,,,follow-alpha-jawan,2023-12-22 07:54:27,follow-release-date-2023-09-07,follow-follow-date-1703231667,10140,2023-09-07 00:00:00,जवान,movie,follow,87b9c2d4-1081-4a00-b09c-c155b9fd7000,2023-12-22 07:54:27,,,,
75184478,follow-88164b03-164e-4042-921e-2f5bbb9e829d-0,,,follow-alpha-baahubali-the-beginning,2024-06-21 18:03:26,follow-release-date-2015-07-10,follow-follow-date-1718993006,9480,2015-07-10 00:00:00,Baahubali: The Beginning,movie,follow,88164b03-164e-4042-921e-2f5bbb9e829d,2024-06-21 18:03:26,,,,
75184478,follow-88b5eeea-84da-41a2-ae5a-3cec6ec49696-0,,,follow-alpha-life-of-pi,2024-05-13 13:24:06,follow-release-date-2012-12-21,follow-follow-date-1715606646,7620,2012-12-21 00:00:00,Life of Pi,movie,follow,88b5eeea-84da-41a2-ae5a-3cec6ec49696,2024-05-13 13:24:06,,,,
75184478,follow-8a2b9070-f61e-4792-942e-1fc48774b46c-0,,,follow-alpha-good-newwz,2024-06-21 18:04:27,follow-release-date-2019-12-27,follow-follow-date-1718993067,7920,2019-12-27 00:00:00,गुड न्यूज़,movie,follow,8a2b9070-f61e-4792-942e-1fc48774b46c,2024-06-21 18:04:27,,,,
75184478,follow-8a77bb53-3ec2-4b3c-a80b-e4e1fd501350-0,,,follow-alpha-doraemon-nobita's-chronicle-of-the-moon-exploration,2023-12-22 07:45:39,follow-release-date-2020-05-20,follow-follow-date-1703231139,6660,2020-05-20 00:00:00,ドラえもん のび太の月面探査記,movie,follow,8a77bb53-3ec2-4b3c-a80b-e4e1fd501350,2023-12-22 07:45:39,,,,
75184478,follow-8aa3edf8-35a9-47a2-a132-0682fcf5f2e7-0,,,follow-alpha-kalki-2898ad,2024-08-22 12:55:56,follow-release-date-2024-06-27,follow-follow-date-1724331356,10860,2024-06-27 00:00:00,కల్కి 2898-AD,movie,follow,8aa3edf8-35a9-47a2-a132-0682fcf5f2e7,2024-08-22 12:55:56,,,,
75184478,follow-8acdf7f7-88d1-4e10-92d5-296f7b64c50e-0,,,follow-alpha-harry-potter-and-the-order-of-the-phoenix,2023-12-22 06:39:23,follow-release-date-2007-07-11,follow-follow-date-1703227163,,2007-07-11 00:00:00,Harry Potter and the Order of the Phoenix,movie,follow,8acdf7f7-88d1-4e10-92d5-296f7b64c50e,2023-12-22 06:39:23,0,,,
75184478,follow-8b180a17-b645-4e14-ab25-e50e7a68a7a1-0,,,follow-alpha-tarzan,2024-05-13 13:16:39,follow-release-date-1999-06-18,follow-follow-date-1715606199,5280,1999-06-18 00:00:00,Tarzan,movie,follow,8b180a17-b645-4e14-ab25-e50e7a68a7a1,2024-05-13 13:16:39,,,,
75184478,follow-8b24570f-e6b1-4271-9f74-f6ea0bedb1eb-0,,,follow-alpha-justice-league,2026-02-12 12:58:07,follow-release-date-2017-11-17,follow-follow-date-1770901087,7200,2017-11-17 00:00:00,Justice League,movie,follow,8b24570f-e6b1-4271-9f74-f6ea0bedb1eb,2026-02-12 12:58:07,,,,
75184478,follow-8c3749d7-5d61-4b4a-91f9-b4be69af1e0d-0,,,follow-alpha-dhruva,2024-11-05 11:37:28,follow-release-date-2016-10-07,follow-follow-date-1730806648,9900,2016-10-07 00:00:00,Dhruva,movie,follow,8c3749d7-5d61-4b4a-91f9-b4be69af1e0d,2024-11-05 11:37:28,,,,
75184478,follow-8d76d4bd-29da-4f7b-aae7-119644ab75ac-0,,,follow-alpha-saiyaara,2025-10-05 13:54:34,follow-release-date-2025-07-18,follow-follow-date-1759672474,8880,2025-07-18 00:00:00,सायरा,movie,follow,8d76d4bd-29da-4f7b-aae7-119644ab75ac,2025-10-05 13:54:34,,,,
75184478,follow-8ed79c61-2216-477a-a52e-871d7895ca2b-0,,,follow-alpha-avatar-the-way-of-water,2024-05-13 13:14:30,follow-release-date-2022-12-06,follow-follow-date-1715606070,11520,2022-12-06 00:00:00,Avatar: The Way of Water,movie,follow,8ed79c61-2216-477a-a52e-871d7895ca2b,2024-05-13 13:14:30,,,,
75184478,follow-8ef12c09-c030-4ccf-ba3e-ed313393a427-0,,,follow-alpha-dune-part-one,2024-05-12 03:15:29,follow-release-date-2021-10-22,follow-follow-date-1715483729,9300,2021-10-22 00:00:00,Dune: Part One,movie,follow,8ef12c09-c030-4ccf-ba3e-ed313393a427,2024-05-12 03:15:29,,,,
75184478,follow-8f160db4-d292-448f-be17-9001b3a18856-0,,,follow-alpha-mission-impossible-–-dead-reckoning-part-one,2025-09-29 05:00:48,follow-release-date-2023-07-14,follow-follow-date-1759122048,9780,2023-07-14 00:00:00,Mission: Impossible – Dead Reckoning Part One,movie,follow,8f160db4-d292-448f-be17-9001b3a18856,2025-09-29 05:00:48,,,,
75184478,follow-8f261727-1d6a-455a-b247-96adad0ae905-0,,,follow-alpha-damsel,2024-06-21 17:40:55,follow-release-date-2024-03-08,follow-follow-date-1718991655,6420,2024-03-08 00:00:00,Damsel,movie,follow,8f261727-1d6a-455a-b247-96adad0ae905,2024-06-21 17:40:55,,,,
75184478,follow-8fad2f48-5f4c-4705-9159-839dc0edccd7-0,,,follow-alpha-chainsaw-man-–-the-movie-reze-arc,2025-02-20 15:30:55,follow-release-date-tbd,follow-follow-date-1740065455,,,チェンソーマン レゼ篇,movie,follow,8fad2f48-5f4c-4705-9159-839dc0edccd7,2025-02-20 15:30:55,,,,
75184478,follow-8fc65596-1cfd-4fe1-a263-370f2c426f81-0,,,follow-alpha-star-wars-episode-ii-–-attack-of-the-clones,2025-12-25 06:00:03,follow-release-date-2002-05-16,follow-follow-date-1766642403,8520,2002-05-16 00:00:00,Star Wars: Episode II – Attack of the Clones,movie,follow,8fc65596-1cfd-4fe1-a263-370f2c426f81,2025-12-25 06:00:03,,,,
75184478,follow-9095e0da-6662-4820-a3a1-4e1fe52638f4-0,,,follow-alpha-thor-the-dark-world,2023-12-22 06:39:23,follow-release-date-2013-10-31,follow-follow-date-1703227163,,2013-10-31 00:00:00,Thor: The Dark World,movie,follow,9095e0da-6662-4820-a3a1-4e1fe52638f4,2023-12-22 06:39:23,0,,,
75184478,follow-90c35e6b-942f-4986-8a5b-379b3e435552-0,,,follow-alpha-tron,2025-11-18 16:12:47,follow-release-date-1982-12-24,follow-follow-date-1763482367,5760,1982-12-24 00:00:00,Tron,movie,follow,90c35e6b-942f-4986-8a5b-379b3e435552,2025-11-18 16:12:47,,,,
75184478,follow-90ddccb8-b877-4df3-b655-7bf70f98605e-0,,,follow-alpha-the-girlfriend,2025-12-31 14:53:56,follow-release-date-2025-11-07,follow-follow-date-1767192836,8280,2025-11-07 00:00:00,ది గర్ల్‌ఫ్రెండ్,movie,follow,90ddccb8-b877-4df3-b655-7bf70f98605e,2025-12-31 14:53:56,,,,
75184478,follow-919bfa79-f34f-470d-9472-d04016613b23-0,,,follow-alpha-frozen,2023-12-22 06:39:23,follow-release-date-2014-01-31,follow-follow-date-1703227163,,2014-01-31 00:00:00,Frozen,movie,follow,919bfa79-f34f-470d-9472-d04016613b23,2023-12-22 06:39:23,0,,,
75184478,follow-91e97843-f1f5-487f-996d-50e8c580450d-0,,,follow-alpha-kung-fu-panda-4,2024-05-13 13:08:17,follow-release-date-2024-03-28,follow-follow-date-1715605697,5760,2024-03-28 00:00:00,Kung Fu Panda 4,movie,follow,91e97843-f1f5-487f-996d-50e8c580450d,2024-05-13 13:08:17,,,,
75184478,follow-9329597a-693d-4df9-8855-f524e347fd92-0,,,follow-alpha-star-wars,2025-12-18 15:46:05,follow-release-date-1978-07-01,follow-follow-date-1766072765,7260,1978-07-01 00:00:00,Star Wars,movie,follow,9329597a-693d-4df9-8855-f524e347fd92,2025-12-18 15:46:05,,,,
75184478,follow-935896b6-e802-4781-97f5-bd7bb66b4162-0,,,follow-alpha-deadpool-2,2024-08-17 03:50:30,follow-release-date-2018-05-15,follow-follow-date-1723866630,8040,2018-05-15 00:00:00,Deadpool 2,movie,follow,935896b6-e802-4781-97f5-bd7bb66b4162,2024-08-17 03:50:30,,,,
75184478,follow-93787a9c-2a57-4db9-a8ea-1a4b4dc45624-0,,,follow-alpha-stuart-little,2024-05-13 13:19:21,follow-release-date-2000-04-12,follow-follow-date-1715606361,5040,2000-04-12 00:00:00,Stuart Little,movie,follow,93787a9c-2a57-4db9-a8ea-1a4b4dc45624,2024-05-13 13:19:21,,,,
75184478,follow-9398fd72-c455-465a-b594-b6e248a5f594-0,,,follow-alpha-the-housemaid,2026-06-24 12:43:32,follow-release-date-2026-01-01,follow-follow-date-1782305012,7920,2026-01-01 00:00:00,The Housemaid,movie,follow,9398fd72-c455-465a-b594-b6e248a5f594,2026-06-24 12:43:32,,,,
75184478,follow-95eae269-4775-45b4-964f-3e615a0eca52-0,,,follow-alpha-manam,2024-11-05 11:37:50,follow-release-date-2014-05-23,follow-follow-date-1730806670,9780,2014-05-23 00:00:00,Manam,movie,follow,95eae269-4775-45b4-964f-3e615a0eca52,2024-11-05 11:37:50,,,,
75184478,follow-95edf60a-bbc8-455e-9107-c70df4a51561-0,,,follow-alpha-lucky-baskhar,2024-12-06 08:05:55,follow-release-date-2024-10-31,follow-follow-date-1733472355,9000,2024-10-31 00:00:00,లక్కీ బాస్కర్,movie,follow,95edf60a-bbc8-455e-9107-c70df4a51561,2024-12-06 08:05:55,,,,
75184478,follow-96c4e346-6268-47d5-b2dd-1eecf6aa147b-0,,,follow-alpha-mad-max-fury-road,2025-09-21 15:49:17,follow-release-date-2015-05-15,follow-follow-date-1758469757,7260,2015-05-15 00:00:00,Mad Max: Fury Road,movie,follow,96c4e346-6268-47d5-b2dd-1eecf6aa147b,2025-09-21 15:49:17,,,,
75184478,follow-9722666f-dbc4-41cd-a917-2bd26e3ef21c-0,,,follow-alpha-ice-age,2023-12-22 12:54:05,follow-release-date-2002-06-26,follow-follow-date-1703249645,4860,2002-06-26 00:00:00,Ice Age,movie,follow,9722666f-dbc4-41cd-a917-2bd26e3ef21c,2023-12-22 12:54:05,,,,
75184478,follow-985b2cb5-c42c-410b-a762-c56df299710a-0,,,follow-alpha-star-wars-the-rise-of-skywalker,2025-12-18 15:46:33,follow-release-date-2019-12-18,follow-follow-date-1766072793,8520,2019-12-18 00:00:00,Star Wars: The Rise of Skywalker,movie,follow,985b2cb5-c42c-410b-a762-c56df299710a,2025-12-18 15:46:33,,,,
75184478,follow-98cc1928-fa5e-4c00-a0e7-762d1f73a1fc-0,,,follow-alpha-doctor-strange,2023-12-22 06:39:23,follow-release-date-2016-11-03,follow-follow-date-1703227163,,2016-11-03 00:00:00,Doctor Strange,movie,follow,98cc1928-fa5e-4c00-a0e7-762d1f73a1fc,2023-12-22 06:39:23,0,,,
75184478,follow-990be31e-07de-49a6-bfa2-8a8042fcc5ff-0,,,follow-alpha-black-clover-sword-of-the-wizard-king,2023-12-22 07:11:38,follow-release-date-2023-06-16,follow-follow-date-1703229098,6780,2023-06-16 00:00:00,ブラッククローバー 魔法帝の剣,movie,follow,990be31e-07de-49a6-bfa2-8a8042fcc5ff,2023-12-22 07:11:38,,,,
75184478,follow-9adb5ec5-a5c7-4cc8-8b10-b69f8944bfbf-0,,,follow-alpha-oppenheimer,2024-05-13 13:09:53,follow-release-date-2023-07-19,follow-follow-date-1715605793,10860,2023-07-19 00:00:00,Oppenheimer,movie,follow,9adb5ec5-a5c7-4cc8-8b10-b69f8944bfbf,2024-05-13 13:09:53,,,,
75184478,follow-9b291842-b784-43b5-a79b-d7b720bd8d48-0,,,follow-alpha-choose-or-die,2025-01-26 10:21:57,follow-release-date-2022-04-15,follow-follow-date-1737886917,5100,2022-04-15 00:00:00,Choose or Die,movie,follow,9b291842-b784-43b5-a79b-d7b720bd8d48,2025-01-26 10:21:57,,,,
75184478,follow-9b3f055b-fd15-4c8d-a500-f597e2d15784-0,,,follow-alpha-no-game-no-life-zero,2023-12-22 07:17:27,follow-release-date-2017-09-15,follow-follow-date-1703229447,6360,2017-09-15 00:00:00,ノーゲーム・ノーライフ ゼロ,movie,follow,9b3f055b-fd15-4c8d-a500-f597e2d15784,2023-12-22 07:17:27,,,,
75184478,follow-9cc7cc30-5745-4445-9d76-1ddeea1e5c62-0,,,"follow-alpha-josee,-the-tiger-and-the-fish",2023-12-22 07:51:04,follow-release-date-2021-06-16,follow-follow-date-1703231464,5880,2021-06-16 00:00:00,ジョゼと虎と魚たち,movie,follow,9cc7cc30-5745-4445-9d76-1ddeea1e5c62,2023-12-22 07:51:04,,,,
75184478,follow-9ccb2445-ef51-4a54-91c3-8885df405746-0,,,follow-alpha-men-in-black-international,2023-12-22 12:16:33,follow-release-date-2019-06-14,follow-follow-date-1703247393,6900,2019-06-14 00:00:00,Men in Black: International,movie,follow,9ccb2445-ef51-4a54-91c3-8885df405746,2023-12-22 12:16:33,,,,
75184478,follow-9ec9c87a-b3c3-4783-9f53-22503fc814f2-0,,,follow-alpha-fast-&-furious-presents-hobbs-&-shaw,2025-06-04 18:30:20,follow-release-date-2019-08-01,follow-follow-date-1749061820,8220,2019-08-01 00:00:00,Fast & Furious Presents: Hobbs & Shaw,movie,follow,9ec9c87a-b3c3-4783-9f53-22503fc814f2,2025-06-04 18:30:20,,,,
75184478,follow-9eee90fb-69b7-44a6-a13e-9ab711397aac-0,,,follow-alpha-wrong-turn-5-bloodlines,2025-10-25 11:51:04,follow-release-date-2012-10-23,follow-follow-date-1761393064,5460,2012-10-23 00:00:00,Wrong Turn 5: Bloodlines,movie,follow,9eee90fb-69b7-44a6-a13e-9ab711397aac,2025-10-25 11:51:04,,,,
75184478,follow-9faef59c-80ec-4a57-866e-99ad2038a3ce-0,,,follow-alpha-men-in-black,2023-12-22 12:16:26,follow-release-date-1997-07-04,follow-follow-date-1703247386,5880,1997-07-04 00:00:00,Men in Black,movie,follow,9faef59c-80ec-4a57-866e-99ad2038a3ce,2023-12-22 12:16:26,,,,
75184478,follow-9fd0d9d8-e76c-49ce-b4b9-44bbabdad1d4-0,,,follow-alpha-kuroko's-basketball-the-movie-last-game,2025-06-28 10:01:10,follow-release-date-2017-03-18,follow-follow-date-1751104870,5400,2017-03-18 00:00:00,劇場版 黒子のバスケ LAST GAME,movie,follow,9fd0d9d8-e76c-49ce-b4b9-44bbabdad1d4,2025-06-28 10:01:10,,,,
75184478,follow-a0831e7e-ed0d-459e-89ae-f72b389470b5-0,,,follow-alpha-moana,2024-05-13 13:13:02,follow-release-date-2016-12-22,follow-follow-date-1715605982,6420,2016-12-22 00:00:00,Moana,movie,follow,a0831e7e-ed0d-459e-89ae-f72b389470b5,2024-05-13 13:13:02,,,,
75184478,follow-a12476be-06d4-469e-8f34-0a04f2f58982-0,,,follow-alpha-shiddat,2025-01-13 16:05:25,follow-release-date-2021-10-01,follow-follow-date-1736784325,8760,2021-10-01 00:00:00,Shiddat,movie,follow,a12476be-06d4-469e-8f34-0a04f2f58982,2025-01-13 16:05:25,,,,
75184478,follow-a13a91ac-46e4-4926-a8ce-ea7dfba5ec87-0,,,follow-alpha-mimi,2024-06-21 18:02:34,follow-release-date-2021-07-26,follow-follow-date-1718992954,7920,2021-07-26 00:00:00,Mimi,movie,follow,a13a91ac-46e4-4926-a8ce-ea7dfba5ec87,2024-06-21 18:02:34,,,,
75184478,follow-a16efd36-b5a1-4924-9f40-7eb5220acd68-0,,,follow-alpha-jab-we-met,2024-06-21 18:00:02,follow-release-date-2007-10-25,follow-follow-date-1718992802,8280,2007-10-25 00:00:00,जब वी मेट,movie,follow,a16efd36-b5a1-4924-9f40-7eb5220acd68,2024-06-21 18:00:02,,,,
75184478,follow-a25685c5-8ca5-4c25-a8ae-b5bc07cd906c-0,,,follow-alpha-bajrangi-bhaijaan,2024-06-21 18:04:39,follow-release-date-2019-01-18,follow-follow-date-1718993079,9780,2019-01-18 00:00:00,बजरंगी भाईजान,movie,follow,a25685c5-8ca5-4c25-a8ae-b5bc07cd906c,2024-06-21 18:04:39,,,,
75184478,follow-a36d3794-1369-4c3f-b322-2575e8661b8a-0,,,follow-alpha-lee-cronin's-the-mummy,2026-06-04 04:45:15,follow-release-date-2026-04-16,follow-follow-date-1780548315,7980,2026-04-16 00:00:00,Lee Cronin's The Mummy,movie,follow,a36d3794-1369-4c3f-b322-2575e8661b8a,2026-06-04 04:45:15,,,,
75184478,follow-a3e5260d-312d-40ac-8b49-23cd435e62f0-0,,,follow-alpha-john-wick-chapter-5,2025-04-30 19:22:05,follow-release-date-tbd,follow-follow-date-1746040925,,,John Wick: Chapter 5,movie,follow,a3e5260d-312d-40ac-8b49-23cd435e62f0,2025-04-30 19:22:05,,,,
75184478,follow-a3eb5217-89a9-4a5c-b699-7aadbae1865c-0,,,follow-alpha-star-wars-episode-iii-–-revenge-of-the-sith,2025-12-18 15:46:48,follow-release-date-2005-05-20,follow-follow-date-1766072808,8400,2005-05-20 00:00:00,Star Wars: Episode III – Revenge of the Sith,movie,follow,a3eb5217-89a9-4a5c-b699-7aadbae1865c,2025-12-18 15:46:48,,,,
75184478,follow-a3f59c5f-15ff-4990-804a-3a3d98c8d609-0,,,follow-alpha-black-panther,2024-05-13 13:11:55,follow-release-date-2018-02-13,follow-follow-date-1715605915,8040,2018-02-13 00:00:00,Black Panther,movie,follow,a3f59c5f-15ff-4990-804a-3a3d98c8d609,2024-05-13 13:11:55,,,,
75184478,follow-a4013684-6ff8-4fbe-9630-db7aa36ac3a6-0,,,follow-alpha-the-boss-baby,2024-05-13 13:21:26,follow-release-date-2017-03-30,follow-follow-date-1715606486,5820,2017-03-30 00:00:00,The Boss Baby,movie,follow,a4013684-6ff8-4fbe-9630-db7aa36ac3a6,2024-05-13 13:21:26,,,,
75184478,follow-a6e3c93f-efe6-4e0d-8a31-6264a0145792-0,,,follow-alpha-laapataa-ladies,2024-06-02 17:15:04,follow-release-date-2024-04-26,follow-follow-date-1717348504,7320,2024-04-26 00:00:00,Laapataa Ladies,movie,follow,a6e3c93f-efe6-4e0d-8a31-6264a0145792,2024-06-02 17:15:04,,,,
75184478,follow-a70ac291-93e8-464b-8e96-ddc63bca05eb-0,,,follow-alpha-imaginary,2024-05-13 13:09:59,follow-release-date-2024-03-08,follow-follow-date-1715605799,6240,2024-03-08 00:00:00,Imaginary,movie,follow,a70ac291-93e8-464b-8e96-ddc63bca05eb,2024-05-13 13:09:59,,,,
75184478,follow-a78d9e93-aa57-464f-9b3b-674d1b23eb07-0,,,"follow-alpha-the-tunnel-to-summer,-the-exit-of-goodbyes",2024-03-10 13:01:17,follow-release-date-2022-09-09,follow-follow-date-1710075677,4980,2022-09-09 00:00:00,夏へのトンネル、さよならの出口,movie,follow,a78d9e93-aa57-464f-9b3b-674d1b23eb07,2024-03-10 13:01:17,,,,
75184478,follow-a8f9787d-4883-4974-a02b-6ac8337a7c5b-0,,,follow-alpha-madagascar,2024-05-13 13:13:41,follow-release-date-2005-06-22,follow-follow-date-1715606021,5160,2005-06-22 00:00:00,Madagascar,movie,follow,a8f9787d-4883-4974-a02b-6ac8337a7c5b,2024-05-13 13:13:41,,,,
75184478,follow-a97a8227-5973-4c37-a516-be082eb7fbdb-0,,,follow-alpha-grave-of-the-fireflies,2024-05-07 16:33:24,follow-release-date-2015-11-10,follow-follow-date-1715099604,5580,2015-11-10 00:00:00,火垂るの墓,movie,follow,a97a8227-5973-4c37-a516-be082eb7fbdb,2024-05-07 16:33:24,,,,
75184478,follow-aa96c2e5-af6d-4135-af44-9d22b9176d92-0,,,follow-alpha-frozen-ii,2024-05-13 13:12:42,follow-release-date-2019-11-22,follow-follow-date-1715605962,6240,2019-11-22 00:00:00,Frozen II,movie,follow,aa96c2e5-af6d-4135-af44-9d22b9176d92,2024-05-13 13:12:42,,,,
75184478,follow-ab756788-fd39-454f-bcaa-16811781dab0-0,,,follow-alpha-now-you-see-me,2024-05-13 13:15:15,follow-release-date-2013-07-19,follow-follow-date-1715606115,6900,2013-07-19 00:00:00,Now You See Me,movie,follow,ab756788-fd39-454f-bcaa-16811781dab0,2024-05-13 13:15:15,,,,
75184478,follow-abe1db1a-dae3-4c50-9824-439a6d178e6d-0,,,follow-alpha-weathering-with-you,2023-12-22 07:02:32,follow-release-date-2019-10-31,follow-follow-date-1703228552,6840,2019-10-31 00:00:00,天気の子,movie,follow,abe1db1a-dae3-4c50-9824-439a6d178e6d,2023-12-22 07:02:32,,,,
75184478,follow-abf00e0e-1507-4ade-bb09-b59fc7bb65b4-0,,,follow-alpha-wake-up-sid,2024-06-21 17:59:21,follow-release-date-2009-10-02,follow-follow-date-1718992761,8280,2009-10-02 00:00:00,Wake Up Sid,movie,follow,abf00e0e-1507-4ade-bb09-b59fc7bb65b4,2024-06-21 17:59:21,,,,
75184478,follow-ac2f2b25-caec-49be-aff6-e5d0baca3d50-0,,,follow-alpha-john-wick-chapter-3---parabellum,2025-04-25 13:10:56,follow-release-date-2019-05-31,follow-follow-date-1745586656,7860,2019-05-31 00:00:00,John Wick: Chapter 3 - Parabellum,movie,follow,ac2f2b25-caec-49be-aff6-e5d0baca3d50,2025-04-25 13:10:56,,,,
75184478,follow-ac4991a5-b8ea-483a-9d10-5a4349209520-0,,,follow-alpha-that-time-i-got-reincarnated-as-a-slime-the-movie-tears-of-the-blue-sea-arc,2026-02-26 12:16:59,follow-release-date-2026-02-25,follow-follow-date-1772108219,,2026-02-25 00:00:00,劇場版 転生したらスライムだった件 蒼海の涙編,movie,follow,ac4991a5-b8ea-483a-9d10-5a4349209520,2026-02-26 12:16:59,,,,
75184478,follow-ac8d10bf-7fa6-41be-86fa-7570f3eed5d7-0,,,follow-alpha-12th-fail,2024-01-04 03:46:50,follow-release-date-2023-10-27,follow-follow-date-1704340010,8760,2023-10-27 00:00:00,१२वीं फेल,movie,follow,ac8d10bf-7fa6-41be-86fa-7570f3eed5d7,2024-01-04 03:46:50,,,,
75184478,follow-acb0723d-f52e-4be2-9df5-55f0b109fd7c-0,,,follow-alpha-ek-tha-tiger,2023-12-22 07:54:57,follow-release-date-2012-08-15,follow-follow-date-1703231697,7980,2012-08-15 00:00:00,एक था टाइगर,movie,follow,acb0723d-f52e-4be2-9df5-55f0b109fd7c,2023-12-22 07:54:57,,,,
75184478,follow-aecb4bed-4c97-44ad-87d0-e68119c6b5b2-0,,,follow-alpha-raanjhanaa,2025-03-13 18:02:18,follow-release-date-2013-06-21,follow-follow-date-1741888938,8400,2013-06-21 00:00:00,Raanjhanaa,movie,follow,aecb4bed-4c97-44ad-87d0-e68119c6b5b2,2025-03-13 18:02:18,,,,
75184478,follow-b0346b6a-3141-4ef3-bc9b-7982571207fe-0,,,follow-alpha-ajab-prem-ki-ghazab-kahani,2024-06-21 18:00:13,follow-release-date-2009-11-05,follow-follow-date-1718992813,9000,2009-11-05 00:00:00,Ajab Prem Ki Ghazab Kahani,movie,follow,b0346b6a-3141-4ef3-bc9b-7982571207fe,2024-06-21 18:00:13,,,,
75184478,follow-b09d875c-609c-4d4a-b3e2-2a5127be4a2a-0,,,follow-alpha-aavesham,2024-12-31 04:44:14,follow-release-date-2024-04-11,follow-follow-date-1735620254,9420,2024-04-11 00:00:00,ആവേശം,movie,follow,b09d875c-609c-4d4a-b3e2-2a5127be4a2a,2024-12-31 04:44:14,,,,
75184478,follow-b32c8392-93c0-4306-90c1-0c36f554fdc0-0,,,follow-alpha-transformers-dark-of-the-moon,2025-09-21 15:50:13,follow-release-date-2011-06-29,follow-follow-date-1758469813,9240,2011-06-29 00:00:00,Transformers: Dark of the Moon,movie,follow,b32c8392-93c0-4306-90c1-0c36f554fdc0,2025-09-21 15:50:13,,,,
75184478,follow-b34b9ce6-2dbb-4569-9cd9-6b138beee141-0,,,follow-alpha-naa-peru-surya---naa-illu-india,2024-11-05 11:39:00,follow-release-date-2018-04-27,follow-follow-date-1730806740,10080,2018-04-27 00:00:00,Naa Peru Surya - Naa Illu India,movie,follow,b34b9ce6-2dbb-4569-9cd9-6b138beee141,2024-11-05 11:39:00,,,,
75184478,follow-b3ab9a19-39c5-4819-8835-38450e743add-0,,,follow-alpha-the-nun,2024-05-13 13:23:18,follow-release-date-2018-09-18,follow-follow-date-1715606598,5760,2018-09-18 00:00:00,The Nun,movie,follow,b3ab9a19-39c5-4819-8835-38450e743add,2024-05-13 13:23:18,,,,
75184478,follow-b43efd5e-f485-45cc-aa2e-180ffca3f64d-0,,,follow-alpha-john-wick-chapter-4,2025-04-25 13:10:59,follow-release-date-2023-03-23,follow-follow-date-1745586659,10140,2023-03-23 00:00:00,John Wick: Chapter 4,movie,follow,b43efd5e-f485-45cc-aa2e-180ffca3f64d,2025-04-25 13:10:59,,,,
75184478,follow-b483f82e-14c7-4f97-86b7-cd957ee89f87-0,,,follow-alpha-cars-2,2024-05-13 13:20:04,follow-release-date-2011-07-27,follow-follow-date-1715606404,6360,2011-07-27 00:00:00,Cars 2,movie,follow,b483f82e-14c7-4f97-86b7-cd957ee89f87,2024-05-13 13:20:04,,,,
75184478,follow-b4eec237-3d56-4b31-bf54-4c48b8a63557-0,,,follow-alpha-lik-love-insurance-kompany,2026-05-23 11:41:01,follow-release-date-2026-04-10,follow-follow-date-1779536461,9000,2026-04-10 00:00:00,லவ் இன்சூரன்ஸ் கம்பெனி,movie,follow,b4eec237-3d56-4b31-bf54-4c48b8a63557,2026-05-23 11:41:01,,,,
75184478,follow-b5cdc4f8-c3fc-4783-8042-cd3dbf9192ab-0,,,follow-alpha-naruto-shippuden-the-movie-road-to-ninja,2023-12-22 06:51:35,follow-release-date-2012-07-28,follow-follow-date-1703227895,6540,2012-07-28 00:00:00,ROAD TO NINJA -NARUTO THE MOVIE-,movie,follow,b5cdc4f8-c3fc-4783-8042-cd3dbf9192ab,2023-12-22 06:51:35,,,,
75184478,follow-b6006811-90b1-4250-96fb-e589d2afd6f0-0,,,follow-alpha-wrong-turn-6-last-resort,2025-10-25 11:51:13,follow-release-date-2014-08-22,follow-follow-date-1761393073,5460,2014-08-22 00:00:00,Wrong Turn 6: Last Resort,movie,follow,b6006811-90b1-4250-96fb-e589d2afd6f0,2025-10-25 11:51:13,,,,
75184478,follow-b658f434-18d7-49d3-bbe6-12c4ae69062a-0,,,follow-alpha-sonic-the-hedgehog,2025-01-26 11:36:43,follow-release-date-2020-02-28,follow-follow-date-1737891403,6000,2020-02-28 00:00:00,Sonic the Hedgehog,movie,follow,b658f434-18d7-49d3-bbe6-12c4ae69062a,2025-01-26 11:36:43,,,,
75184478,follow-b65a380c-bb5a-4b7d-a460-a23ea2ade860-0,,,follow-alpha-cruella-2,2025-03-25 02:25:50,follow-release-date-tbd,follow-follow-date-1742869550,,,Cruella 2,movie,follow,b65a380c-bb5a-4b7d-a460-a23ea2ade860,2025-03-25 02:25:50,,,,
75184478,follow-b6e6e8d7-15f5-419e-8f5d-8c9d33c8320f-0,,,follow-alpha-the-dark-knight,2025-03-14 12:27:16,follow-release-date-2008-07-23,follow-follow-date-1741955236,9120,2008-07-23 00:00:00,The Dark Knight,movie,follow,b6e6e8d7-15f5-419e-8f5d-8c9d33c8320f,2025-03-14 12:27:16,,,,
75184478,follow-b6e70fdc-fbb7-49ea-bc21-2ed7c4f2a777-0,,,follow-alpha-despicable-me,2023-12-22 12:54:01,follow-release-date-2010-08-06,follow-follow-date-1703249641,5700,2010-08-06 00:00:00,Despicable Me,movie,follow,b6e70fdc-fbb7-49ea-bc21-2ed7c4f2a777,2023-12-22 12:54:01,,,,
75184478,follow-b76dd8fe-8dfd-4a6a-b296-402dc39f077a-0,,,follow-alpha-captain-america-civil-war,2023-12-25 07:36:06,follow-release-date-2016-04-29,follow-follow-date-1703489766,8820,2016-04-29 00:00:00,Captain America: Civil War,movie,follow,b76dd8fe-8dfd-4a6a-b296-402dc39f077a,2023-12-25 07:36:06,,,,
75184478,follow-b7c2098d-e182-4ffb-942c-8a81b1c2bf0b-0,,,follow-alpha-the-fast-and-the-furious-tokyo-drift,2025-03-29 16:52:15,follow-release-date-2006-07-14,follow-follow-date-1743267135,6240,2006-07-14 00:00:00,The Fast and the Furious: Tokyo Drift,movie,follow,b7c2098d-e182-4ffb-942c-8a81b1c2bf0b,2025-03-29 16:52:15,,,,
75184478,follow-b7c658cc-d561-4129-9b68-ddddc50547c7-0,,,follow-alpha-deadpool-&-wolverine,2024-08-17 03:50:33,follow-release-date-2024-07-25,follow-follow-date-1723866633,,2024-07-25 00:00:00,Deadpool & Wolverine,movie,follow,b7c658cc-d561-4129-9b68-ddddc50547c7,2024-08-17 03:50:33,,,,
75184478,follow-b7fa700c-f101-48fd-b890-9e3ebf0ecf00-0,,,follow-alpha-transformers-revenge-of-the-fallen,2025-12-06 14:07:27,follow-release-date-2009-06-26,follow-follow-date-1765030047,9060,2009-06-26 00:00:00,Transformers: Revenge of the Fallen,movie,follow,b7fa700c-f101-48fd-b890-9e3ebf0ecf00,2025-12-06 14:07:27,,,,
75184478,follow-b8221f64-2c05-4ceb-b16a-18389afc08c5-0,,,follow-alpha-chennai-express,2024-06-21 18:01:45,follow-release-date-2013-08-09,follow-follow-date-1718992905,8460,2013-08-09 00:00:00,,movie,follow,b8221f64-2c05-4ceb-b16a-18389afc08c5,2024-06-21 18:01:45,,,,
75184478,follow-b8df11a9-cd49-4f9e-a3d6-c9a21454a56f-0,,,follow-alpha-all-the-best-fun-begins,2025-05-22 09:31:51,follow-release-date-2009-10-16,follow-follow-date-1747906311,8640,2009-10-16 00:00:00,All The Best: Fun Begins,movie,follow,b8df11a9-cd49-4f9e-a3d6-c9a21454a56f,2025-05-22 09:31:51,,,,
75184478,follow-b99eb6da-20d3-4142-b460-373c3fec3ab5-0,,,follow-alpha-throne-of-elves,2025-09-04 10:02:32,follow-release-date-2016-07-31,follow-follow-date-1756980152,5400,2016-07-31 00:00:00,Throne of Elves,movie,follow,b99eb6da-20d3-4142-b460-373c3fec3ab5,2025-09-04 10:02:32,,,,
75184478,follow-bb428e73-3014-4d78-a449-75878051e3fb-0,,,follow-alpha-sherlock-holmes-a-game-of-shadows,2024-05-13 13:28:52,follow-release-date-2012-01-25,follow-follow-date-1715606932,7740,2012-01-25 00:00:00,Sherlock Holmes: A Game of Shadows,movie,follow,bb428e73-3014-4d78-a449-75878051e3fb,2024-05-13 13:28:52,,,,
75184478,follow-bb470b21-11c3-48bf-bc49-64504ff9624b-0,,,follow-alpha-doraemon-nobita's-dinosaur,2023-12-22 07:45:15,follow-release-date-2006-03-04,follow-follow-date-1703231115,6420,2006-03-04 00:00:00,Doraemon: Nobita's Dinosaur,movie,follow,bb470b21-11c3-48bf-bc49-64504ff9624b,2023-12-22 07:45:15,,,,
75184478,follow-bb4d8f9c-3c10-4798-92b2-48d242630470-0,,,follow-alpha-2-fast-2-furious,2025-04-08 15:37:40,follow-release-date-2003-06-20,follow-follow-date-1744126660,6420,2003-06-20 00:00:00,2 Fast 2 Furious,movie,follow,bb4d8f9c-3c10-4798-92b2-48d242630470,2025-04-08 15:37:40,,,,
75184478,follow-bb52ce42-a7e5-482c-8127-8a53283965ac-0,,,follow-alpha-inside-out-2,2024-06-16 13:53:12,follow-release-date-2024-06-19,follow-follow-date-1718545992,5160,2024-06-19 00:00:00,Inside Out 2,movie,follow,bb52ce42-a7e5-482c-8127-8a53283965ac,2024-06-16 13:53:12,,,,
75184478,follow-bbfa4d7a-b31c-44bc-8ed0-88f28e60ec99-0,,,follow-alpha-yeh-jawaani-hai-deewani,2024-06-21 17:59:25,follow-release-date-2013-05-31,follow-follow-date-1718992765,9600,2013-05-31 00:00:00,ये जवानी है दीवानी,movie,follow,bbfa4d7a-b31c-44bc-8ed0-88f28e60ec99,2024-06-21 17:59:25,,,,
75184478,follow-bc180014-4bd3-40a1-bd0f-01fb8fa79dc0-0,,,follow-alpha-transformers,2025-12-06 13:43:18,follow-release-date-2007-07-06,follow-follow-date-1765028598,8640,2007-07-06 00:00:00,Transformers,movie,follow,bc180014-4bd3-40a1-bd0f-01fb8fa79dc0,2025-12-06 13:43:18,,,,
75184478,follow-bc435a06-40d3-4b70-bb1b-ee2a79827c47-0,,,follow-alpha-tiger-zinda-hai,2023-12-25 07:36:40,follow-release-date-2017-12-22,follow-follow-date-1703489800,9540,2017-12-22 00:00:00,टाइगर जिंदा है,movie,follow,bc435a06-40d3-4b70-bb1b-ee2a79827c47,2023-12-25 07:36:40,,,,
75184478,follow-bc5eb84f-6e5d-45b0-97c1-96bf401dd59f-0,,,follow-alpha-avatar,2024-05-13 13:12:03,follow-release-date-2009-12-10,follow-follow-date-1715605923,10680,2009-12-10 00:00:00,Avatar,movie,follow,bc5eb84f-6e5d-45b0-97c1-96bf401dd59f,2024-05-13 13:12:03,,,,
75184478,follow-bd2e6693-3d05-44eb-b8a8-68ff96b636cd-0,,,follow-alpha-batman-begins,2025-03-09 11:17:52,follow-release-date-2005-06-17,follow-follow-date-1741519072,8400,2005-06-17 00:00:00,Batman Begins,movie,follow,bd2e6693-3d05-44eb-b8a8-68ff96b636cd,2025-03-09 11:17:52,,,,
75184478,follow-bde24615-3c20-49d2-a525-25e562da1c61-0,,,follow-alpha-welcome-back,2024-06-21 18:02:49,follow-release-date-2015-09-04,follow-follow-date-1718992969,9180,2015-09-04 00:00:00,वेलकम बैक,movie,follow,bde24615-3c20-49d2-a525-25e562da1c61,2024-06-21 18:02:49,,,,
75184478,follow-beb89e4a-c44b-4865-b9ac-69ce94899e63-0,,,follow-alpha-28-weeks-later,2025-05-13 16:42:41,follow-release-date-2008-09-28,follow-follow-date-1747154561,6000,2008-09-28 00:00:00,28 Weeks Later,movie,follow,beb89e4a-c44b-4865-b9ac-69ce94899e63,2025-05-13 16:42:41,,,,
75184478,follow-bed8c6b6-1586-4e5d-86ae-6f886cc60c0e-0,,,follow-alpha-aashiqui-2,2024-06-21 17:59:37,follow-release-date-2013-04-26,follow-follow-date-1718992777,7920,2013-04-26 00:00:00,आशिक़ी २,movie,follow,bed8c6b6-1586-4e5d-86ae-6f886cc60c0e,2024-06-21 17:59:37,,,,
75184478,follow-bf03441b-9c3a-44fa-87e6-82409cf21b08-0,,,follow-alpha-transformers-the-last-knight,2025-12-18 15:12:35,follow-release-date-2017-06-22,follow-follow-date-1766070755,9300,2017-06-22 00:00:00,Transformers: The Last Knight,movie,follow,bf03441b-9c3a-44fa-87e6-82409cf21b08,2025-12-18 15:12:35,,,,
75184478,follow-bf63e3d9-ee2d-4b7d-8a33-bde06f364456-0,,,follow-alpha-avengers-infinity-war,2023-12-22 10:07:13,follow-release-date-2018-04-26,follow-follow-date-1703239633,8940,2018-04-26 00:00:00,Avengers: Infinity War,movie,follow,bf63e3d9-ee2d-4b7d-8a33-bde06f364456,2023-12-22 10:07:13,,,,
75184478,follow-bf6a68f5-46f9-4a74-b45f-0fbcaa26dbb2-0,,,follow-alpha-blue-lock--episode-nagi-,2024-04-10 08:09:40,follow-release-date-2024-04-19,follow-follow-date-1712736580,,2024-04-19 00:00:00,ブルーロック-EPISODE 凪-,movie,follow,bf6a68f5-46f9-4a74-b45f-0fbcaa26dbb2,2024-04-10 08:09:40,,,,
75184478,follow-bf6dcfb4-fd61-42e6-9900-13c437e5aa1c-0,,,follow-alpha-the-garden-of-words,2023-12-22 07:02:47,follow-release-date-2013-05-31,follow-follow-date-1703228567,2760,2013-05-31 00:00:00,言の葉の庭,movie,follow,bf6dcfb4-fd61-42e6-9900-13c437e5aa1c,2023-12-22 07:02:47,,,,
75184478,follow-bfae97c0-c0dc-41ac-81e5-beff98ede825-0,,,follow-alpha-thamma,2026-04-15 14:51:24,follow-release-date-2025-10-21,follow-follow-date-1776264684,9000,2025-10-21 00:00:00,थामा,movie,follow,bfae97c0-c0dc-41ac-81e5-beff98ede825,2026-04-15 14:51:24,,,,
75184478,follow-bfb681ca-0a26-4656-b183-e7ba4c639294-0,,,follow-alpha-tron-ares,2025-11-18 16:13:35,follow-release-date-2025-10-08,follow-follow-date-1763482415,7140,2025-10-08 00:00:00,Tron: Ares,movie,follow,bfb681ca-0a26-4656-b183-e7ba4c639294,2025-11-18 16:13:35,,,,
75184478,follow-bfde4eac-372b-424f-9ff0-48f0dcb90af5-0,,,follow-alpha-mirchi,2024-11-05 11:38:12,follow-release-date-2013-02-08,follow-follow-date-1730806692,9360,2013-02-08 00:00:00,Mirchi,movie,follow,bfde4eac-372b-424f-9ff0-48f0dcb90af5,2024-11-05 11:38:12,,,,
75184478,follow-c28561d9-b5a4-497c-b201-52806b0b7089-0,,,follow-alpha-the-fall-guy,2024-06-16 13:54:01,follow-release-date-2024-05-01,follow-follow-date-1718546041,7680,2024-05-01 00:00:00,The Fall Guy,movie,follow,c28561d9-b5a4-497c-b201-52806b0b7089,2024-06-16 13:54:01,,,,
75184478,follow-c2d49c6c-db0f-4018-acce-48c3701ecf7e-0,,,follow-alpha-the-final-destination,2025-03-31 21:58:20,follow-release-date-2009-08-26,follow-follow-date-1743458300,4920,2009-08-26 00:00:00,The Final Destination,movie,follow,c2d49c6c-db0f-4018-acce-48c3701ecf7e,2025-03-31 21:58:20,,,,
75184478,follow-c388061b-6d59-4e12-a512-dc175dc6716e-0,,,follow-alpha-inside-out,2024-05-13 13:12:23,follow-release-date-2015-07-24,follow-follow-date-1715605943,5700,2015-07-24 00:00:00,Inside Out,movie,follow,c388061b-6d59-4e12-a512-dc175dc6716e,2024-05-13 13:12:23,,,,
75184478,follow-c4967278-9f2c-4fcb-b817-8f09870d881e-0,,,follow-alpha-naruto-shippuden-the-movie-the-lost-tower,2023-12-22 06:51:39,follow-release-date-2010-07-31,follow-follow-date-1703227899,5100,2010-07-31 00:00:00,劇場版 NARUTO -ナルト- 疾風伝 ザ・ロストタワー,movie,follow,c4967278-9f2c-4fcb-b817-8f09870d881e,2023-12-22 06:51:39,,,,
75184478,follow-c54f8c92-a627-4dda-b762-3a74bbd217ee-0,,,follow-alpha-obsession,2026-06-15 17:39:30,follow-release-date-2026-05-14,follow-follow-date-1781545170,6480,2026-05-14 00:00:00,Obsession,movie,follow,c54f8c92-a627-4dda-b762-3a74bbd217ee,2026-06-15 17:39:30,,,,
75184478,follow-c5c4ce44-88d2-4b7a-89ea-83abf5b4f2ef-0,,,follow-alpha-how-to-train-your-dragon,2025-12-05 10:44:17,follow-release-date-2025-06-13,follow-follow-date-1764931457,7500,2025-06-13 00:00:00,How to Train Your Dragon,movie,follow,c5c4ce44-88d2-4b7a-89ea-83abf5b4f2ef,2025-12-05 10:44:17,,,,
75184478,follow-c61ffc3e-fdba-4748-a43f-029f1494b26a-0,,,follow-alpha-the-boy-and-the-heron,2024-01-19 16:02:13,follow-release-date-2023-11-09,follow-follow-date-1705680133,7500,2023-11-09 00:00:00,君たちはどう生きるか,movie,follow,c61ffc3e-fdba-4748-a43f-029f1494b26a,2024-01-19 16:02:13,,,,
75184478,follow-c6d780c7-537d-4328-9f6f-4f432b975906-0,,,follow-alpha-rio,2024-05-13 13:22:07,follow-release-date-2011-04-13,follow-follow-date-1715606527,5700,2011-04-13 00:00:00,Rio,movie,follow,c6d780c7-537d-4328-9f6f-4f432b975906,2024-05-13 13:22:07,,,,
75184478,follow-c7033356-154d-4aa8-a0bc-d41e800d0092-0,,,follow-alpha-jungle-cruise,2024-05-13 13:26:40,follow-release-date-2021-07-30,follow-follow-date-1715606800,7620,2021-07-30 00:00:00,Jungle Cruise,movie,follow,c7033356-154d-4aa8-a0bc-d41e800d0092,2024-05-13 13:26:40,,,,
75184478,follow-c9084c2b-bea2-4bbb-8e29-bdf22245d23b-0,,,follow-alpha-cruella,2025-03-25 02:25:38,follow-release-date-2021-06-03,follow-follow-date-1742869538,8280,2021-06-03 00:00:00,Cruella,movie,follow,c9084c2b-bea2-4bbb-8e29-bdf22245d23b,2025-03-25 02:25:38,,,,
75184478,follow-c9f8265a-0b25-489c-98c5-1c799c00ce45-0,,,follow-alpha-kgf-chapter-3,2024-06-21 18:03:18,follow-release-date-tbd,follow-follow-date-1718992998,10800,,K.G.F: Chapter 3,movie,follow,c9f8265a-0b25-489c-98c5-1c799c00ce45,2024-06-21 18:03:18,,,,
75184478,follow-cab3f8cf-cbc4-41cb-8ddd-bdcb0e67c53e-0,,,follow-alpha-ne-zha,2025-08-23 18:27:49,follow-release-date-2019-09-26,follow-follow-date-1755973669,6600,2019-09-26 00:00:00,哪吒之魔童降世,movie,follow,cab3f8cf-cbc4-41cb-8ddd-bdcb0e67c53e,2025-08-23 18:27:49,,,,
75184478,follow-cb30b49e-cc43-41ac-8bf2-7a56e7d870f6-0,,,follow-alpha-ice-age-continental-drift,2023-12-22 12:53:36,follow-release-date-2012-06-16,follow-follow-date-1703249616,5280,2012-06-16 00:00:00,Ice Age: Continental Drift,movie,follow,cb30b49e-cc43-41ac-8bf2-7a56e7d870f6,2023-12-22 12:53:36,,,,
75184478,follow-cb75c2cc-f250-43a0-b2e4-4f99aa1f5642-0,,,follow-alpha-free-guy,2024-05-13 13:18:19,follow-release-date-2021-08-18,follow-follow-date-1715606299,6900,2021-08-18 00:00:00,Free Guy,movie,follow,cb75c2cc-f250-43a0-b2e4-4f99aa1f5642,2024-05-13 13:18:19,,,,
75184478,follow-cc6b1c80-f351-4ca8-9414-206cd78fd2f3-0,,,follow-alpha-words-bubble-up-like-soda-pop,2024-07-28 03:46:04,follow-release-date-2021-07-22,follow-follow-date-1722138364,5160,2021-07-22 00:00:00,サイダーのように言葉が湧き上がる ,movie,follow,cc6b1c80-f351-4ca8-9414-206cd78fd2f3,2024-07-28 03:46:04,,,,
75184478,follow-cd4489c7-5da3-4fd7-b8a1-47ee17bf7fc7-0,,,follow-alpha-shang-chi-and-the-legend-of-the-ten-rings,2024-05-12 03:15:36,follow-release-date-2021-09-01,follow-follow-date-1715483736,7920,2021-09-01 00:00:00,Shang-Chi and the Legend of the Ten Rings,movie,follow,cd4489c7-5da3-4fd7-b8a1-47ee17bf7fc7,2024-05-12 03:15:36,,,,
75184478,follow-cf2b9c19-59d2-47bf-9b98-91eadbe62e56-0,,,follow-alpha-enola-holmes,2024-05-13 13:28:34,follow-release-date-2020-09-23,follow-follow-date-1715606914,7440,2020-09-23 00:00:00,Enola Holmes,movie,follow,cf2b9c19-59d2-47bf-9b98-91eadbe62e56,2024-05-13 13:28:34,,,,
75184478,follow-cf81c34e-83c9-4405-b449-47ea544a554f-0,,,follow-alpha-red-one,2026-06-15 17:33:41,follow-release-date-2024-11-06,follow-follow-date-1781544821,7380,2024-11-06 00:00:00,Red One,movie,follow,cf81c34e-83c9-4405-b449-47ea544a554f,2026-06-15 17:33:41,,,,
75184478,follow-d041f6e7-b700-41ce-ba87-cbec0b5e7854-0,,,"follow-alpha-to-me,-the-one-who-loved-you",2025-09-04 09:54:12,follow-release-date-2022-10-07,follow-follow-date-1756979652,5880,2022-10-07 00:00:00,君を愛したひとりの僕へ,movie,follow,d041f6e7-b700-41ce-ba87-cbec0b5e7854,2025-09-04 09:54:12,,,,
75184478,follow-d12363e1-aac3-43f6-bde5-e38e30b1f784-0,,,follow-alpha-naa-saami-ranga,2025-05-29 13:39:58,follow-release-date-2024-01-14,follow-follow-date-1748525998,8640,2024-01-14 00:00:00,నా సామిరంగ,movie,follow,d12363e1-aac3-43f6-bde5-e38e30b1f784,2025-05-29 13:39:58,,,,
75184478,follow-d12ca7db-3404-468b-a5bc-90c89fa9289f-0,,,follow-alpha-mission-impossible---the-final-reckoning,2025-09-29 05:01:15,follow-release-date-2025-05-17,follow-follow-date-1759122075,10200,2025-05-17 00:00:00,Mission: Impossible - The Final Reckoning,movie,follow,d12ca7db-3404-468b-a5bc-90c89fa9289f,2025-09-29 05:01:15,,,,
75184478,follow-d15fc3e3-a674-4f98-979d-29a548ec8a85-0,,,follow-alpha-the-quintessential-quintuplets-movie,2026-06-21 03:45:09,follow-release-date-2022-05-20,follow-follow-date-1782013509,8160,2022-05-20 00:00:00,映画 五等分の花嫁,movie,follow,d15fc3e3-a674-4f98-979d-29a548ec8a85,2026-06-21 03:45:09,,,,
75184478,follow-d1bcb2ec-7a87-4686-9af1-44f4510fe80f-0,,,follow-alpha-the-dark-knight-rises,2025-03-14 12:27:32,follow-release-date-2012-08-29,follow-follow-date-1741955252,9840,2012-08-29 00:00:00,The Dark Knight Rises,movie,follow,d1bcb2ec-7a87-4686-9af1-44f4510fe80f,2025-03-14 12:27:32,,,,
75184478,follow-d1dd4499-2ae9-4fa6-8a80-cae402ac4409-0,,,follow-alpha-a-million-ways-to-die-in-the-west,2024-09-06 14:55:02,follow-release-date-2014-07-02,follow-follow-date-1725634502,6960,2014-07-02 00:00:00,A Million Ways to Die in the West,movie,follow,d1dd4499-2ae9-4fa6-8a80-cae402ac4409,2024-09-06 14:55:02,,,,
75184478,follow-d230afda-20d5-411b-9785-d0c9435dc9b2-0,,,follow-alpha-mission-impossible,2025-09-02 16:07:16,follow-release-date-1996-08-30,follow-follow-date-1756829236,6600,1996-08-30 00:00:00,Mission: Impossible,movie,follow,d230afda-20d5-411b-9785-d0c9435dc9b2,2025-09-02 16:07:16,,,,
75184478,follow-d2faf26a-8200-47a9-aba6-8d3d8d7ff147-0,,,follow-alpha-mujhse-shaadi-karogi,2024-06-21 17:58:55,follow-release-date-2004-07-30,follow-follow-date-1718992735,9840,2004-07-30 00:00:00,Mujhse Shaadi Karogi,movie,follow,d2faf26a-8200-47a9-aba6-8d3d8d7ff147,2024-06-21 17:58:55,,,,
75184478,follow-d356ed86-effc-4d59-a145-727ae1b23546-0,,,follow-alpha-star-wars-the-force-awakens,2025-12-18 15:46:55,follow-release-date-2015-12-16,follow-follow-date-1766072815,8280,2015-12-16 00:00:00,Star Wars: The Force Awakens,movie,follow,d356ed86-effc-4d59-a145-727ae1b23546,2025-12-18 15:46:55,,,,
75184478,follow-d3ff6d88-18ba-4c55-9d6e-e00b4d3f956e-0,,,follow-alpha-spider-man-homecoming,2023-12-22 06:39:23,follow-release-date-2017-07-06,follow-follow-date-1703227163,,2017-07-06 00:00:00,Spider-Man: Homecoming,movie,follow,d3ff6d88-18ba-4c55-9d6e-e00b4d3f956e,2023-12-22 06:39:23,0,,,
75184478,follow-d42b395b-4bba-4046-a682-d1c6a69fe663-0,,,follow-alpha-captain-america-the-first-avenger,2024-05-13 13:13:11,follow-release-date-2011-11-29,follow-follow-date-1715605991,7440,2011-11-29 00:00:00,Captain America: The First Avenger,movie,follow,d42b395b-4bba-4046-a682-d1c6a69fe663,2024-05-13 13:13:11,,,,
75184478,follow-d42d83d6-dfaa-4a2c-8d81-0e2bca155a9d-0,,,follow-alpha-dhurandhar-the-revenge,2026-02-06 17:17:33,follow-release-date-2026-03-19,follow-follow-date-1770398253,12600,2026-03-19 00:00:00,धुरंधर: द रिवेंज,movie,follow,d42d83d6-dfaa-4a2c-8d81-0e2bca155a9d,2026-02-06 17:17:33,,,,
75184478,follow-d47eb977-5b5c-4a19-82c3-a4316a21f478-0,,,follow-alpha-rockstar,2024-06-21 18:07:24,follow-release-date-2011-11-11,follow-follow-date-1718993244,9540,2011-11-11 00:00:00,Rockstar,movie,follow,d47eb977-5b5c-4a19-82c3-a4316a21f478,2024-06-21 18:07:24,,,,
75184478,follow-d50129a9-d630-4ec3-8162-48b1150689eb-0,,,follow-alpha-demon-slayer-kimetsu-no-yaiba---infinity-castle,2024-07-13 12:42:08,follow-release-date-tbd,follow-follow-date-1720874528,,,劇場版「鬼滅の刃」無限城編 第一章 猗窩座再来,movie,follow,d50129a9-d630-4ec3-8162-48b1150689eb,2024-07-13 12:42:08,,,,
75184478,follow-d55e956e-20f4-4d9f-9bb2-186d2e999cd2-0,,,follow-alpha-return-of-the-jedi,2025-12-21 09:58:21,follow-release-date-1983-12-16,follow-follow-date-1766311101,8040,1983-12-16 00:00:00,Return of the Jedi,movie,follow,d55e956e-20f4-4d9f-9bb2-186d2e999cd2,2025-12-21 09:58:21,,,,
75184478,follow-d5fe650f-08c6-43aa-bb2a-ec010a305c8b-0,,,follow-alpha-pushpa-2-the-rule,2024-12-09 11:38:51,follow-release-date-2024-12-05,follow-follow-date-1733744331,12000,2024-12-05 00:00:00,పుష్ప 2 : ది రూల్,movie,follow,d5fe650f-08c6-43aa-bb2a-ec010a305c8b,2024-12-09 11:38:51,,,,
75184478,follow-d6423a20-d8dd-4521-8fd4-050713a7e9a3-0,,,follow-alpha-star-wars-the-last-jedi,2025-12-18 15:46:38,follow-release-date-2017-12-13,follow-follow-date-1766072798,9120,2017-12-13 00:00:00,Star Wars: The Last Jedi,movie,follow,d6423a20-d8dd-4521-8fd4-050713a7e9a3,2025-12-18 15:46:38,,,,
75184478,follow-d6586f35-cb87-43d7-b2ac-267017a1b06f-0,,,follow-alpha-any-body-can-dance-2,2024-06-21 17:58:46,follow-release-date-2015-06-19,follow-follow-date-1718992726,9240,2015-06-19 00:00:00,एबीसीडी 2,movie,follow,d6586f35-cb87-43d7-b2ac-267017a1b06f,2024-06-21 17:58:46,,,,
75184478,follow-d7795e3d-1dc5-43a4-a201-36da7c228745-0,,,follow-alpha-love-today,2025-04-10 18:32:28,follow-release-date-2022-11-04,follow-follow-date-1744309948,9240,2022-11-04 00:00:00,லவ் டுடே,movie,follow,d7795e3d-1dc5-43a4-a201-36da7c228745,2025-04-10 18:32:28,,,,
75184478,follow-d7fe4629-9672-47d2-bb92-5cc0a232bc91-0,,,follow-alpha-wreck-it-ralph,2023-12-22 12:54:32,follow-release-date-2012-12-25,follow-follow-date-1703249672,6060,2012-12-25 00:00:00,Wreck-It Ralph,movie,follow,d7fe4629-9672-47d2-bb92-5cc0a232bc91,2023-12-22 12:54:32,,,,
75184478,follow-d85318fd-ea57-495d-add5-239ded1489c1-0,,,follow-alpha-scooby-doo-in-where's-my-mummy,2025-09-06 07:28:44,follow-release-date-2005-11-24,follow-follow-date-1757143724,4500,2005-11-24 00:00:00,Scooby-Doo! in Where's My Mummy?,movie,follow,d85318fd-ea57-495d-add5-239ded1489c1,2025-09-06 07:28:44,,,,
75184478,follow-d9aff53e-d802-4661-9c5a-ddb1c2a5cb97-0,,,follow-alpha-tangled,2024-05-13 13:12:15,follow-release-date-2011-01-28,follow-follow-date-1715605935,6000,2011-01-28 00:00:00,Tangled,movie,follow,d9aff53e-d802-4661-9c5a-ddb1c2a5cb97,2024-05-13 13:12:15,,,,
75184478,follow-db430e6d-193b-45bc-aeac-7087b736331b-0,,,follow-alpha-the-fate-of-the-furious,2025-04-12 04:16:23,follow-release-date-2017-04-13,follow-follow-date-1744431383,8160,2017-04-13 00:00:00,The Fate of the Furious,movie,follow,db430e6d-193b-45bc-aeac-7087b736331b,2025-04-12 04:16:23,,,,
75184478,follow-db78bc92-c150-414c-98ab-dbcf44781243-0,,,follow-alpha-stree,2024-10-03 05:18:35,follow-release-date-2018-08-31,follow-follow-date-1727932715,7680,2018-08-31 00:00:00,स्त्री,movie,follow,db78bc92-c150-414c-98ab-dbcf44781243,2024-10-03 05:18:35,,,,
75184478,follow-dbaa74e8-bbb3-428f-89da-85c171aae072-0,,,follow-alpha-gunturu-kaaram,2024-03-06 10:38:45,follow-release-date-2024-01-12,follow-follow-date-1709721525,9540,2024-01-12 00:00:00,గుంటూరు కారం,movie,follow,dbaa74e8-bbb3-428f-89da-85c171aae072,2024-03-06 10:38:45,,,,
75184478,follow-dc247658-40e7-4519-9216-2bbab219b5dd-0,,,follow-alpha-kgf-chapter-1,2024-06-21 18:02:57,follow-release-date-2018-12-21,follow-follow-date-1718992977,9360,2018-12-21 00:00:00,ಕೆ.ಜಿ.ಎಫ್: ಅಧ್ಯಾಯ ೧,movie,follow,dc247658-40e7-4519-9216-2bbab219b5dd,2024-06-21 18:02:57,,,,
75184478,follow-dc4fcd8d-19c9-417b-9fd0-ebdd66efe460-0,,,follow-alpha-dilwale,2024-11-05 11:42:30,follow-release-date-2015-12-18,follow-follow-date-1730806950,9480,2015-12-18 00:00:00,दिलवाले,movie,follow,dc4fcd8d-19c9-417b-9fd0-ebdd66efe460,2024-11-05 11:42:30,,,,
75184478,follow-dde6f77b-beab-4f91-9a72-6ea07d80077c-0,,,follow-alpha-smile,2025-01-26 10:17:07,follow-release-date-2022-09-30,follow-follow-date-1737886627,6900,2022-09-30 00:00:00,Smile,movie,follow,dde6f77b-beab-4f91-9a72-6ea07d80077c,2025-01-26 10:17:07,,,,
75184478,follow-de1668bc-c004-423c-82c9-23e83344f702-0,,,follow-alpha-the-seven-deadly-sins-prisoners-of-the-sky,2023-12-25 11:03:24,follow-release-date-2018-12-31,follow-follow-date-1703502204,5940,2018-12-31 00:00:00,劇場版 七つの大罪 天空の囚われ人,movie,follow,de1668bc-c004-423c-82c9-23e83344f702,2023-12-25 11:03:24,,,,
75184478,follow-de398a3d-5f4d-4121-85a8-047242dd846e-0,,,follow-alpha-spider-man,2024-05-13 13:13:25,follow-release-date-2002-06-21,follow-follow-date-1715606005,7260,2002-06-21 00:00:00,Spider-Man,movie,follow,de398a3d-5f4d-4121-85a8-047242dd846e,2024-05-13 13:13:25,,,,
75184478,follow-de9f4f37-5794-434e-88db-f4ac6508ff01-0,,,follow-alpha-the-incredibles,2024-01-09 15:04:29,follow-release-date-2004-11-26,follow-follow-date-1704812669,6900,2004-11-26 00:00:00,The Incredibles,movie,follow,de9f4f37-5794-434e-88db-f4ac6508ff01,2024-01-09 15:04:29,,,,
75184478,follow-df9d8522-d060-4277-b7c2-addceadf8fe3-0,,,follow-alpha-iron-man-2,2024-05-13 13:29:49,follow-release-date-2010-04-30,follow-follow-date-1715606989,7440,2010-04-30 00:00:00,Iron Man 2,movie,follow,df9d8522-d060-4277-b7c2-addceadf8fe3,2024-05-13 13:29:49,,,,
75184478,follow-dfe92d1c-0125-4f6d-a9d3-35443b5a9aac-0,,,follow-alpha-harry-potter-and-the-prisoner-of-azkaban,2023-12-22 06:39:23,follow-release-date-2004-06-03,follow-follow-date-1703227163,,2004-06-03 00:00:00,Harry Potter and the Prisoner of Azkaban,movie,follow,dfe92d1c-0125-4f6d-a9d3-35443b5a9aac,2023-12-22 06:39:23,0,,,
75184478,follow-e02e9914-9009-4f59-b66e-6834f5fe6afc-0,,,follow-alpha-ant-man-and-the-wasp,2024-05-13 13:15:00,follow-release-date-2018-07-04,follow-follow-date-1715606100,7080,2018-07-04 00:00:00,Ant-Man and the Wasp,movie,follow,e02e9914-9009-4f59-b66e-6834f5fe6afc,2024-05-13 13:15:00,,,,
75184478,follow-e0c1c564-3875-47f4-a64d-e9d04f0bba59-0,,,follow-alpha-the-extraordinary-journey-of-the-fakir,2025-02-25 15:23:38,follow-release-date-2018-05-30,follow-follow-date-1740497018,5760,2018-05-30 00:00:00,The Extraordinary Journey of the Fakir,movie,follow,e0c1c564-3875-47f4-a64d-e9d04f0bba59,2025-02-25 15:23:38,,,,
75184478,follow-e16e4a64-2ec9-4363-b468-11d40fad789e-0,,,follow-alpha-tron-legacy,2025-11-18 16:12:52,follow-release-date-2010-12-29,follow-follow-date-1763482372,7500,2010-12-29 00:00:00,TRON: Legacy,movie,follow,e16e4a64-2ec9-4363-b468-11d40fad789e,2025-11-18 16:12:52,,,,
75184478,follow-e170a5e7-40d9-4bd5-ad18-6c2848dc8b9a-0,,,follow-alpha-tomb-raider,2024-05-13 13:23:27,follow-release-date-2018-03-05,follow-follow-date-1715606607,7080,2018-03-05 00:00:00,Tomb Raider,movie,follow,e170a5e7-40d9-4bd5-ad18-6c2848dc8b9a,2024-05-13 13:23:27,,,,
75184478,follow-e1b3f62f-9101-47c3-8632-db2f386bba37-0,,,follow-alpha-chhaava,2025-03-15 08:30:51,follow-release-date-2025-02-14,follow-follow-date-1742027451,9660,2025-02-14 00:00:00,छावा,movie,follow,e1b3f62f-9101-47c3-8632-db2f386bba37,2025-03-15 08:30:51,,,,
75184478,follow-e3d5db7d-2462-42e7-8449-535d707db8ee-0,,,follow-alpha-suzume,2023-12-22 12:17:42,follow-release-date-2023-04-14,follow-follow-date-1703247462,7320,2023-04-14 00:00:00,すずめの戸締まり,movie,follow,e3d5db7d-2462-42e7-8449-535d707db8ee,2023-12-22 12:17:42,,,,
75184478,follow-e48184fb-64b8-4b9b-957e-9025bd549334-0,,,follow-alpha-unfriended,2025-01-26 10:19:36,follow-release-date-2015-04-17,follow-follow-date-1737886776,4920,2015-04-17 00:00:00,Unfriended,movie,follow,e48184fb-64b8-4b9b-957e-9025bd549334,2025-01-26 10:19:36,,,,
75184478,follow-e53ba0b2-b8da-4299-92fc-8a197083b5e2-0,,,follow-alpha-the-jungle-book,2024-05-13 13:24:01,follow-release-date-2016-04-14,follow-follow-date-1715606641,6360,2016-04-14 00:00:00,The Jungle Book,movie,follow,e53ba0b2-b8da-4299-92fc-8a197083b5e2,2024-05-13 13:24:01,,,,
75184478,follow-e598e977-8fe6-4e0d-8def-da1537e82549-0,,,follow-alpha-puss-in-boots,2025-08-14 04:26:36,follow-release-date-2011-11-25,follow-follow-date-1755145596,5400,2011-11-25 00:00:00,Puss in Boots,movie,follow,e598e977-8fe6-4e0d-8def-da1537e82549,2025-08-14 04:26:36,,,,
75184478,follow-e61d6466-d456-43e8-bc3f-bcdfcc54269e-0,,,follow-alpha-percy-jackson-sea-of-monsters,2024-05-13 13:23:04,follow-release-date-2013-09-13,follow-follow-date-1715606584,8700,2013-09-13 00:00:00,Percy Jackson: Sea of Monsters,movie,follow,e61d6466-d456-43e8-bc3f-bcdfcc54269e,2024-05-13 13:23:04,,,,
75184478,follow-e6a7e5bc-c204-4a44-a7df-554df5dfba5a-0,,,follow-alpha-son-of-satyamurthy,2024-11-05 11:38:41,follow-release-date-2015-04-09,follow-follow-date-1730806721,9720,2015-04-09 00:00:00,Son of Satyamurthy,movie,follow,e6a7e5bc-c204-4a44-a7df-554df5dfba5a,2024-11-05 11:38:41,,,,
75184478,follow-e6d0fab8-d153-4172-90b5-aa5c288144a7-0,,,follow-alpha-yevadu,2024-11-05 11:41:13,follow-release-date-2014-01-12,follow-follow-date-1730806873,9960,2014-01-12 00:00:00,Yevadu,movie,follow,e6d0fab8-d153-4172-90b5-aa5c288144a7,2024-11-05 11:41:13,,,,
75184478,follow-e7f75a94-02a6-42bf-b03d-9f89fe52b197-0,,,follow-alpha-kabir-singh,2024-06-21 18:04:33,follow-release-date-2019-06-21,follow-follow-date-1718993073,10380,2019-06-21 00:00:00,Kabir Singh,movie,follow,e7f75a94-02a6-42bf-b03d-9f89fe52b197,2024-06-21 18:04:33,,,,
75184478,follow-e86ad74f-3e3d-45cf-8c55-c5a5f8938748-0,,,follow-alpha-incredibles-2,2024-05-13 13:17:02,follow-release-date-2018-08-03,follow-follow-date-1715606222,7080,2018-08-03 00:00:00,Incredibles 2,movie,follow,e86ad74f-3e3d-45cf-8c55-c5a5f8938748,2024-05-13 13:17:02,,,,
75184478,follow-e91787ad-b0e7-4b20-be4b-0a5181f5fd5a-0,,,follow-alpha-hello-world,2024-07-28 03:46:13,follow-release-date-2019-11-07,follow-follow-date-1722138373,5880,2019-11-07 00:00:00,ハロー・ワールド,movie,follow,e91787ad-b0e7-4b20-be4b-0a5181f5fd5a,2024-07-28 03:46:13,,,,
75184478,follow-e9190e54-2df4-4438-a1d2-18653df667da-0,,,follow-alpha-maayon,2024-12-11 19:06:08,follow-release-date-2021-11-26,follow-follow-date-1733943968,7800,2021-11-26 00:00:00,Maayon,movie,follow,e9190e54-2df4-4438-a1d2-18653df667da,2024-12-11 19:06:08,,,,
75184478,follow-e9b80d08-afa2-4a4f-b144-62517b6836cd-0,,,follow-alpha-brahman-naman,2025-07-28 01:22:21,follow-release-date-2016-01-24,follow-follow-date-1753665741,5640,2016-01-24 00:00:00,Brahman Naman,movie,follow,e9b80d08-afa2-4a4f-b144-62517b6836cd,2025-07-28 01:22:21,,,,
75184478,follow-e9c52bae-c6e7-44ff-8041-0710df97fec3-0,,,follow-alpha-ant-man,2024-01-09 15:04:17,follow-release-date-2015-07-24,follow-follow-date-1704812657,7020,2015-07-24 00:00:00,Ant-Man,movie,follow,e9c52bae-c6e7-44ff-8041-0710df97fec3,2024-01-09 15:04:17,,,,
75184478,follow-ea2c6fa3-053f-4cc3-b34c-9bcf519b695f-0,,,follow-alpha-spider-man-far-from-home,2023-12-22 06:39:23,follow-release-date-2019-07-05,follow-follow-date-1703227163,,2019-07-05 00:00:00,Spider-Man: Far From Home,movie,follow,ea2c6fa3-053f-4cc3-b34c-9bcf519b695f,2023-12-22 06:39:23,0,,,
75184478,follow-ead87c84-1133-496a-89bf-2239b84de23f-0,,,follow-alpha-ready-or-not,2025-06-21 12:22:58,follow-release-date-2019-10-24,follow-follow-date-1750508578,5700,2019-10-24 00:00:00,Ready or Not,movie,follow,ead87c84-1133-496a-89bf-2239b84de23f,2025-06-21 12:22:58,,,,
75184478,follow-eb72df6a-4f80-4591-b986-b8e405808734-0,,,follow-alpha-a-minecraft-movie,2025-10-05 06:03:32,follow-release-date-2025-04-03,follow-follow-date-1759644212,6060,2025-04-03 00:00:00,A Minecraft Movie,movie,follow,eb72df6a-4f80-4591-b986-b8e405808734,2025-10-05 06:03:32,,,,
75184478,follow-ebd5a22b-da18-4c63-bc2b-4a45c3180995-0,,,follow-alpha-jujutsu-kaisen-0,2023-12-25 01:54:09,follow-release-date-2022-05-19,follow-follow-date-1703469249,6300,2022-05-19 00:00:00,劇場版 呪術廻戦 0,movie,follow,ebd5a22b-da18-4c63-bc2b-4a45c3180995,2023-12-25 01:54:09,,,,
75184478,follow-ecb0109c-f53c-4d94-95fe-910ef8dda64a-0,,,follow-alpha-ant-man-and-the-wasp-quantumania,2024-05-13 13:21:04,follow-release-date-2023-02-15,follow-follow-date-1715606464,7440,2023-02-15 00:00:00,Ant-Man and the Wasp: Quantumania,movie,follow,ecb0109c-f53c-4d94-95fe-910ef8dda64a,2024-05-13 13:21:04,,,,
75184478,follow-ed2af048-18a6-4810-b9b0-3bccbe64acf5-0,,,follow-alpha-attarintiki-daredi,2024-11-05 11:40:30,follow-release-date-2013-09-27,follow-follow-date-1730806830,10500,2013-09-27 00:00:00,అత్తారింటికి దారేది,movie,follow,ed2af048-18a6-4810-b9b0-3bccbe64acf5,2024-11-05 11:40:30,,,,
75184478,follow-ed99afbd-e13e-43f5-b67a-d7b1ba54fecc-0,,,follow-alpha-phobia,2024-11-11 15:16:16,follow-release-date-2016-05-27,follow-follow-date-1731338176,6720,2016-05-27 00:00:00,Phobia,movie,follow,ed99afbd-e13e-43f5-b67a-d7b1ba54fecc,2024-11-11 15:16:16,,,,
75184478,follow-ee9585dc-4d41-408d-b0eb-541fd40a2885-0,,,follow-alpha-demon-slayer-kimetsu-no-yaiba---infinity-castle-3,2024-07-13 12:42:26,follow-release-date-tbd,follow-follow-date-1720874546,,,劇場版「鬼滅の刃」無限城編 3 ,movie,follow,ee9585dc-4d41-408d-b0eb-541fd40a2885,2024-07-13 12:42:26,,,,
75184478,follow-eeca34eb-a4c3-4e35-be6e-6c31f875ce56-0,,,follow-alpha-home-alone,2024-01-09 15:04:04,follow-release-date-1990-11-16,follow-follow-date-1704812644,6180,1990-11-16 00:00:00,Home Alone,movie,follow,eeca34eb-a4c3-4e35-be6e-6c31f875ce56,2024-01-09 15:04:04,,,,
75184478,follow-eecf82f0-3463-4545-a49e-f437a6c59850-0,,,follow-alpha-bharat,2024-11-05 11:37:54,follow-release-date-2019-06-07,follow-follow-date-1730806674,9000,2019-06-07 00:00:00,Bharat,movie,follow,eecf82f0-3463-4545-a49e-f437a6c59850,2024-11-05 11:37:54,,,,
75184478,follow-ef661837-7d45-4ace-80d7-9bb4b0d2f46a-0,,,follow-alpha-minions-the-rise-of-gru,2024-12-28 16:03:06,follow-release-date-2022-07-01,follow-follow-date-1735401786,5280,2022-07-01 00:00:00,Minions: The Rise of Gru,movie,follow,ef661837-7d45-4ace-80d7-9bb4b0d2f46a,2024-12-28 16:03:06,,,,
75184478,follow-ef913269-e63e-4569-a68e-4edc68b1da2b-0,,,follow-alpha-the-fast-and-the-furious,2025-04-08 15:37:18,follow-release-date-2001-09-21,follow-follow-date-1744126638,6360,2001-09-21 00:00:00,The Fast and the Furious,movie,follow,ef913269-e63e-4569-a68e-4edc68b1da2b,2025-04-08 15:37:18,,,,
75184478,follow-f00f5dda-cebe-496e-b43b-3dbcb2953dee-0,,,follow-alpha-harry-potter-and-the-deathly-hallows-part-1,2024-05-13 13:29:29,follow-release-date-2010-11-11,follow-follow-date-1715606969,8760,2010-11-11 00:00:00,Harry Potter and the Deathly Hallows: Part 1,movie,follow,f00f5dda-cebe-496e-b43b-3dbcb2953dee,2024-05-13 13:29:29,,,,
75184478,follow-f0915fae-e5f9-4fd8-a426-c2ca4e7db004-0,,,follow-alpha-war,2023-12-25 07:35:57,follow-release-date-2019-10-03,follow-follow-date-1703489757,9120,2019-10-03 00:00:00,वॉर,movie,follow,f0915fae-e5f9-4fd8-a426-c2ca4e7db004,2023-12-25 07:35:57,,,,
75184478,follow-f252f4bc-ea5e-430d-a977-e52a3b9ad2e7-0,,,follow-alpha-sarfira,2024-12-31 15:37:31,follow-release-date-2024-07-12,follow-follow-date-1735659451,9180,2024-07-12 00:00:00,Sarfira,movie,follow,f252f4bc-ea5e-430d-a977-e52a3b9ad2e7,2024-12-31 15:37:31,,,,
75184478,follow-f45c70ab-45ef-4938-8ec1-883a5e8b6fda-0,,,follow-alpha-lucy,2024-05-13 13:14:49,follow-release-date-2014-08-22,follow-follow-date-1715606089,5340,2014-08-22 00:00:00,Lucy,movie,follow,f45c70ab-45ef-4938-8ec1-883a5e8b6fda,2024-05-13 13:14:49,,,,
75184478,follow-f5160c51-fe1d-4a13-beef-cafa1a619cad-0,,,follow-alpha-eega,2024-11-05 11:39:12,follow-release-date-2012-07-05,follow-follow-date-1730806752,8700,2012-07-05 00:00:00,Eega,movie,follow,f5160c51-fe1d-4a13-beef-cafa1a619cad,2024-11-05 11:39:12,,,,
75184478,follow-f5b28e0c-7166-4005-aaab-58f0141883c5-0,,,follow-alpha-bala,2024-06-21 18:04:49,follow-release-date-2019-11-08,follow-follow-date-1718993089,7980,2019-11-08 00:00:00,बाला,movie,follow,f5b28e0c-7166-4005-aaab-58f0141883c5,2024-06-21 18:04:49,,,,
75184478,follow-f613977b-515b-44af-b9ce-1936d42db749-0,,,follow-alpha-annapoorani,2024-01-06 07:59:19,follow-release-date-2023-12-01,follow-follow-date-1704527959,8760,2023-12-01 00:00:00,அன்னபூரணி,movie,follow,f613977b-515b-44af-b9ce-1936d42db749,2024-01-06 07:59:19,,,,
75184478,follow-f6987486-5380-4f63-b80c-cd7a35b616eb-0,,,follow-alpha-toy-story,2024-05-13 13:13:16,follow-release-date-1996-03-29,follow-follow-date-1715605996,4860,1996-03-29 00:00:00,Toy Story,movie,follow,f6987486-5380-4f63-b80c-cd7a35b616eb,2024-05-13 13:13:16,,,,
75184478,follow-f77e9094-d3c5-4958-b0f9-c1fed504520f-0,,,follow-alpha-wrong-turn-2-dead-end,2025-10-25 11:50:46,follow-release-date-2007-08-25,follow-follow-date-1761393046,5760,2007-08-25 00:00:00,Wrong Turn 2: Dead End,movie,follow,f77e9094-d3c5-4958-b0f9-c1fed504520f,2025-10-25 11:50:46,,,,
75184478,follow-f7fbc95e-e08d-45df-bb2c-3b109ef658e4-0,,,follow-alpha-om-shanti-om,2024-12-09 09:18:53,follow-release-date-2007-11-09,follow-follow-date-1733735933,10200,2007-11-09 00:00:00,ओम शांति ओम,movie,follow,f7fbc95e-e08d-45df-bb2c-3b109ef658e4,2024-12-09 09:18:53,,,,
75184478,follow-f812aad9-24b9-42cf-8f31-2e5bd2f7a0f9-0,,,follow-alpha-thor-ragnarok,2023-12-22 06:39:23,follow-release-date-2017-10-26,follow-follow-date-1703227163,,2017-10-26 00:00:00,Thor: Ragnarok,movie,follow,f812aad9-24b9-42cf-8f31-2e5bd2f7a0f9,2023-12-22 06:39:23,0,,,
75184478,follow-f8db6552-e27f-4844-b341-3889071bf7e7-0,,,follow-alpha-magadheera,2024-11-05 11:39:57,follow-release-date-2009-07-31,follow-follow-date-1730806797,9840,2009-07-31 00:00:00,Magadheera,movie,follow,f8db6552-e27f-4844-b341-3889071bf7e7,2024-11-05 11:39:57,,,,
75184478,follow-fa31c4b4-bf6e-42a9-8f7e-a5ee933309ef-0,,,follow-alpha-one-piece-stampede,2023-12-22 07:47:44,follow-release-date-2020-01-23,follow-follow-date-1703231264,6120,2020-01-23 00:00:00,ワンピース スタンピード,movie,follow,fa31c4b4-bf6e-42a9-8f7e-a5ee933309ef,2023-12-22 07:47:44,,,,
75184478,follow-fa5b623e-54d5-4547-92b9-a358b4444006-0,,,follow-alpha-fast-&-furious-6,2025-04-12 04:15:55,follow-release-date-2013-05-21,follow-follow-date-1744431355,7800,2013-05-21 00:00:00,Fast & Furious 6,movie,follow,fa5b623e-54d5-4547-92b9-a358b4444006,2025-04-12 04:15:55,,,,
75184478,follow-fa61246c-784f-41c0-84d1-005d5b7bcf11-0,,,follow-alpha-28-years-later,2025-05-13 16:43:09,follow-release-date-2025-06-19,follow-follow-date-1747154589,7560,2025-06-19 00:00:00,28 Years Later,movie,follow,fa61246c-784f-41c0-84d1-005d5b7bcf11,2025-05-13 16:43:09,,,,
75184478,follow-fba77bbb-092b-4d99-a68a-af6a70f284e8-0,,,follow-alpha-harry-potter-and-the-goblet-of-fire,2023-12-22 06:39:23,follow-release-date-2005-11-25,follow-follow-date-1703227163,,2005-11-25 00:00:00,Harry Potter and the Goblet of Fire,movie,follow,fba77bbb-092b-4d99-a68a-af6a70f284e8,2023-12-22 06:39:23,0,,,
75184478,follow-fcbc89f0-3faf-4fc5-8f0d-a4b809761cfb-0,,,follow-alpha-into-the-forest-of-fireflies'-light,2024-06-16 14:00:27,follow-release-date-2011-09-17,follow-follow-date-1718546427,2700,2011-09-17 00:00:00,蛍火の杜へ,movie,follow,fcbc89f0-3faf-4fc5-8f0d-a4b809761cfb,2024-06-16 14:00:27,,,,
75184478,follow-fdc6b5eb-bc2d-4639-98f5-ba342c2fd204-0,,,follow-alpha-doraemon-the-movie-nobita's-treasure-island,2023-12-22 07:45:10,follow-release-date-2018-03-03,follow-follow-date-1703231110,6540,2018-03-03 00:00:00,Doraemon the Movie: Nobita's Treasure Island,movie,follow,fdc6b5eb-bc2d-4639-98f5-ba342c2fd204,2023-12-22 07:45:10,,,,
75184478,follow-fe040628-4c70-4728-8eab-8d9e778b3920-0,,,follow-alpha-the-maze-runner,2024-05-13 13:28:12,follow-release-date-2014-09-19,follow-follow-date-1715606892,6780,2014-09-19 00:00:00,The Maze Runner,movie,follow,fe040628-4c70-4728-8eab-8d9e778b3920,2024-05-13 13:28:12,,,,
75184478,follow-fedb2be0-3dc5-45c6-b5cd-81755e2c4d03-0,,,follow-alpha-final-destination-3,2025-03-31 21:57:45,follow-release-date-2006-02-09,follow-follow-date-1743458265,5580,2006-02-09 00:00:00,Final Destination 3,movie,follow,fedb2be0-3dc5-45c6-b5cd-81755e2c4d03,2025-03-31 21:57:45,,,,
75184478,follow-ff07a778-cf94-4243-a8ca-ec401f51f579-0,,,follow-alpha-mangalavaaram,2024-12-11 17:07:54,follow-release-date-2023-11-17,follow-follow-date-1733936874,8700,2023-11-17 00:00:00,Mangalavaaram,movie,follow,ff07a778-cf94-4243-a8ca-ec401f51f579,2024-12-11 17:07:54,,,,
75184478,follow-ff0b6c22-86f7-4903-a5cf-9cff2eff11e4-0,,,follow-alpha-gabbar-singh,2024-11-05 11:40:02,follow-release-date-2012-05-11,follow-follow-date-1730806802,9180,2012-05-11 00:00:00,Gabbar Singh,movie,follow,ff0b6c22-86f7-4903-a5cf-9cff2eff11e4,2024-11-05 11:40:02,,,,
75184478,follow-ff205fa0-a2d9-4745-91eb-5b5a6c0eaeca-0,,,follow-alpha-radhe-shyam,2024-11-05 11:41:31,follow-release-date-2022-03-11,follow-follow-date-1730806891,8280,2022-03-11 00:00:00,Radhe Shyam,movie,follow,ff205fa0-a2d9-4745-91eb-5b5a6c0eaeca,2024-11-05 11:41:31,,,,
75184478,follow-ff9e5f23-4d08-4df8-bbdc-27bf0abb261f-0,,,follow-alpha-pokémon-the-movie-i-choose-you,2026-06-27 08:30:31,follow-release-date-2017-07-15,follow-follow-date-1782549031,5820,2017-07-15 00:00:00,劇場版ポケットモンスター キミにきめた!,movie,follow,ff9e5f23-4d08-4df8-bbdc-27bf0abb261f,2026-06-27 08:30:31,,,,
75184478,rewatch-a12476be-06d4-469e-8f34-0a04f2f58982-1,,,rewatch-alpha-shiddat,2026-01-13 13:05:49,rewatch-release-date-2021-10-01,,8760,2021-10-01 00:00:00,Shiddat,movie,rewatch,a12476be-06d4-469e-8f34-0a04f2f58982,2026-01-13 13:05:49,1,,,
75184478,rewatch_count-29325fae-877b-4c14-bd06-deb1cd4ee18d,,,rewatch_count-alpha-watch-alpha-sonic-the-hedgehog-2,2025-01-30 15:33:01,rewatch_count-release-date-2022-04-22,,7440,2022-04-22 00:00:00,Sonic the Hedgehog 2,movie,rewatch_count,29325fae-877b-4c14-bd06-deb1cd4ee18d,2025-01-30 15:33:01,0,,,
75184478,rewatch_count-831f05ea-de4a-44a8-8f28-83b208a05da1,,,rewatch_count-alpha-watch-alpha-jumanji,2023-12-22 07:23:10,rewatch_count-release-date-1996-02-12,,6240,1996-02-12 00:00:00,Jumanji,movie,rewatch_count,831f05ea-de4a-44a8-8f28-83b208a05da1,2023-12-22 07:23:10,0,,,
75184478,rewatch_count-91e97843-f1f5-487f-996d-50e8c580450d,,,rewatch_count-alpha-watch-alpha-kung-fu-panda-4,2025-09-04 09:51:40,rewatch_count-release-date-2024-03-28,,5760,2024-03-28 00:00:00,Kung Fu Panda 4,movie,rewatch_count,91e97843-f1f5-487f-996d-50e8c580450d,2025-09-04 09:51:40,0,,,
75184478,rewatch_count-a12476be-06d4-469e-8f34-0a04f2f58982,,,rewatch_count-alpha-shiddat,2026-01-13 13:05:49,rewatch_count-release-date-2021-10-01,,8760,2021-10-01 00:00:00,Shiddat,movie,rewatch_count,a12476be-06d4-469e-8f34-0a04f2f58982,2026-01-13 13:05:49,1,,,
75184478,rewatch_count-a70ac291-93e8-464b-8e96-ddc63bca05eb,,,rewatch_count-alpha-watch-alpha-imaginary,2025-04-15 03:22:07,rewatch_count-release-date-2024-03-08,,6240,2024-03-08 00:00:00,Imaginary,movie,rewatch_count,a70ac291-93e8-464b-8e96-ddc63bca05eb,2025-04-15 03:22:07,0,,,
75184478,time-count,,,,2023-12-22 06:39:23,,,,,,,time-count,,2026-06-27 08:30:31,,2881260,,
75184478,towatch-0883b273-8f19-41b0-8f60-952aa6081056,,,towatch-alpha-wrong-turn-7--the-foundation,2025-10-25 11:51:18,towatch-release-date-2021-03-26,towatch-follow-date-1761393078,6600,2021-03-26 00:00:00,Wrong Turn 7 : The Foundation,movie,towatch,0883b273-8f19-41b0-8f60-952aa6081056,2025-10-25 11:51:18,,,,
75184478,towatch-0c371fe7-12ef-4d23-8a48-97e341ed1baa,,,towatch-alpha-aladdin-2,2024-12-28 16:02:15,towatch-release-date-tbd,towatch-follow-date-1735401735,,,Aladdin 2,movie,towatch,0c371fe7-12ef-4d23-8a48-97e341ed1baa,2024-12-28 16:02:15,,,,
75184478,towatch-10847448-50f9-41dc-b06b-1015fa167643,,,towatch-alpha-scooby-doo-2-monsters-unleashed,2024-05-13 13:28:41,towatch-release-date-2004-04-16,towatch-follow-date-1715606921,5580,2004-04-16 00:00:00,Scooby-Doo 2: Monsters Unleashed,movie,towatch,10847448-50f9-41dc-b06b-1015fa167643,2024-05-13 13:28:41,,,,
75184478,towatch-12505068-c50a-4562-bae1-b705208d5b2f,,,towatch-alpha-mufasa-the-lion-king,2024-12-28 16:02:46,towatch-release-date-2024-12-20,towatch-follow-date-1735401766,7080,2024-12-20 00:00:00,Mufasa: The Lion King,movie,towatch,12505068-c50a-4562-bae1-b705208d5b2f,2024-12-28 16:02:46,,,,
75184478,towatch-126c81a1-9815-4248-a11c-d16b295b7ac2,,,towatch-alpha-joker-folie-à-deux,2024-12-28 16:02:37,towatch-release-date-2024-10-02,towatch-follow-date-1735401757,8880,2024-10-02 00:00:00,Joker: Folie à Deux,movie,towatch,126c81a1-9815-4248-a11c-d16b295b7ac2,2024-12-28 16:02:37,,,,
75184478,towatch-15342a10-ad84-4510-a95f-6db2c08acd8c,,,towatch-alpha-in-the-tall-grass,2024-06-05 11:51:11,towatch-release-date-2019-10-04,towatch-follow-date-1717588271,6060,2019-10-04 00:00:00,In the Tall Grass,movie,towatch,15342a10-ad84-4510-a95f-6db2c08acd8c,2024-06-05 11:51:11,,,,
75184478,towatch-178f2d24-5ddc-482c-a841-22b0044a6edd,,,towatch-alpha-unfriended-dark-web,2025-01-26 10:19:37,towatch-release-date-2018-12-28,towatch-follow-date-1737886777,5580,2018-12-28 00:00:00,Unfriended: Dark Web,movie,towatch,178f2d24-5ddc-482c-a841-22b0044a6edd,2025-01-26 10:19:37,,,,
75184478,towatch-17feea36-5fa0-4d15-8f1c-3542b376e80a,,,towatch-alpha-wasted-chef,2026-06-14 04:49:46,towatch-release-date-tbd,towatch-follow-date-1781412586,,,Wasted Chef,movie,towatch,17feea36-5fa0-4d15-8f1c-3542b376e80a,2026-06-14 04:49:46,,,,
75184478,towatch-1828cbda-edee-4a09-af91-706a3fc6d2fd,,,towatch-alpha-despicable-me-4,2024-12-28 16:01:21,towatch-release-date-2024-07-12,towatch-follow-date-1735401681,5700,2024-07-12 00:00:00,Despicable Me 4,movie,towatch,1828cbda-edee-4a09-af91-706a3fc6d2fd,2024-12-28 16:01:21,,,,
75184478,towatch-217b7fd0-cae6-48bf-b430-b66443185509,,,towatch-alpha-howl's-moving-castle,2024-12-09 09:19:43,towatch-release-date-2004-11-20,towatch-follow-date-1733735983,7140,2004-11-20 00:00:00,ハウルの動く城,movie,towatch,217b7fd0-cae6-48bf-b430-b66443185509,2024-12-09 09:19:43,,,,
75184478,towatch-29325fae-877b-4c14-bd06-deb1cd4ee18d,,,towatch-alpha-watch-alpha-sonic-the-hedgehog-2,2025-01-30 15:33:01,towatch-release-date-2022-04-22,towatch-follow-date-1738251181,7440,2022-04-22 00:00:00,Sonic the Hedgehog 2,movie,towatch,29325fae-877b-4c14-bd06-deb1cd4ee18d,2025-01-30 15:33:01,,,,
75184478,towatch-296188ad-0e0f-439b-976c-6c003001fc3e,,,towatch-alpha-rascal-does-not-dream-of-a-dreaming-girl,2025-06-17 10:45:32,towatch-release-date-2019-10-02,towatch-follow-date-1750157132,5400,2019-10-02 00:00:00,青春ブタ野郎はゆめみる少女の夢を見ない,movie,towatch,296188ad-0e0f-439b-976c-6c003001fc3e,2025-06-17 10:45:32,,,,
75184478,towatch-2b0e4b37-ec05-4889-9b44-5488d2db6768,,,towatch-alpha-barfi,2024-06-21 17:59:44,towatch-release-date-2012-09-13,towatch-follow-date-1718992784,9060,2012-09-13 00:00:00,बर्फी!,movie,towatch,2b0e4b37-ec05-4889-9b44-5488d2db6768,2024-06-21 17:59:44,,,,
75184478,towatch-2d2dc01a-6d9b-48e3-91fc-dc21966e80d7,,,towatch-alpha-moana,2025-06-09 18:53:42,towatch-release-date-2026-07-08,towatch-follow-date-1749495222,,2026-07-08 00:00:00,Moana,movie,towatch,2d2dc01a-6d9b-48e3-91fc-dc21966e80d7,2025-06-09 18:53:42,,,,
75184478,towatch-2e233b31-2316-4797-bcc0-b03deb63e1e7,,,towatch-alpha-jumanji-3,2025-06-09 18:53:29,towatch-release-date-2026-12-11,towatch-follow-date-1749495209,,2026-12-11 00:00:00,Jumanji 3,movie,towatch,2e233b31-2316-4797-bcc0-b03deb63e1e7,2025-06-09 18:53:29,,,,
75184478,towatch-30f28d95-c563-41f8-9deb-1bb0e754aee8,,,towatch-alpha-kaatteri,2025-03-16 02:56:14,towatch-release-date-2021-01-01,towatch-follow-date-1742093774,7260,2021-01-01 00:00:00,Kaatteri,movie,towatch,30f28d95-c563-41f8-9deb-1bb0e754aee8,2025-03-16 02:56:14,,,,
75184478,towatch-3b99d0a0-25d7-4eda-a8c6-5d1875666df2,,,towatch-alpha-demon-slayer-kimetsu-no-yaiba---infinity-castle-2,2024-07-13 12:42:19,towatch-release-date-tbd,towatch-follow-date-1720874539,,,劇場版「鬼滅の刃」無限城編 2 ,movie,towatch,3b99d0a0-25d7-4eda-a8c6-5d1875666df2,2024-07-13 12:42:19,,,,
75184478,towatch-40d1c6cb-a2eb-4a98-937e-18bb9bcc321d,,,towatch-alpha-sherlock-the-abominable-bride,2024-06-04 18:24:47,towatch-release-date-2016-01-01,towatch-follow-date-1717525487,5700,2016-01-01 00:00:00,Sherlock: The Abominable Bride,movie,towatch,40d1c6cb-a2eb-4a98-937e-18bb9bcc321d,2024-06-04 18:24:47,,,,
75184478,towatch-42e59f81-adda-40ff-884d-3cecdd92988a,,,towatch-alpha-dragon-nest-warriors'-dawn,2025-09-04 10:02:52,towatch-release-date-2014-05-14,towatch-follow-date-1756980172,7200,2014-05-14 00:00:00,Dragon Nest: Warriors' Dawn,movie,towatch,42e59f81-adda-40ff-884d-3cecdd92988a,2025-09-04 10:02:52,,,,
75184478,towatch-4b9a7d19-1da3-443c-a2a5-4d50c43c9324,,,towatch-alpha-backrooms,2026-06-15 17:39:46,towatch-release-date-2026-05-27,towatch-follow-date-1781545186,6600,2026-05-27 00:00:00,Backrooms,movie,towatch,4b9a7d19-1da3-443c-a2a5-4d50c43c9324,2026-06-15 17:39:46,,,,
75184478,towatch-5069e5aa-fe60-4fd8-afe0-f896aee1a765,,,towatch-alpha-star-wars-the-mandalorian-and-grogu,2026-06-24 12:43:48,towatch-release-date-2026-05-21,towatch-follow-date-1782305028,7920,2026-05-21 00:00:00,Star Wars: The Mandalorian and Grogu,movie,towatch,5069e5aa-fe60-4fd8-afe0-f896aee1a765,2026-06-24 12:43:48,,,,
75184478,towatch-50a43ea1-e70d-49f7-96b7-6bce5a72694b,,,towatch-alpha-sherlock-holmes-3,2024-06-04 18:24:54,towatch-release-date-tbd,towatch-follow-date-1717525494,,,Sherlock Holmes 3,movie,towatch,50a43ea1-e70d-49f7-96b7-6bce5a72694b,2024-06-04 18:24:54,,,,
75184478,towatch-51556d43-e646-4fe2-aee4-63f4bd3b00df,,,towatch-alpha-the-wind-guardians,2025-09-04 10:01:59,towatch-release-date-2018-08-03,towatch-follow-date-1756980119,6300,2018-08-03 00:00:00,风语咒,movie,towatch,51556d43-e646-4fe2-aee4-63f4bd3b00df,2025-09-04 10:01:59,,,,
75184478,towatch-5705fc29-d2d9-4aba-947a-70434d5bdd4b,,,towatch-alpha-the-mindfulness-movement,2024-11-05 11:34:00,towatch-release-date-2020-04-10,towatch-follow-date-1730806440,6060,2020-04-10 00:00:00,The Mindfulness Movement,movie,towatch,5705fc29-d2d9-4aba-947a-70434d5bdd4b,2024-11-05 11:34:00,,,,
75184478,towatch-576bd1ee-b887-4f13-816a-cc9adbdcc05d,,,towatch-alpha-ultraman-rising,2025-09-04 09:50:29,towatch-release-date-2024-06-14,towatch-follow-date-1756979429,7260,2024-06-14 00:00:00,Ultraman: Rising,movie,towatch,576bd1ee-b887-4f13-816a-cc9adbdcc05d,2025-09-04 09:50:29,,,,
75184478,towatch-6f1375c0-a30a-49f6-abd0-7c082a3728e2,,,towatch-alpha-avatar-fire-and-ash,2025-12-31 15:11:33,towatch-release-date-2025-12-19,towatch-follow-date-1767193893,11520,2025-12-19 00:00:00,Avatar: Fire and Ash,movie,towatch,6f1375c0-a30a-49f6-abd0-7c082a3728e2,2025-12-31 15:11:33,,,,
75184478,towatch-724d75e3-5d7c-4af6-a6b4-5f331cd4d0af,,,towatch-alpha-dune-part-two,2024-05-12 03:15:58,towatch-release-date-2024-02-29,towatch-follow-date-1715483758,10020,2024-02-29 00:00:00,Dune: Part Two,movie,towatch,724d75e3-5d7c-4af6-a6b4-5f331cd4d0af,2024-05-12 03:15:58,,,,
75184478,towatch-78a0d677-5e7e-423d-a0ab-b669754885f1,,,towatch-alpha-joker,2024-05-13 13:09:38,towatch-release-date-2019-10-04,towatch-follow-date-1715605778,7320,2019-10-04 00:00:00,Joker,movie,towatch,78a0d677-5e7e-423d-a0ab-b669754885f1,2024-05-13 13:09:38,,,,
75184478,towatch-7acb2963-aec2-46d3-a00a-0a32ce895c67,,,towatch-alpha-scooby-doo,2024-05-13 13:28:22,towatch-release-date-2002-06-28,towatch-follow-date-1715606902,5160,2002-06-28 00:00:00,Scooby-Doo,movie,towatch,7acb2963-aec2-46d3-a00a-0a32ce895c67,2024-05-13 13:28:22,,,,
75184478,towatch-847c3d29-4f3a-496e-bc17-58524c74d85b,,,towatch-alpha-zindagi-na-milegi-dobara,2026-06-18 05:15:11,towatch-release-date-2011-07-15,towatch-follow-date-1781759711,9240,2011-07-15 00:00:00,ज़िन्दगी न मिलेगी दोबारा,movie,towatch,847c3d29-4f3a-496e-bc17-58524c74d85b,2026-06-18 05:15:11,,,,
75184478,towatch-86836a38-27e9-446c-9a1d-36821be816cf,,,towatch-alpha-john-wick-chapter-5,2025-04-27 08:39:54,towatch-release-date-tbd,towatch-follow-date-1745743194,,,John Wick: Chapter 5,movie,towatch,86836a38-27e9-446c-9a1d-36821be816cf,2025-04-27 08:39:54,,,,
75184478,towatch-91e97843-f1f5-487f-996d-50e8c580450d,,,towatch-alpha-watch-alpha-kung-fu-panda-4,2025-09-04 09:51:40,towatch-release-date-2024-03-28,towatch-follow-date-1756979500,5760,2024-03-28 00:00:00,Kung Fu Panda 4,movie,towatch,91e97843-f1f5-487f-996d-50e8c580450d,2025-09-04 09:51:40,,,,
75184478,towatch-9398fd72-c455-465a-b594-b6e248a5f594,,,towatch-alpha-the-housemaid,2026-06-24 12:43:32,towatch-release-date-2026-01-01,towatch-follow-date-1782305012,7920,2026-01-01 00:00:00,The Housemaid,movie,towatch,9398fd72-c455-465a-b594-b6e248a5f594,2026-06-24 12:43:32,,,,
75184478,towatch-9b291842-b784-43b5-a79b-d7b720bd8d48,,,towatch-alpha-choose-or-die,2025-01-26 10:21:57,towatch-release-date-2022-04-15,towatch-follow-date-1737886917,5100,2022-04-15 00:00:00,Choose or Die,movie,towatch,9b291842-b784-43b5-a79b-d7b720bd8d48,2025-01-26 10:21:57,,,,
75184478,towatch-9eee90fb-69b7-44a6-a13e-9ab711397aac,,,towatch-alpha-wrong-turn-5-bloodlines,2025-10-25 11:51:04,towatch-release-date-2012-10-23,towatch-follow-date-1761393064,5460,2012-10-23 00:00:00,Wrong Turn 5: Bloodlines,movie,towatch,9eee90fb-69b7-44a6-a13e-9ab711397aac,2025-10-25 11:51:04,,,,
75184478,towatch-a3e5260d-312d-40ac-8b49-23cd435e62f0,,,towatch-alpha-john-wick-chapter-5,2025-04-30 19:22:05,towatch-release-date-tbd,towatch-follow-date-1746040925,,,John Wick: Chapter 5,movie,towatch,a3e5260d-312d-40ac-8b49-23cd435e62f0,2025-04-30 19:22:05,,,,
75184478,towatch-a70ac291-93e8-464b-8e96-ddc63bca05eb,,,towatch-alpha-watch-alpha-imaginary,2025-04-15 03:22:07,towatch-release-date-2024-03-08,towatch-follow-date-1744687327,6240,2024-03-08 00:00:00,Imaginary,movie,towatch,a70ac291-93e8-464b-8e96-ddc63bca05eb,2025-04-15 03:22:07,,,,
75184478,towatch-abf00e0e-1507-4ade-bb09-b59fc7bb65b4,,,towatch-alpha-wake-up-sid,2024-06-21 17:59:21,towatch-release-date-2009-10-02,towatch-follow-date-1718992761,8280,2009-10-02 00:00:00,Wake Up Sid,movie,towatch,abf00e0e-1507-4ade-bb09-b59fc7bb65b4,2024-06-21 17:59:21,,,,
75184478,towatch-ac4991a5-b8ea-483a-9d10-5a4349209520,,,towatch-alpha-that-time-i-got-reincarnated-as-a-slime-the-movie-tears-of-the-blue-sea-arc,2026-02-26 12:16:59,towatch-release-date-2026-02-25,towatch-follow-date-1772108219,,2026-02-25 00:00:00,劇場版 転生したらスライムだった件 蒼海の涙編,movie,towatch,ac4991a5-b8ea-483a-9d10-5a4349209520,2026-02-26 12:16:59,,,,
75184478,towatch-b6006811-90b1-4250-96fb-e589d2afd6f0,,,towatch-alpha-wrong-turn-6-last-resort,2025-10-25 11:51:13,towatch-release-date-2014-08-22,towatch-follow-date-1761393073,5460,2014-08-22 00:00:00,Wrong Turn 6: Last Resort,movie,towatch,b6006811-90b1-4250-96fb-e589d2afd6f0,2025-10-25 11:51:13,,,,
75184478,towatch-b658f434-18d7-49d3-bbe6-12c4ae69062a,,,towatch-alpha-sonic-the-hedgehog,2025-01-26 11:36:43,towatch-release-date-2020-02-28,towatch-follow-date-1737891403,6000,2020-02-28 00:00:00,Sonic the Hedgehog,movie,towatch,b658f434-18d7-49d3-bbe6-12c4ae69062a,2025-01-26 11:36:43,,,,
75184478,towatch-b65a380c-bb5a-4b7d-a460-a23ea2ade860,,,towatch-alpha-cruella-2,2025-03-25 02:25:50,towatch-release-date-tbd,towatch-follow-date-1742869550,,,Cruella 2,movie,towatch,b65a380c-bb5a-4b7d-a460-a23ea2ade860,2025-03-25 02:25:50,,,,
75184478,towatch-b99eb6da-20d3-4142-b460-373c3fec3ab5,,,towatch-alpha-throne-of-elves,2025-09-04 10:02:32,towatch-release-date-2016-07-31,towatch-follow-date-1756980152,5400,2016-07-31 00:00:00,Throne of Elves,movie,towatch,b99eb6da-20d3-4142-b460-373c3fec3ab5,2025-09-04 10:02:32,,,,
75184478,towatch-c28561d9-b5a4-497c-b201-52806b0b7089,,,towatch-alpha-the-fall-guy,2024-06-16 13:54:01,towatch-release-date-2024-05-01,towatch-follow-date-1718546041,7680,2024-05-01 00:00:00,The Fall Guy,movie,towatch,c28561d9-b5a4-497c-b201-52806b0b7089,2024-06-16 13:54:01,,,,
75184478,towatch-c54f8c92-a627-4dda-b762-3a74bbd217ee,,,towatch-alpha-obsession,2026-06-15 17:39:30,towatch-release-date-2026-05-14,towatch-follow-date-1781545170,6480,2026-05-14 00:00:00,Obsession,movie,towatch,c54f8c92-a627-4dda-b762-3a74bbd217ee,2026-06-15 17:39:30,,,,
75184478,towatch-c9084c2b-bea2-4bbb-8e29-bdf22245d23b,,,towatch-alpha-cruella,2025-03-25 02:25:38,towatch-release-date-2021-06-03,towatch-follow-date-1742869538,8280,2021-06-03 00:00:00,Cruella,movie,towatch,c9084c2b-bea2-4bbb-8e29-bdf22245d23b,2025-03-25 02:25:38,,,,
75184478,towatch-c9f8265a-0b25-489c-98c5-1c799c00ce45,,,towatch-alpha-kgf-chapter-3,2024-06-21 18:03:18,towatch-release-date-tbd,towatch-follow-date-1718992998,10800,,K.G.F: Chapter 3,movie,towatch,c9f8265a-0b25-489c-98c5-1c799c00ce45,2024-06-21 18:03:18,,,,
75184478,towatch-cc6b1c80-f351-4ca8-9414-206cd78fd2f3,,,towatch-alpha-words-bubble-up-like-soda-pop,2024-07-28 03:46:04,towatch-release-date-2021-07-22,towatch-follow-date-1722138364,5160,2021-07-22 00:00:00,サイダーのように言葉が湧き上がる ,movie,towatch,cc6b1c80-f351-4ca8-9414-206cd78fd2f3,2024-07-28 03:46:04,,,,
75184478,towatch-d041f6e7-b700-41ce-ba87-cbec0b5e7854,,,"towatch-alpha-to-me,-the-one-who-loved-you",2025-09-04 09:54:12,towatch-release-date-2022-10-07,towatch-follow-date-1756979652,5880,2022-10-07 00:00:00,君を愛したひとりの僕へ,movie,towatch,d041f6e7-b700-41ce-ba87-cbec0b5e7854,2025-09-04 09:54:12,,,,
75184478,towatch-dde6f77b-beab-4f91-9a72-6ea07d80077c,,,towatch-alpha-smile,2025-01-26 10:17:07,towatch-release-date-2022-09-30,towatch-follow-date-1737886627,6900,2022-09-30 00:00:00,Smile,movie,towatch,dde6f77b-beab-4f91-9a72-6ea07d80077c,2025-01-26 10:17:07,,,,
75184478,towatch-e48184fb-64b8-4b9b-957e-9025bd549334,,,towatch-alpha-unfriended,2025-01-26 10:19:36,towatch-release-date-2015-04-17,towatch-follow-date-1737886776,4920,2015-04-17 00:00:00,Unfriended,movie,towatch,e48184fb-64b8-4b9b-957e-9025bd549334,2025-01-26 10:19:36,,,,
75184478,towatch-ed99afbd-e13e-43f5-b67a-d7b1ba54fecc,,,towatch-alpha-phobia,2024-11-11 15:16:16,towatch-release-date-2016-05-27,towatch-follow-date-1731338176,6720,2016-05-27 00:00:00,Phobia,movie,towatch,ed99afbd-e13e-43f5-b67a-d7b1ba54fecc,2024-11-11 15:16:16,,,,
75184478,towatch-ee9585dc-4d41-408d-b0eb-541fd40a2885,,,towatch-alpha-demon-slayer-kimetsu-no-yaiba---infinity-castle-3,2024-07-13 12:42:26,towatch-release-date-tbd,towatch-follow-date-1720874546,,,劇場版「鬼滅の刃」無限城編 3 ,movie,towatch,ee9585dc-4d41-408d-b0eb-541fd40a2885,2024-07-13 12:42:26,,,,
75184478,towatch-fcbc89f0-3faf-4fc5-8f0d-a4b809761cfb,,,towatch-alpha-into-the-forest-of-fireflies'-light,2024-06-16 14:00:27,towatch-release-date-2011-09-17,towatch-follow-date-1718546427,2700,2011-09-17 00:00:00,蛍火の杜へ,movie,towatch,fcbc89f0-3faf-4fc5-8f0d-a4b809761cfb,2024-06-16 14:00:27,,,,
75184478,watch-00cdb21e-0bab-4112-9515-b2f4c0e5be6c-0,,,watch-alpha-scooby-doo-pirates-ahoy,2025-09-06 07:47:18,watch-release-date-2006-01-01,,4800,2006-01-01 00:00:00,Scooby-Doo! Pirates Ahoy!,movie,watch,00cdb21e-0bab-4112-9515-b2f4c0e5be6c,2025-09-06 07:47:18,,,IN,watch-date-1757144838
75184478,watch-03152034-a8ec-4d40-a18c-9dd1cecec6fa-0,,,watch-alpha-the-super-mario-bros-movie,2024-09-14 12:45:27,watch-release-date-2023-04-06,,5520,2023-04-06 00:00:00,The Super Mario Bros. Movie,movie,watch,03152034-a8ec-4d40-a18c-9dd1cecec6fa,2024-09-14 12:45:27,,,GB,watch-date-1726317927
75184478,watch-0317c202-0fc9-4059-aa5c-fb2a7b8303b1-0,,,watch-alpha-baahubali-2-the-conclusion,2024-06-21 18:03:08,watch-release-date-2017-04-27,,9720,2017-04-27 00:00:00,బాహుబలి 2: తీర్మానం,movie,watch,0317c202-0fc9-4059-aa5c-fb2a7b8303b1,2024-06-21 18:03:08,,,GB,watch-date-1718992988
75184478,watch-03a14169-0625-456c-a2ae-bbd063bc1baa-0,,,watch-alpha-men-in-black-ii,2023-12-22 12:16:36,watch-release-date-2002-08-30,,5280,2002-08-30 00:00:00,Men in Black II,movie,watch,03a14169-0625-456c-a2ae-bbd063bc1baa,2023-12-22 12:16:36,,,GB,watch-date-1703247396
75184478,watch-048266a3-e590-4bb0-8fa8-cf70b9a2a4f5-0,,,watch-alpha-janatha-garage,2024-11-05 11:38:27,watch-release-date-2016-09-01,,9900,2016-09-01 00:00:00,Janatha Garage,movie,watch,048266a3-e590-4bb0-8fa8-cf70b9a2a4f5,2024-11-05 11:38:27,,,GB,watch-date-1730806707
75184478,watch-05807f03-e989-47e3-8494-7964df0a7f12-0,,,watch-alpha-thor-love-and-thunder,2023-12-22 06:39:23,watch-release-date-2022-07-07,,7080,2022-07-07 00:00:00,Thor: Love and Thunder,movie,watch,05807f03-e989-47e3-8494-7964df0a7f12,2023-12-22 06:39:23,0,,,watch-date-1703227163
75184478,watch-05c91651-7a02-452f-b328-3a3fc9e28de8-0,,,watch-alpha-fast-&-furious,2025-04-08 15:36:47,watch-release-date-2009-04-17,,6420,2009-04-17 00:00:00,Fast & Furious,movie,watch,05c91651-7a02-452f-b328-3a3fc9e28de8,2025-04-08 15:36:47,,,GB,watch-date-1744126607
75184478,watch-06227450-2170-463f-a163-8e58c1fb5b46-0,,,watch-alpha-transformers-rise-of-the-beasts,2026-01-16 12:56:25,watch-release-date-2023-06-07,,7620,2023-06-07 00:00:00,Transformers: Rise of the Beasts,movie,watch,06227450-2170-463f-a163-8e58c1fb5b46,2026-01-16 12:56:25,,,IN,watch-date-1768568185
75184478,watch-06403db9-013b-4884-8ea8-93a189d169e7-0,,,watch-alpha-aladdin,2023-12-22 06:39:23,watch-release-date-2019-05-24,,7740,2019-05-24 00:00:00,Aladdin,movie,watch,06403db9-013b-4884-8ea8-93a189d169e7,2023-12-22 06:39:23,0,,,watch-date-1703227163
75184478,watch-06e07eb2-8b85-4bfe-9588-af294c01c089-0,,,watch-alpha-mission-mangal,2024-06-21 18:02:53,watch-release-date-2019-08-15,,7800,2019-08-15 00:00:00,Mission Mangal,movie,watch,06e07eb2-8b85-4bfe-9588-af294c01c089,2024-06-21 18:02:53,,,GB,watch-date-1718992973
75184478,watch-08c1f0a2-581f-476c-bbd8-643a7426635f-0,,,watch-alpha-avengers-endgame,2023-12-22 06:39:23,watch-release-date-2019-04-24,,10860,2019-04-24 00:00:00,Avengers: Endgame,movie,watch,08c1f0a2-581f-476c-bbd8-643a7426635f,2023-12-22 06:39:23,0,,,watch-date-1703227163
75184478,watch-0a3d82b8-8c8e-4f3c-8169-b3a41e1ffd99-0,,,watch-alpha-don't-breathe,2025-07-27 06:33:26,watch-release-date-2016-10-05,,5280,2016-10-05 00:00:00,Don't Breathe,movie,watch,0a3d82b8-8c8e-4f3c-8169-b3a41e1ffd99,2025-07-27 06:33:26,,,IN,watch-date-1753598006
75184478,watch-0a5bd790-585b-442b-82b8-936beefb5c01-0,,,watch-alpha-journey-2-the-mysterious-island,2023-12-22 07:22:28,watch-release-date-2012-02-17,,5640,2012-02-17 00:00:00,Journey 2: The Mysterious Island,movie,watch,0a5bd790-585b-442b-82b8-936beefb5c01,2023-12-22 07:22:28,,,GB,watch-date-1703229748
75184478,watch-0b7c2091-bede-4f84-9ad3-bdac083ccd7f-0,,,watch-alpha-the-angry-birds-movie-2,2023-12-22 12:14:13,watch-release-date-2019-08-02,,5820,2019-08-02 00:00:00,The Angry Birds Movie 2,movie,watch,0b7c2091-bede-4f84-9ad3-bdac083ccd7f,2023-12-22 12:14:13,,,GB,watch-date-1703247253
75184478,watch-0b7f5d26-b94c-4e86-afc9-55af75a5862d-0,,,watch-alpha-pushpa-the-rise,2024-06-21 18:03:51,watch-release-date-2021-12-17,,10740,2021-12-17 00:00:00,Pushpa: The Rise,movie,watch,0b7f5d26-b94c-4e86-afc9-55af75a5862d,2024-06-21 18:03:51,,,GB,watch-date-1718993031
75184478,watch-0c2975f5-e12c-4752-b0c8-aa46cf7c1397-0,,,watch-alpha-spirited-away,2023-12-22 07:03:09,watch-release-date-2003-09-22,,7500,2003-09-22 00:00:00,千と千尋の神隠し,movie,watch,0c2975f5-e12c-4752-b0c8-aa46cf7c1397,2023-12-22 07:03:09,,,GB,watch-date-1703228589
75184478,watch-0c7c7acc-d9c2-41b2-a855-42cf8c91a9e9-0,,,watch-alpha-harry-potter-and-the-half-blood-prince,2023-12-22 06:39:23,watch-release-date-2009-07-15,,9180,2009-07-15 00:00:00,Harry Potter and the Half-Blood Prince,movie,watch,0c7c7acc-d9c2-41b2-a855-42cf8c91a9e9,2023-12-22 06:39:23,0,,,watch-date-1703227163
75184478,watch-0d35e5e7-bed0-44f8-9af4-7482997e54ec-0,,,watch-alpha-bolt,2024-05-13 13:17:35,watch-release-date-2009-02-04,,5880,2009-02-04 00:00:00,Bolt,movie,watch,0d35e5e7-bed0-44f8-9af4-7482997e54ec,2024-05-13 13:17:35,,,GB,watch-date-1715606255
75184478,watch-0e18170a-cf5f-4652-afcc-d084a902c743-0,,,watch-alpha-despicable-me-2,2024-05-13 13:16:10,watch-release-date-2013-06-25,,5880,2013-06-25 00:00:00,Despicable Me 2,movie,watch,0e18170a-cf5f-4652-afcc-d084a902c743,2024-05-13 13:16:10,,,GB,watch-date-1715606170
75184478,watch-113a6682-77e5-43f5-b451-cc39db1f7d2b-0,,,watch-alpha-black-panther-wakanda-forever,2024-05-13 13:11:07,watch-release-date-2022-11-11,,9660,2022-11-11 00:00:00,Black Panther: Wakanda Forever,movie,watch,113a6682-77e5-43f5-b451-cc39db1f7d2b,2024-05-13 13:11:07,,,GB,watch-date-1715605867
75184478,watch-11446b3a-e487-4e9f-8000-a9bed7a7aaac-0,,,watch-alpha-your-name,2023-12-22 07:51:27,watch-release-date-2016-12-28,,6420,2016-12-28 00:00:00,君の名は。,movie,watch,11446b3a-e487-4e9f-8000-a9bed7a7aaac,2023-12-22 07:51:27,,,GB,watch-date-1703231487
75184478,watch-118d92e1-96a2-4027-8599-0833391de167-0,,,watch-alpha-ek-villain,2024-11-05 11:42:17,watch-release-date-2014-06-27,,7740,2014-06-27 00:00:00,एक विलेन,movie,watch,118d92e1-96a2-4027-8599-0833391de167,2024-11-05 11:42:17,,,GB,watch-date-1730806937
75184478,watch-1199bdaf-f24c-4c49-aee2-b0454e1fdf42-0,,,watch-alpha-uncharted,2024-06-03 08:00:45,watch-release-date-2022-02-17,,6960,2022-02-17 00:00:00,Uncharted,movie,watch,1199bdaf-f24c-4c49-aee2-b0454e1fdf42,2024-06-03 08:00:45,,,GB,watch-date-1717401645
75184478,watch-11bf414d-8d46-4ac0-81ff-06fb65451823-0,,,watch-alpha-spider-man-into-the-spider-verse,2023-12-22 10:07:44,watch-release-date-2018-12-25,,7020,2018-12-25 00:00:00,Spider-Man: Into the Spider-Verse,movie,watch,11bf414d-8d46-4ac0-81ff-06fb65451823,2023-12-22 10:07:44,,,GB,watch-date-1703239664
75184478,watch-1242f357-989f-47ed-8a3d-bb1c8b6aaf33-0,,,watch-alpha-the-avengers,2023-12-22 06:39:23,watch-release-date-2012-04-25,,8580,2012-04-25 00:00:00,The Avengers,movie,watch,1242f357-989f-47ed-8a3d-bb1c8b6aaf33,2023-12-22 06:39:23,0,,,watch-date-1703227163
75184478,watch-124adee5-7ef6-4cf5-b5ef-108bcba3cc86-0,,,watch-alpha-kingsman-the-secret-service,2023-12-22 12:14:58,watch-release-date-2015-02-27,,7740,2015-02-27 00:00:00,Kingsman: The Secret Service,movie,watch,124adee5-7ef6-4cf5-b5ef-108bcba3cc86,2023-12-22 12:14:58,,,GB,watch-date-1703247298
75184478,watch-1283ca83-4771-4355-9491-91553fe475cd-0,,,watch-alpha-a-silent-voice,2023-12-22 07:14:32,watch-release-date-2017-10-24,,7800,2017-10-24 00:00:00,聲の形,movie,watch,1283ca83-4771-4355-9491-91553fe475cd,2023-12-22 07:14:32,,,GB,watch-date-1703229272
75184478,watch-12958cff-1c4f-4b76-8ca5-239d0fcf2b4d-0,,,watch-alpha-ajeeb-daastaans,2024-07-19 14:03:26,watch-release-date-2021-04-16,,8520,2021-04-16 00:00:00,अजीब दास्तान्स,movie,watch,12958cff-1c4f-4b76-8ca5-239d0fcf2b4d,2024-07-19 14:03:26,,,GB,watch-date-1721397806
75184478,watch-1342ca0d-fdec-43f0-9245-b4f939009994-0,,,watch-alpha-enola-holmes-2,2024-06-05 11:18:44,watch-release-date-2022-11-04,,7860,2022-11-04 00:00:00,Enola Holmes 2,movie,watch,1342ca0d-fdec-43f0-9245-b4f939009994,2024-06-05 11:18:44,,,GB,watch-date-1717586324
75184478,watch-1457cef9-4c13-4f83-8348-68cf5348c928-0,,,watch-alpha-sanam-teri-kasam,2024-11-05 11:41:59,watch-release-date-2016-02-05,,9240,2016-02-05 00:00:00,Sanam Teri Kasam,movie,watch,1457cef9-4c13-4f83-8348-68cf5348c928,2024-11-05 11:41:59,,,GB,watch-date-1730806919
75184478,watch-1498d90c-d706-4e1f-b351-c815fb774b46-0,,,watch-alpha-kung-fu-panda-2,2023-12-22 12:14:30,watch-release-date-2011-05-25,,5460,2011-05-25 00:00:00,Kung Fu Panda 2,movie,watch,1498d90c-d706-4e1f-b351-c815fb774b46,2023-12-22 12:14:30,,,GB,watch-date-1703247270
75184478,watch-14f33354-bc8d-498c-88c7-942e6d0bddee-0,,,watch-alpha-harry-potter-and-the-philosopher's-stone,2023-12-22 06:39:23,watch-release-date-2001-11-30,,9120,2001-11-30 00:00:00,Harry Potter and the Philosopher's Stone,movie,watch,14f33354-bc8d-498c-88c7-942e6d0bddee,2023-12-22 06:39:23,0,,,watch-date-1703227163
75184478,watch-15d8fe97-f5fa-4984-a79c-8df6f1db9c06-0,,,watch-alpha-the-amazing-spider-man-2,2023-12-22 06:39:23,watch-release-date-2014-04-17,,8520,2014-04-17 00:00:00,The Amazing Spider-Man 2,movie,watch,15d8fe97-f5fa-4984-a79c-8df6f1db9c06,2023-12-22 06:39:23,0,,,watch-date-1703227163
75184478,watch-160ed8e8-2949-4eeb-adea-b7e01813e6b4-0,,,watch-alpha-ralph-breaks-the-internet,2023-12-22 12:54:21,watch-release-date-2018-11-22,,6720,2018-11-22 00:00:00,Ralph Breaks the Internet,movie,watch,160ed8e8-2949-4eeb-adea-b7e01813e6b4,2023-12-22 12:54:21,,,GB,watch-date-1703249661
75184478,watch-1640ead7-1e36-46e0-bb98-03464b839487-0,,,watch-alpha-raone,2024-06-21 18:00:34,watch-release-date-2011-10-26,,9360,2011-10-26 00:00:00,रा.वन,movie,watch,1640ead7-1e36-46e0-bb98-03464b839487,2024-06-21 18:00:34,,,GB,watch-date-1718992834
75184478,watch-16429a63-235f-43a9-a99c-3e0e94a1bcf6-0,,,watch-alpha-you-should-have-left,2024-06-17 04:04:37,watch-release-date-2020-06-19,,5580,2020-06-19 00:00:00,You Should Have Left,movie,watch,16429a63-235f-43a9-a99c-3e0e94a1bcf6,2024-06-17 04:04:37,,,GB,watch-date-1718597077
75184478,watch-16e91281-6914-47f5-aeb9-ed9633aded3d-0,,,watch-alpha-puss-in-boots-the-last-wish,2025-08-21 20:21:14,watch-release-date-2022-12-22,,6180,2022-12-22 00:00:00,Puss in Boots: The Last Wish,movie,watch,16e91281-6914-47f5-aeb9-ed9633aded3d,2025-08-21 20:21:14,,,IN,watch-date-1755807674
75184478,watch-1854e2b9-2c28-4999-aedc-4cb212c700f7-0,,,watch-alpha-doctor-strange-in-the-multiverse-of-madness,2024-06-21 18:03:57,watch-release-date-2022-05-05,,7620,2022-05-05 00:00:00,Doctor Strange in the Multiverse of Madness,movie,watch,1854e2b9-2c28-4999-aedc-4cb212c700f7,2024-06-21 18:03:57,,,GB,watch-date-1718993037
75184478,watch-18b655c1-842f-4e99-8333-1e6606593226-0,,,watch-alpha-race-gurram,2024-11-05 11:34:26,watch-release-date-2014-04-11,,9720,2014-04-11 00:00:00,Race Gurram,movie,watch,18b655c1-842f-4e99-8333-1e6606593226,2024-11-05 11:34:26,,,GB,watch-date-1730806466
75184478,watch-19715abe-817e-424f-8caa-2d6f13165f2d-0,,,watch-alpha-iron-man,2024-05-13 13:12:19,watch-release-date-2008-05-02,,7560,2008-05-02 00:00:00,Iron Man,movie,watch,19715abe-817e-424f-8caa-2d6f13165f2d,2024-05-13 13:12:19,,,GB,watch-date-1715605939
75184478,watch-19ec044d-4bbd-4407-8328-36cb482de8f5-0,,,watch-alpha-bodyguard,2024-06-21 17:59:57,watch-release-date-2011-08-31,,7800,2011-08-31 00:00:00,Bodyguard,movie,watch,19ec044d-4bbd-4407-8328-36cb482de8f5,2024-06-21 17:59:57,,,GB,watch-date-1718992797
75184478,watch-1b521cc2-2d48-46c9-871d-ddfc99545504-0,,,watch-alpha-fast-five,2025-04-10 10:24:35,watch-release-date-2011-05-04,,7800,2011-05-04 00:00:00,Fast Five,movie,watch,1b521cc2-2d48-46c9-871d-ddfc99545504,2025-04-10 10:24:35,,,GB,watch-date-1744280675
75184478,watch-1b797503-88d1-49f0-825a-70915c42cf5e-0,,,watch-alpha-transformers-age-of-extinction,2025-12-16 10:34:57,watch-release-date-2014-07-16,,9840,2014-07-16 00:00:00,Transformers: Age of Extinction,movie,watch,1b797503-88d1-49f0-825a-70915c42cf5e,2025-12-16 10:34:57,,,IN,watch-date-1765881297
75184478,watch-1d3702a3-2863-408a-bfd8-5c8d15b5e623-0,,,watch-alpha-iron-man-3,2023-12-22 06:39:23,watch-release-date-2013-04-26,,7800,2013-04-26 00:00:00,Iron Man 3,movie,watch,1d3702a3-2863-408a-bfd8-5c8d15b5e623,2023-12-22 06:39:23,0,,,watch-date-1703227163
75184478,watch-1e12befa-6ea3-4606-96d3-519ac78e538d-0,,,watch-alpha-revenge,2024-06-05 11:51:26,watch-release-date-2019-03-08,,7080,2019-03-08 00:00:00,Revenge,movie,watch,1e12befa-6ea3-4606-96d3-519ac78e538d,2024-06-05 11:51:26,,,GB,watch-date-1717588286
75184478,watch-1f2963f9-04f9-4cdc-a90f-40e78eb729f4-0,,,watch-alpha-ti-saddhya-kay-karte,2025-05-23 19:43:21,watch-release-date-2017-01-06,,7620,2017-01-06 00:00:00,Ti Saddhya Kay Karte,movie,watch,1f2963f9-04f9-4cdc-a90f-40e78eb729f4,2025-05-23 19:43:21,,,GB,watch-date-1748029401
75184478,watch-1fcd26e2-130f-4cd5-914a-201f2074e9e6-0,,,watch-alpha-kingsman-the-golden-circle,2023-12-22 12:15:01,watch-release-date-2017-09-20,,8460,2017-09-20 00:00:00,Kingsman: The Golden Circle,movie,watch,1fcd26e2-130f-4cd5-914a-201f2074e9e6,2023-12-22 12:15:01,,,GB,watch-date-1703247301
75184478,watch-20ca6bf7-8b52-47fe-89d9-8a6732f73421-0,,,watch-alpha-ballerina,2025-08-07 14:48:57,watch-release-date-2025-06-12,,7500,2025-06-12 00:00:00,Ballerina,movie,watch,20ca6bf7-8b52-47fe-89d9-8a6732f73421,2025-08-07 14:48:57,,,IN,watch-date-1754578137
75184478,watch-22176d25-7e60-4fe4-9318-84c7d82a117a-0,,,watch-alpha-the-family-star,2025-05-10 07:59:14,watch-release-date-2024-04-05,,9600,2024-04-05 00:00:00,ఫ్యామిలీ స్టార్,movie,watch,22176d25-7e60-4fe4-9318-84c7d82a117a,2025-05-10 07:59:14,,,GB,watch-date-1746863954
75184478,watch-22e5ea55-f522-415a-a870-66b3b4d3c4ae-0,,,watch-alpha-pirates-of-the-caribbean-dead-men-tell-no-tales,2023-12-22 06:39:23,watch-release-date-2017-05-24,,7740,2017-05-24 00:00:00,Pirates of the Caribbean: Dead Men Tell No Tales,movie,watch,22e5ea55-f522-415a-a870-66b3b4d3c4ae,2023-12-22 06:39:23,0,,,watch-date-1703227163
75184478,watch-2497dab7-fcd2-4399-a398-9b7dd2ba3260-0,,,watch-alpha-i-want-to-eat-your-pancreas,2023-12-22 07:02:20,watch-release-date-2019-01-21,,6480,2019-01-21 00:00:00,君の膵臓をたべたい,movie,watch,2497dab7-fcd2-4399-a398-9b7dd2ba3260,2023-12-22 07:02:20,,,GB,watch-date-1703228540
75184478,watch-258ddcaf-5de9-4f9c-ac42-152c60286c1c-0,,,watch-alpha-temper,2024-11-05 11:39:33,watch-release-date-2015-02-13,,8820,2015-02-13 00:00:00,Temper,movie,watch,258ddcaf-5de9-4f9c-ac42-152c60286c1c,2024-11-05 11:39:33,,,GB,watch-date-1730806773
75184478,watch-25d72184-f66a-4965-a647-8cbd74c2db59-0,,,watch-alpha-demon-slayer--kimetsu-no-yaiba--the-movie-mugen-train,2024-05-13 13:20:39,watch-release-date-2022-12-09,,7020,2022-12-09 00:00:00,劇場版「鬼滅の刃」 無限列車編,movie,watch,25d72184-f66a-4965-a647-8cbd74c2db59,2024-05-13 13:20:39,,,GB,watch-date-1715606439
75184478,watch-27fa3d0c-a2cb-47f7-b23e-dda689eaeca5-0,,,watch-alpha-furious-7,2025-04-15 03:23:16,watch-release-date-2015-04-03,,8220,2015-04-03 00:00:00,Furious 7,movie,watch,27fa3d0c-a2cb-47f7-b23e-dda689eaeca5,2025-04-15 03:23:16,,,GB,watch-date-1744687396
75184478,watch-2812e25d-664a-48a3-99e6-983d62a97215-0,,,watch-alpha-a-match-made-by-god,2024-06-21 18:00:55,watch-release-date-2008-12-11,,10020,2008-12-11 00:00:00,A Match Made By God,movie,watch,2812e25d-664a-48a3-99e6-983d62a97215,2024-06-21 18:00:55,,,GB,watch-date-1718992855
75184478,watch-28a004a3-ccb3-4e0b-8567-876daf0b132a-0,,,watch-alpha-jersey,2024-11-05 11:39:23,watch-release-date-2019-04-19,,9000,2019-04-19 00:00:00,Jersey,movie,watch,28a004a3-ccb3-4e0b-8567-876daf0b132a,2024-11-05 11:39:23,,,GB,watch-date-1730806763
75184478,watch-29ca32e3-bc48-4214-ae53-bd035a4c6a0d-0,,,watch-alpha-naruto-shippuden-the-movie-blood-prison,2023-12-22 10:40:33,watch-release-date-2011-07-30,,6480,2011-07-30 00:00:00,劇場版 NARUTO -ナルト- ブラッド・プリズン,movie,watch,29ca32e3-bc48-4214-ae53-bd035a4c6a0d,2023-12-22 10:40:33,,,GB,watch-date-1703241633
75184478,watch-29d4a9a1-6d12-4428-aae7-857194f69951-0,,,watch-alpha-kung-fu-panda,2023-12-22 12:14:27,watch-release-date-2008-06-04,,5700,2008-06-04 00:00:00,Kung Fu Panda,movie,watch,29d4a9a1-6d12-4428-aae7-857194f69951,2023-12-22 12:14:27,,,GB,watch-date-1703247267
75184478,watch-29f4e554-11c9-457a-8466-b2cd957d7e9a-0,,,watch-alpha-pokémon-detective-pikachu,2024-05-13 13:18:39,watch-release-date-2019-05-10,,6300,2019-05-10 00:00:00,Pokémon Detective Pikachu,movie,watch,29f4e554-11c9-457a-8466-b2cd957d7e9a,2024-05-13 13:18:39,,,GB,watch-date-1715606319
75184478,watch-2ae08d2a-b74c-4524-bd18-7027dc52ecdd-0,,,watch-alpha-maharshi,2026-01-29 14:27:55,watch-release-date-2019-05-09,,10560,2019-05-09 00:00:00,Maharshi,movie,watch,2ae08d2a-b74c-4524-bd18-7027dc52ecdd,2026-01-29 14:27:55,,,IN,watch-date-1769696875
75184478,watch-2b5e8976-9b03-4294-9583-1d5ef72452fc-0,,,watch-alpha-john-wick-chapter-2,2025-04-26 19:54:58,watch-release-date-2017-02-17,,7320,2017-02-17 00:00:00,John Wick: Chapter 2,movie,watch,2b5e8976-9b03-4294-9583-1d5ef72452fc,2025-04-26 19:54:58,,,GB,watch-date-1745697298
75184478,watch-2ba51e66-da1c-4264-9779-fe69458ef567-0,,,watch-alpha-ala-vaikunthapurramuloo,2024-11-05 11:34:07,watch-release-date-2020-01-12,,9900,2020-01-12 00:00:00,Ala Vaikunthapurramuloo,movie,watch,2ba51e66-da1c-4264-9779-fe69458ef567,2024-11-05 11:34:07,,,GB,watch-date-1730806447
75184478,watch-2c41a188-b550-44be-bb6b-c0d1c9604744-0,,,watch-alpha-harry-potter-and-the-deathly-hallows-part-2,2023-12-22 06:39:23,watch-release-date-2011-07-15,,7800,2011-07-15 00:00:00,Harry Potter and the Deathly Hallows: Part 2,movie,watch,2c41a188-b550-44be-bb6b-c0d1c9604744,2023-12-22 06:39:23,0,,,watch-date-1703227163
75184478,watch-2e2df8d6-a4a8-4dcc-b713-4c6de8293c61-0,,,watch-alpha-with-love,2026-06-05 13:59:10,watch-release-date-2026-02-06,,8460,2026-02-06 00:00:00,வித் லவ்,movie,watch,2e2df8d6-a4a8-4dcc-b713-4c6de8293c61,2026-06-05 13:59:10,,,IN,watch-date-1780667950
75184478,watch-2e37dcb6-fbcf-46ca-a0ed-25b7c8609a6d-0,,,watch-alpha-final-destination-5,2025-04-19 19:29:19,watch-release-date-2011-08-12,,5520,2011-08-12 00:00:00,Final Destination 5,movie,watch,2e37dcb6-fbcf-46ca-a0ed-25b7c8609a6d,2025-04-19 19:29:19,,,GB,watch-date-1745090959
75184478,watch-2f0e0702-f693-4adb-a0e0-1e175483cfae-0,,,watch-alpha-ice-age-dawn-of-the-dinosaurs,2023-12-22 12:53:23,watch-release-date-2009-07-03,,5640,2009-07-03 00:00:00,Ice Age: Dawn of the Dinosaurs,movie,watch,2f0e0702-f693-4adb-a0e0-1e175483cfae,2023-12-22 12:53:23,,,GB,watch-date-1703249603
75184478,watch-2f6cfd70-9bc6-49f1-b8e7-469004bd11df-0,,,watch-alpha-spider-man-across-the-spider-verse,2023-12-22 10:07:59,watch-release-date-2023-06-01,,8400,2023-06-01 00:00:00,Spider-Man: Across the Spider-Verse,movie,watch,2f6cfd70-9bc6-49f1-b8e7-469004bd11df,2023-12-22 10:07:59,,,GB,watch-date-1703239679
75184478,watch-2fab6ee7-c4fd-4b7b-8d75-b62f8c7d81a5-0,,,watch-alpha-men-in-black-3,2023-12-22 12:16:39,watch-release-date-2012-05-25,,8100,2012-05-25 00:00:00,Men in Black 3,movie,watch,2fab6ee7-c4fd-4b7b-8d75-b62f8c7d81a5,2023-12-22 12:16:39,,,GB,watch-date-1703247399
75184478,watch-305e9f34-bbed-40e1-b865-51da5ef36203-0,,,watch-alpha-happy-raj,2026-06-06 14:44:46,watch-release-date-2026-03-27,,9540,2026-03-27 00:00:00,ஹேப்பி ராஜ்,movie,watch,305e9f34-bbed-40e1-b865-51da5ef36203,2026-06-06 14:44:46,,,IN,watch-date-1780757086
75184478,watch-3067f4f8-c34d-4a10-a869-6c08557e869c-0,,,watch-alpha-deadpool,2024-08-18 01:58:40,watch-release-date-2016-02-10,,6480,2016-02-10 00:00:00,Deadpool,movie,watch,3067f4f8-c34d-4a10-a869-6c08557e869c,2024-08-18 01:58:40,,,GB,watch-date-1723946320
75184478,watch-308c6fc7-4b21-4099-906d-ebfa6feb9192-0,,,watch-alpha-wrong-turn-4-bloody-beginnings,2026-06-21 09:35:03,watch-release-date-2011-10-25,,5580,2011-10-25 00:00:00,Wrong Turn 4: Bloody Beginnings,movie,watch,308c6fc7-4b21-4099-906d-ebfa6feb9192,2026-06-21 09:35:03,,,IN,watch-date-1782034503
75184478,watch-30f3a523-d7a2-4999-8c54-893b2cf11937-0,,,watch-alpha-the-mummy,2024-05-13 13:21:23,watch-release-date-1999-06-25,,7500,1999-06-25 00:00:00,The Mummy,movie,watch,30f3a523-d7a2-4999-8c54-893b2cf11937,2024-05-13 13:21:23,,,GB,watch-date-1715606483
75184478,watch-312ddc6d-e5f0-4d0c-b75b-c39a81175917-0,,,watch-alpha-sarrainodu,2024-11-05 11:38:47,watch-release-date-2016-04-08,,9660,2016-04-08 00:00:00,Sarrainodu,movie,watch,312ddc6d-e5f0-4d0c-b75b-c39a81175917,2024-11-05 11:38:47,,,GB,watch-date-1730806727
75184478,watch-3191c53d-8276-4a3a-8200-7b282f8c2af8-0,,,watch-alpha-dangal,2024-11-05 11:42:26,watch-release-date-2016-12-23,,9660,2016-12-23 00:00:00,दंगल,movie,watch,3191c53d-8276-4a3a-8200-7b282f8c2af8,2024-11-05 11:42:26,,,GB,watch-date-1730806946
75184478,watch-35247af8-826e-4638-8436-991044111a00-0,,,watch-alpha-geetha-govindam,2024-11-05 11:34:42,watch-release-date-2018-08-15,,8880,2018-08-15 00:00:00,Geetha Govindam,movie,watch,35247af8-826e-4638-8436-991044111a00,2024-11-05 11:34:42,,,GB,watch-date-1730806482
75184478,watch-3577ca1c-ee06-4e71-b380-5b98697c50cb-0,,,watch-alpha-captain-america-the-winter-soldier,2024-05-13 13:12:55,watch-release-date-2014-03-28,,8160,2014-03-28 00:00:00,Captain America: The Winter Soldier,movie,watch,3577ca1c-ee06-4e71-b380-5b98697c50cb,2024-05-13 13:12:55,,,GB,watch-date-1715605975
75184478,watch-35d392d8-8616-4be4-a2cd-4122781a4090-0,,,watch-alpha-finding-nemo,2023-12-22 06:39:23,watch-release-date-2003-12-05,,6000,2003-12-05 00:00:00,Finding Nemo,movie,watch,35d392d8-8616-4be4-a2cd-4122781a4090,2023-12-22 06:39:23,0,,,watch-date-1703227163
75184478,watch-36fe4361-a182-4992-a439-5bfa03124ddc-0,,,watch-alpha-mission-impossible-–-fallout,2025-10-02 12:35:05,watch-release-date-2018-07-26,,8820,2018-07-26 00:00:00,Mission: Impossible – Fallout,movie,watch,36fe4361-a182-4992-a439-5bfa03124ddc,2025-10-02 12:35:05,,,IN,watch-date-1759408505
75184478,watch-377b5958-f7f1-4436-bfb6-c5ac0d3900c4-0,,,watch-alpha-wonder-woman,2026-01-20 13:33:20,watch-release-date-2017-06-23,,8460,2017-06-23 00:00:00,Wonder Woman,movie,watch,377b5958-f7f1-4436-bfb6-c5ac0d3900c4,2026-01-20 13:33:20,,,IN,watch-date-1768916000
75184478,watch-37a25045-d72e-4c7f-9400-19dcf8eb8b6c-0,,,watch-alpha-spider-man-3,2023-12-22 10:07:52,watch-release-date-2007-05-04,,8340,2007-05-04 00:00:00,Spider-Man 3,movie,watch,37a25045-d72e-4c7f-9400-19dcf8eb8b6c,2023-12-22 10:07:52,,,GB,watch-date-1703239672
75184478,watch-38dbb85c-10a1-44d1-a244-26abd9c7dc5a-0,,,watch-alpha-kabhi-khushi-kabhie-gham,2024-12-28 16:18:25,watch-release-date-2001-12-14,,12600,2001-12-14 00:00:00,कभी खुशी कभी ग़म...,movie,watch,38dbb85c-10a1-44d1-a244-26abd9c7dc5a,2024-12-28 16:18:25,,,GB,watch-date-1735402705
75184478,watch-39015588-a5e4-4258-a1d7-4ec55664ff42-0,,,watch-alpha-cars,2023-12-22 12:53:53,watch-release-date-2006-06-14,,7020,2006-06-14 00:00:00,Cars,movie,watch,39015588-a5e4-4258-a1d7-4ec55664ff42,2023-12-22 12:53:53,,,GB,watch-date-1703249633
75184478,watch-3a7b9439-6436-4ce5-9c5d-69f71462d02e-0,,,watch-alpha-salaar-part-1---ceasefire,2024-01-28 04:12:27,watch-release-date-2023-12-22,,10500,2023-12-22 00:00:00,సలార్: పార్ట్‌ 1 – సీజ్‌ఫైర్‌,movie,watch,3a7b9439-6436-4ce5-9c5d-69f71462d02e,2024-01-28 04:12:27,,,GB,watch-date-1706415147
75184478,watch-3c0765b2-6958-401e-93eb-58ddaedf2e33-0,,,watch-alpha-cars-3,2024-05-13 13:21:51,watch-release-date-2017-07-14,,6540,2017-07-14 00:00:00,Cars 3,movie,watch,3c0765b2-6958-401e-93eb-58ddaedf2e33,2024-05-13 13:21:51,,,GB,watch-date-1715606511
75184478,watch-3c19bd5e-8afe-4a00-b9e0-68fbf3cac295-0,,,watch-alpha-5-centimeters-per-second,2024-07-28 03:45:50,watch-release-date-2007-06-21,,3720,2007-06-21 00:00:00,秒速5センチメートル,movie,watch,3c19bd5e-8afe-4a00-b9e0-68fbf3cac295,2024-07-28 03:45:50,,,GB,watch-date-1722138350
75184478,watch-3d07c0c7-97cf-4106-b550-08a7379934c9-0,,,watch-alpha-the-rajasaab,2026-03-28 19:19:07,watch-release-date-2026-01-09,,11700,2026-01-09 00:00:00,ది రాజాసాబ్,movie,watch,3d07c0c7-97cf-4106-b550-08a7379934c9,2026-03-28 19:19:07,,,IN,watch-date-1774725547
75184478,watch-3d32fdb8-f575-4299-a73d-a964076a587a-0,,,watch-alpha-stand-by-me-doraemon,2023-12-22 07:45:25,watch-release-date-2015-05-28,,5640,2015-05-28 00:00:00,STAND BY ME ドラえもん,movie,watch,3d32fdb8-f575-4299-a73d-a964076a587a,2023-12-22 07:45:25,,,GB,watch-date-1703231125
75184478,watch-3d7fc63e-c360-48cd-8ba9-01786ce76809-0,,,watch-alpha-passengers,2024-05-13 13:19:42,watch-release-date-2016-12-30,,6960,2016-12-30 00:00:00,Passengers,movie,watch,3d7fc63e-c360-48cd-8ba9-01786ce76809,2024-05-13 13:19:42,,,GB,watch-date-1715606382
75184478,watch-3d914e7d-1718-45c3-ad42-689573bc0d38-0,,,watch-alpha-batman-v-superman-dawn-of-justice,2026-01-16 12:59:05,watch-release-date-2016-03-23,,9060,2016-03-23 00:00:00,Batman v Superman: Dawn of Justice,movie,watch,3d914e7d-1718-45c3-ad42-689573bc0d38,2026-01-16 12:59:05,,,IN,watch-date-1768568345
75184478,watch-3e9efaa3-41f7-4380-9ed5-9541537b63aa-0,,,watch-alpha-thor,2023-12-22 06:39:23,watch-release-date-2011-04-29,,6900,2011-04-29 00:00:00,Thor,movie,watch,3e9efaa3-41f7-4380-9ed5-9541537b63aa,2023-12-22 06:39:23,0,,,watch-date-1703227163
75184478,watch-3ec752c2-6673-43b0-8c3d-d093895984e2-0,,,watch-alpha-hridayam,2026-06-06 14:45:05,watch-release-date-2022-01-21,,10320,2022-01-21 00:00:00,Hridayam,movie,watch,3ec752c2-6673-43b0-8c3d-d093895984e2,2026-06-06 14:45:05,,,IN,watch-date-1780757105
75184478,watch-3f0c0923-30b6-4d07-b371-12642a2d0da1-0,,,watch-alpha-the-last-naruto-the-movie,2023-12-22 10:39:58,watch-release-date-2014-12-06,,6840,2014-12-06 00:00:00,THE LAST -NARUTO THE MOVIE-,movie,watch,3f0c0923-30b6-4d07-b371-12642a2d0da1,2023-12-22 10:39:58,,,GB,watch-date-1703241598
75184478,watch-3f3601ce-80dc-4569-80b3-16027a061c4b-0,,,watch-alpha-mission-impossible-–-ghost-protocol,2026-01-16 12:57:26,watch-release-date-2012-01-28,,7980,2012-01-28 00:00:00,Mission: Impossible – Ghost Protocol,movie,watch,3f3601ce-80dc-4569-80b3-16027a061c4b,2026-01-16 12:57:26,,,IN,watch-date-1768568246
75184478,watch-3fd9af83-4e96-4111-be74-7a87ba81bb25-0,,,watch-alpha-final-destination,2025-04-13 07:55:05,watch-release-date-2000-05-19,,5880,2000-05-19 00:00:00,Final Destination,movie,watch,3fd9af83-4e96-4111-be74-7a87ba81bb25,2025-04-13 07:55:05,,,GB,watch-date-1744530905
75184478,watch-40b1a8ca-b35c-451f-9dfd-2c4186bae401-0,,,watch-alpha-guardians-of-the-galaxy-vol-3,2024-05-13 13:16:34,watch-release-date-2023-05-04,,9000,2023-05-04 00:00:00,Guardians of the Galaxy Vol. 3,movie,watch,40b1a8ca-b35c-451f-9dfd-2c4186bae401,2024-05-13 13:16:34,,,GB,watch-date-1715606194
75184478,watch-4146ef56-e632-412a-a26d-214df7e44fb3-0,,,watch-alpha-animal,2024-02-01 08:51:30,watch-release-date-2023-12-01,,12060,2023-12-01 00:00:00,एनिमल,movie,watch,4146ef56-e632-412a-a26d-214df7e44fb3,2024-02-01 08:51:30,,,GB,watch-date-1706777490
75184478,watch-41a4d4ab-4660-4afe-8c14-a202b0288ff8-0,,,watch-alpha-hey-sinamika,2024-05-18 09:39:14,watch-release-date-2022-03-03,,8940,2022-03-03 00:00:00,ஹே சினாமிகா,movie,watch,41a4d4ab-4660-4afe-8c14-a202b0288ff8,2024-05-18 09:39:14,,,GB,watch-date-1716025154
75184478,watch-42814c39-07fe-4c44-a315-0ba14342384f-0,,,watch-alpha-f9,2025-06-08 04:13:08,watch-release-date-2021-07-02,,8700,2021-07-02 00:00:00,F9,movie,watch,42814c39-07fe-4c44-a315-0ba14342384f,2025-06-08 04:13:08,,,IN,watch-date-1749355988
75184478,watch-43e92f62-f10b-4974-8012-65302885a79b-0,,,watch-alpha-despicable-me-3,2024-05-13 13:22:01,watch-release-date-2017-06-30,,5760,2017-06-30 00:00:00,Despicable Me 3,movie,watch,43e92f62-f10b-4974-8012-65302885a79b,2024-05-13 13:22:01,,,GB,watch-date-1715606521
75184478,watch-449a7521-8df2-429b-ba6e-f8b9510fec60-0,,,watch-alpha-solo-leveling-reawakening,2025-01-11 17:33:02,watch-release-date-2024-12-05,,7500,2024-12-05 00:00:00,俺だけレベルアップな件 -ReAwakening-,movie,watch,449a7521-8df2-429b-ba6e-f8b9510fec60,2025-01-11 17:33:02,,,GB,watch-date-1736616782
75184478,watch-44d2795f-61f5-43fb-9564-1a5d38ea7189-0,,,watch-alpha-naruto-shippuden-the-movie,2023-12-22 10:40:30,watch-release-date-2007-08-04,,5700,2007-08-04 00:00:00,劇場版 NARUTO -ナルト- 疾風伝,movie,watch,44d2795f-61f5-43fb-9564-1a5d38ea7189,2023-12-22 10:40:30,,,GB,watch-date-1703241630
75184478,watch-4599fa08-aeb9-4b2b-bf7d-5091d4bb0463-0,,,watch-alpha-table-no-21,2024-08-24 10:48:46,watch-release-date-2013-01-03,,6480,2013-01-03 00:00:00,Table No. 21,movie,watch,4599fa08-aeb9-4b2b-bf7d-5091d4bb0463,2024-08-24 10:48:46,,,GB,watch-date-1724496526
75184478,watch-46aa618c-b22a-423b-82e5-f362742a476b-0,,,watch-alpha-pk,2024-12-09 09:18:14,watch-release-date-2014-12-19,,9180,2014-12-19 00:00:00,पीके,movie,watch,46aa618c-b22a-423b-82e5-f362742a476b,2024-12-09 09:18:14,,,GB,watch-date-1733735894
75184478,watch-4732ede8-6cbd-4a9e-b62c-1f2e11515c2f-0,,,watch-alpha-sherlock-holmes,2024-06-07 14:12:39,watch-release-date-2010-02-03,,7680,2010-02-03 00:00:00,Sherlock Holmes,movie,watch,4732ede8-6cbd-4a9e-b62c-1f2e11515c2f,2024-06-07 14:12:39,,,GB,watch-date-1717769559
75184478,watch-480032ef-e2f2-4d4a-804b-edb08e08ff79-0,,,watch-alpha-avengers-age-of-ultron,2024-05-13 13:12:31,watch-release-date-2015-04-23,,8460,2015-04-23 00:00:00,Avengers: Age of Ultron,movie,watch,480032ef-e2f2-4d4a-804b-edb08e08ff79,2024-05-13 13:12:31,,,GB,watch-date-1715605951
75184478,watch-4859d0a1-bb82-4710-9f52-69520bb0f7af-0,,,watch-alpha-fast-x,2025-06-09 18:54:33,watch-release-date-2023-05-19,,8460,2023-05-19 00:00:00,Fast X,movie,watch,4859d0a1-bb82-4710-9f52-69520bb0f7af,2025-06-09 18:54:33,,,IN,watch-date-1749495273
75184478,watch-48bf77c3-9ecb-4c12-acaf-7d1830b116a6-0,,,watch-alpha-john-wick,2025-04-25 13:10:47,watch-release-date-2015-01-22,,6060,2015-01-22 00:00:00,John Wick,movie,watch,48bf77c3-9ecb-4c12-acaf-7d1830b116a6,2025-04-25 13:10:47,,,GB,watch-date-1745586647
75184478,watch-4929b925-6c6d-4bad-979a-b53e4ecfa486-0,,,watch-alpha-mission-impossible-–-rogue-nation,2025-10-01 03:11:54,watch-release-date-2015-09-08,,7920,2015-09-08 00:00:00,Mission: Impossible – Rogue Nation,movie,watch,4929b925-6c6d-4bad-979a-b53e4ecfa486,2025-10-01 03:11:54,,,IN,watch-date-1759288314
75184478,watch-4a870a10-8d3c-42cd-9d1f-562d853e83b4-0,,,watch-alpha-taare-zameen-par,2024-12-09 09:18:08,watch-release-date-2007-12-21,,9900,2007-12-21 00:00:00,तारे ज़मीन पर,movie,watch,4a870a10-8d3c-42cd-9d1f-562d853e83b4,2024-12-09 09:18:08,,,GB,watch-date-1733735888
75184478,watch-4aabf649-673d-4453-a6bb-73ad212e8037-0,,,watch-alpha-bullet-train,2025-06-21 12:23:32,watch-release-date-2022-08-04,,7620,2022-08-04 00:00:00,Bullet Train,movie,watch,4aabf649-673d-4453-a6bb-73ad212e8037,2025-06-21 12:23:32,,,IN,watch-date-1750508612
75184478,watch-4b67a3f0-96d1-45bd-94eb-a370ab3b2f24-0,,,watch-alpha-one-piece-film-z,2023-12-22 07:47:29,watch-release-date-2012-12-15,,6480,2012-12-15 00:00:00,ワンピース フィルム ゼット,movie,watch,4b67a3f0-96d1-45bd-94eb-a370ab3b2f24,2023-12-22 07:47:29,,,GB,watch-date-1703231249
75184478,watch-4c096343-1bb1-4a4d-b4da-0e0bcef6d7a1-0,,,watch-alpha-summer-ghost,2023-12-22 07:02:57,watch-release-date-2021-11-12,,2400,2021-11-12 00:00:00,サマーゴースト,movie,watch,4c096343-1bb1-4a4d-b4da-0e0bcef6d7a1,2023-12-22 07:02:57,,,GB,watch-date-1703228577
75184478,watch-4c36fc38-a994-40c2-b1ca-7278d7f28d40-0,,,watch-alpha-naruto-shippuden-the-movie-bonds,2023-12-22 10:40:08,watch-release-date-2008-08-02,,5400,2008-08-02 00:00:00,劇場版 NARUTO -ナルト- 疾風伝 絆,movie,watch,4c36fc38-a994-40c2-b1ca-7278d7f28d40,2023-12-22 10:40:08,,,GB,watch-date-1703241608
75184478,watch-4d91da4a-1e30-41b0-85ac-8f529313c64d-0,,,watch-alpha-final-destination-bloodlines,2025-06-27 17:05:25,watch-release-date-2025-05-14,,6000,2025-05-14 00:00:00,Final Destination: Bloodlines,movie,watch,4d91da4a-1e30-41b0-85ac-8f529313c64d,2025-06-27 17:05:25,,,IN,watch-date-1751043925
75184478,watch-4dba3a20-f39d-4a3d-a52c-8acba7a10604-0,,,watch-alpha-final-destination-2,2025-04-18 12:18:56,watch-release-date-2003-01-31,,5400,2003-01-31 00:00:00,Final Destination 2,movie,watch,4dba3a20-f39d-4a3d-a52c-8acba7a10604,2025-04-18 12:18:56,,,GB,watch-date-1744978736
75184478,watch-4dc99da3-cdd6-42ff-a9c5-6ebd7743ae07-0,,,watch-alpha-truth-or-dare,2024-05-13 13:24:54,watch-release-date-2018-04-13,,6000,2018-04-13 00:00:00,Truth or Dare,movie,watch,4dc99da3-cdd6-42ff-a9c5-6ebd7743ae07,2024-05-13 13:24:54,,,GB,watch-date-1715606694
75184478,watch-50d34979-caa3-42d8-9a24-12f62695e9e9-0,,,watch-alpha-28-days-later,2025-05-13 16:42:15,watch-release-date-2003-06-13,,6780,2003-06-13 00:00:00,28 Days Later,movie,watch,50d34979-caa3-42d8-9a24-12f62695e9e9,2025-05-13 16:42:15,,,GB,watch-date-1747154535
75184478,watch-5170f78f-b0df-487e-9402-e2ce9dce04ca-0,,,watch-alpha-the-empire-strikes-back,2025-12-19 17:35:15,watch-release-date-1980-12-10,,7440,1980-12-10 00:00:00,The Empire Strikes Back,movie,watch,5170f78f-b0df-487e-9402-e2ce9dce04ca,2025-12-19 17:35:15,,,IN,watch-date-1766165715
75184478,watch-527adc31-6d16-4526-b122-50257353867a-0,,,watch-alpha-mission-impossible-iii,2025-09-29 05:00:24,watch-release-date-2006-07-20,,7560,2006-07-20 00:00:00,Mission: Impossible III,movie,watch,527adc31-6d16-4526-b122-50257353867a,2025-09-29 05:00:24,,,IN,watch-date-1759122024
75184478,watch-537fb138-db2e-43e1-8878-fd8753cb564c-0,,,watch-alpha-beast,2024-10-06 07:32:44,watch-release-date-2022-04-13,,9720,2022-04-13 00:00:00,Beast,movie,watch,537fb138-db2e-43e1-8878-fd8753cb564c,2024-10-06 07:32:44,,,GB,watch-date-1728199964
75184478,watch-539f3286-7666-42ef-816a-f6e69b37647b-0,,,watch-alpha-kgf-chapter-2,2024-06-21 18:03:04,watch-release-date-2022-04-14,,10080,2022-04-14 00:00:00,ಕೆ.ಜಿ.ಎಫ್: ಅಧ್ಯಾಯ ೨,movie,watch,539f3286-7666-42ef-816a-f6e69b37647b,2024-06-21 18:03:04,,,GB,watch-date-1718992984
75184478,watch-541056d1-4da7-4435-aebc-11848ed442b9-0,,,watch-alpha-triangle,2025-02-08 05:43:30,watch-release-date-2009-10-16,,5940,2009-10-16 00:00:00,Triangle,movie,watch,541056d1-4da7-4435-aebc-11848ed442b9,2025-02-08 05:43:30,,,GB,watch-date-1738993410
75184478,watch-55294da6-56da-4d4f-bf85-7a33a4a3124f-0,,,watch-alpha-ice-age-collision-course,2023-12-22 12:54:11,watch-release-date-2016-07-13,,5640,2016-07-13 00:00:00,Ice Age: Collision Course,movie,watch,55294da6-56da-4d4f-bf85-7a33a4a3124f,2023-12-22 12:54:11,,,GB,watch-date-1703249651
75184478,watch-578c78b0-6510-46ec-b741-3f685d4f53d8-0,,,watch-alpha-jumanji-welcome-to-the-jungle,2023-12-22 07:23:15,watch-release-date-2017-12-21,,7140,2017-12-21 00:00:00,Jumanji: Welcome to the Jungle,movie,watch,578c78b0-6510-46ec-b741-3f685d4f53d8,2023-12-22 07:23:15,,,GB,watch-date-1703229795
75184478,watch-58e24522-bc2d-43a5-bc4c-142388b82e95-0,,,watch-alpha-venom-the-last-dance,2025-01-26 09:54:40,watch-release-date-2024-10-23,,6540,2024-10-23 00:00:00,Venom: The Last Dance,movie,watch,58e24522-bc2d-43a5-bc4c-142388b82e95,2025-01-26 09:54:40,,,GB,watch-date-1737885280
75184478,watch-5a0f949c-f5fb-475a-a895-2315d44bf666-0,,,watch-alpha-teri-baaton-mein-aisa-uljha-jiya,2025-05-01 09:12:12,watch-release-date-2024-02-09,,8460,2024-02-09 00:00:00,तेरी बातों में ऐसा उलझा जिया,movie,watch,5a0f949c-f5fb-475a-a895-2315d44bf666,2025-05-01 09:12:12,,,GB,watch-date-1746090732
75184478,watch-5a432bdc-e493-410b-bee8-af93095c6fcf-0,,,watch-alpha-harry-potter-and-the-chamber-of-secrets,2023-12-22 06:39:23,watch-release-date-2002-12-06,,9660,2002-12-06 00:00:00,Harry Potter and the Chamber of Secrets,movie,watch,5a432bdc-e493-410b-bee8-af93095c6fcf,2023-12-22 06:39:23,0,,,watch-date-1703227163
75184478,watch-5a572244-9ee5-4640-9251-44ee52a1680c-0,,,watch-alpha-laila-majnu,2026-03-23 13:27:41,watch-release-date-2018-09-07,,8340,2018-09-07 00:00:00,लैला-मजनू,movie,watch,5a572244-9ee5-4640-9251-44ee52a1680c,2026-03-23 13:27:41,,,US,watch-date-1774272461
75184478,watch-5b0db8fe-53f8-484e-80e6-db219eee3685-0,,,watch-alpha-the-martian,2026-06-17 13:02:20,watch-release-date-2015-09-11,,8640,2015-09-11 00:00:00,The Martian,movie,watch,5b0db8fe-53f8-484e-80e6-db219eee3685,2026-06-17 13:02:20,,,IN,watch-date-1781701340
75184478,watch-5b5b35ef-735c-45b6-ae5a-e946691757f9-0,,,watch-alpha-mahavatar-narsimha,2025-09-25 12:14:25,watch-release-date-2025-07-25,,8460,2025-07-25 00:00:00,ಮಹಾವತಾರ ನರಸಿಂಹ,movie,watch,5b5b35ef-735c-45b6-ae5a-e946691757f9,2025-09-25 12:14:25,,,IN,watch-date-1758802465
75184478,watch-5b655302-b0e4-413a-aa2e-3496056678e5-0,,,watch-alpha-rrr,2024-06-21 18:03:32,watch-release-date-2022-03-25,,11100,2022-03-25 00:00:00,ఆర్ఆర్ఆర్,movie,watch,5b655302-b0e4-413a-aa2e-3496056678e5,2024-06-21 18:03:32,,,GB,watch-date-1718993012
75184478,watch-5edb6395-fd81-42d4-ac3a-02b7a9ef073f-0,,,watch-alpha-raincoat,2025-05-02 15:48:37,watch-release-date-2004-12-24,,7200,2004-12-24 00:00:00,Raincoat,movie,watch,5edb6395-fd81-42d4-ac3a-02b7a9ef073f,2025-05-02 15:48:37,,,GB,watch-date-1746200917
75184478,watch-608d135e-95da-4ac7-8608-f067a12e592a-0,,,watch-alpha-uri-the-surgical-strike,2024-06-21 18:04:59,watch-release-date-2019-01-11,,8280,2019-01-11 00:00:00,उरी: द सर्जिकल स्ट्राइक,movie,watch,608d135e-95da-4ac7-8608-f067a12e592a,2024-06-21 18:04:59,,,GB,watch-date-1718993099
75184478,watch-622dc8a7-48fb-444b-98ed-6c7c831dbe6c-0,,,watch-alpha-shutter-island,2025-06-19 03:06:16,watch-release-date-2010-02-24,,8340,2010-02-24 00:00:00,Shutter Island,movie,watch,622dc8a7-48fb-444b-98ed-6c7c831dbe6c,2025-06-19 03:06:16,,,IN,watch-date-1750302376
75184478,watch-622e25b2-b115-4ae3-8cb3-4e6bc5edfee4-0,,,watch-alpha-the-mummy-tomb-of-the-dragon-emperor,2024-06-15 10:50:56,watch-release-date-2008-07-01,,6720,2008-07-01 00:00:00,The Mummy: Tomb of the Dragon Emperor,movie,watch,622e25b2-b115-4ae3-8cb3-4e6bc5edfee4,2024-06-15 10:50:56,,,GB,watch-date-1718448656
75184478,watch-624e65c8-a7a3-430e-bf7f-857b5a59d6e8-0,,,watch-alpha-the-angry-birds-movie,2023-12-22 12:13:35,watch-release-date-2016-05-13,,5820,2016-05-13 00:00:00,The Angry Birds Movie,movie,watch,624e65c8-a7a3-430e-bf7f-857b5a59d6e8,2023-12-22 12:13:35,,,GB,watch-date-1703247215
75184478,watch-62760786-25a6-4b64-8cf8-b75f0b7c9ddb-0,,,watch-alpha-anyone-but-you,2025-06-25 05:26:05,watch-release-date-2024-01-25,,6240,2024-01-25 00:00:00,Anyone But You,movie,watch,62760786-25a6-4b64-8cf8-b75f0b7c9ddb,2025-06-25 05:26:05,,,IN,watch-date-1750829165
75184478,watch-634906a0-7ab0-4848-9ff5-cce9d03b0d84-0,,,watch-alpha-demon-slayer-kimetsu-no-yaiba---to-the-hashira-training,2024-05-18 06:33:58,watch-release-date-2024-02-22,,6180,2024-02-22 00:00:00,鬼滅の刃 柱稽古編,movie,watch,634906a0-7ab0-4848-9ff5-cce9d03b0d84,2024-05-18 06:33:58,,,GB,watch-date-1716014038
75184478,watch-63bcc9d5-b150-456e-96e6-6ea9ab042bcc-0,,,watch-alpha-spider-man-2,2023-12-22 10:07:39,watch-release-date-2004-07-14,,7620,2004-07-14 00:00:00,Spider-Man 2,movie,watch,63bcc9d5-b150-456e-96e6-6ea9ab042bcc,2023-12-22 10:07:39,,,GB,watch-date-1703239659
75184478,watch-64107725-a8e3-40e2-8dde-6f71bd2d8498-0,,,watch-alpha-black-adam,2023-12-22 07:53:42,watch-release-date-2022-10-21,,7500,2022-10-21 00:00:00,Black Adam,movie,watch,64107725-a8e3-40e2-8dde-6f71bd2d8498,2023-12-22 07:53:42,,,GB,watch-date-1703231622
75184478,watch-6471acd8-0551-4515-af59-4c273568ec9d-0,,,watch-alpha-dunki,2024-02-25 04:58:52,watch-release-date-2023-12-21,,9600,2023-12-21 00:00:00,डंकी,movie,watch,6471acd8-0551-4515-af59-4c273568ec9d,2024-02-25 04:58:52,,,GB,watch-date-1708837132
75184478,watch-64b482af-1fdf-4d0f-91ce-fb93d630b043-0,,,watch-alpha-munjya,2024-08-27 17:23:19,watch-release-date-2024-06-07,,7380,2024-06-07 00:00:00,मुंज्या,movie,watch,64b482af-1fdf-4d0f-91ce-fb93d630b043,2024-08-27 17:23:19,,,GB,watch-date-1724779399
75184478,watch-65c8a8ab-c39d-4f2d-9956-861b2c76c369-0,,,watch-alpha-tamasha,2024-06-21 17:59:13,watch-release-date-2015-11-27,,8340,2015-11-27 00:00:00,तमाशा,movie,watch,65c8a8ab-c39d-4f2d-9956-861b2c76c369,2024-06-21 17:59:13,,,GB,watch-date-1718992753
75184478,watch-668fe326-d0ba-46ae-85f9-19f24002f525-0,,,watch-alpha-marco,2025-02-05 11:37:42,watch-release-date-2024-12-20,,8700,2024-12-20 00:00:00,മാർക്കോ,movie,watch,668fe326-d0ba-46ae-85f9-19f24002f525,2025-02-05 11:37:42,,,GB,watch-date-1738755462
75184478,watch-69646a61-4b72-4d2c-b8f9-8bcd30490294-0,,,watch-alpha-chhichhore,2024-06-21 18:04:37,watch-release-date-2019-09-06,,8580,2019-09-06 00:00:00,छिछोरे,movie,watch,69646a61-4b72-4d2c-b8f9-8bcd30490294,2024-06-21 18:04:37,,,GB,watch-date-1718993077
75184478,watch-69973f48-6de5-46b3-b030-78ea5116ad4f-0,,,watch-alpha-stree-2,2024-10-03 05:18:43,watch-release-date-2024-08-15,,8820,2024-08-15 00:00:00,स्त्री 2,movie,watch,69973f48-6de5-46b3-b030-78ea5116ad4f,2024-10-03 05:18:43,,,GB,watch-date-1727932723
75184478,watch-6d6deb7b-509d-4bf6-b23a-ed206852c7bf-0,,,watch-alpha-wrong-turn,2025-11-18 16:14:11,watch-release-date-2003-05-30,,5040,2003-05-30 00:00:00,Wrong Turn,movie,watch,6d6deb7b-509d-4bf6-b23a-ed206852c7bf,2025-11-18 16:14:11,,,IN,watch-date-1763482451
75184478,watch-6d7a40a2-ba08-4f81-a8b4-10ac6842f792-0,,,watch-alpha-new-gods-nezha-reborn,2026-04-06 07:37:06,watch-release-date-2021-02-12,,6960,2021-02-12 00:00:00,新神榜：哪吒重生,movie,watch,6d7a40a2-ba08-4f81-a8b4-10ac6842f792,2026-04-06 07:37:06,,,IN,watch-date-1775461026
75184478,watch-6ec57699-2b16-4a41-90ee-f7b4c0601654-0,,,watch-alpha-the-amazing-spider-man,2023-12-22 06:39:23,watch-release-date-2012-07-03,,8160,2012-07-03 00:00:00,The Amazing Spider-Man,movie,watch,6ec57699-2b16-4a41-90ee-f7b4c0601654,2023-12-22 06:39:23,0,,,watch-date-1703227163
75184478,watch-701ea1ba-34df-4fa1-b4b1-29fc283c2d0c-0,,,watch-alpha-guardians-of-the-galaxy-vol-2,2023-12-22 06:39:23,watch-release-date-2017-04-28,,8220,2017-04-28 00:00:00,Guardians of the Galaxy Vol. 2,movie,watch,701ea1ba-34df-4fa1-b4b1-29fc283c2d0c,2023-12-22 06:39:23,0,,,watch-date-1703227163
75184478,watch-7082a169-24b1-45a9-b9c8-e2afc8e3afe9-0,,,watch-alpha-24,2024-11-05 11:39:49,watch-release-date-2016-05-05,,9840,2016-05-05 00:00:00,24,movie,watch,7082a169-24b1-45a9-b9c8-e2afc8e3afe9,2024-11-05 11:39:49,,,GB,watch-date-1730806789
75184478,watch-70e71074-48c4-48af-b7af-6dd69a7bc4a8-0,,,watch-alpha-the-mummy-returns,2024-05-13 13:24:19,watch-release-date-2001-05-04,,7800,2001-05-04 00:00:00,The Mummy Returns,movie,watch,70e71074-48c4-48af-b7af-6dd69a7bc4a8,2024-05-13 13:24:19,,,GB,watch-date-1715606659
75184478,watch-717a64a7-8040-4c6b-88e2-3552e890fb54-0,,,watch-alpha-guardians-of-the-galaxy,2024-05-13 13:12:40,watch-release-date-2014-07-24,,7320,2014-07-24 00:00:00,Guardians of the Galaxy,movie,watch,717a64a7-8040-4c6b-88e2-3552e890fb54,2024-05-13 13:12:40,,,GB,watch-date-1715605960
75184478,watch-740cd424-dcea-4786-befb-9c6e27caa128-0,,,watch-alpha-haikyu-movie-battle-of-the-garbage-dump,2024-11-05 03:05:34,watch-release-date-2024-04-12,,5100,2024-04-12 00:00:00,劇場版ハイキュー!! ゴミ捨て場の決戦,movie,watch,740cd424-dcea-4786-befb-9c6e27caa128,2024-11-05 03:05:34,,,GB,watch-date-1730775934
75184478,watch-751425aa-e8e1-4140-8291-97c7049eba23-0,,,watch-alpha-tiger-3,2024-01-17 08:06:36,watch-release-date-2023-11-12,,9360,2023-11-12 00:00:00,टाइगर ३,movie,watch,751425aa-e8e1-4140-8291-97c7049eba23,2024-01-17 08:06:36,,,GB,watch-date-1705478796
75184478,watch-7516f395-7a69-4a0b-b4a4-6d5af54223f2-0,,,watch-alpha-super-30,2024-06-21 18:04:23,watch-release-date-2019-07-12,,9300,2019-07-12 00:00:00,Super 30,movie,watch,7516f395-7a69-4a0b-b4a4-6d5af54223f2,2024-06-21 18:04:23,,,GB,watch-date-1718993063
75184478,watch-758d716d-5a34-4c48-8a79-4fa2416e2a91-0,,,watch-alpha-spider-man-no-way-home,2023-12-22 06:39:23,watch-release-date-2021-12-16,,8880,2021-12-16 00:00:00,Spider-Man: No Way Home,movie,watch,758d716d-5a34-4c48-8a79-4fa2416e2a91,2023-12-22 06:39:23,0,,,watch-date-1703227163
75184478,watch-75e0cdd2-b83e-4a9e-91f6-56157cfb72d3-0,,,watch-alpha-rio-2,2024-05-13 13:22:21,watch-release-date-2014-04-09,,6060,2014-04-09 00:00:00,Rio 2,movie,watch,75e0cdd2-b83e-4a9e-91f6-56157cfb72d3,2024-05-13 13:22:21,,,GB,watch-date-1715606541
75184478,watch-7729c8d5-288f-4ab2-aea2-315e8327d16b-0,,,watch-alpha-sunny-sanskari-ki-tulsi-kumari,2025-12-05 10:42:57,watch-release-date-2025-10-02,,8100,2025-10-02 00:00:00,सनी संस्कारी की तुलसी कुमारी,movie,watch,7729c8d5-288f-4ab2-aea2-315e8327d16b,2025-12-05 10:42:57,,,IN,watch-date-1764931377
75184478,watch-778b789e-6e80-4c03-8588-e2c633b72a12-0,,,watch-alpha-3-idiots,2024-06-21 18:04:04,watch-release-date-2009-12-24,,10200,2009-12-24 00:00:00,३ इडियट्स,movie,watch,778b789e-6e80-4c03-8588-e2c633b72a12,2024-06-21 18:04:04,,,GB,watch-date-1718993044
75184478,watch-778f63b3-1673-465f-8d44-3ce4d8a085d0-0,,,watch-alpha-ae-dil-hai-mushkil,2024-09-16 03:21:16,watch-release-date-2016-10-28,,9480,2016-10-28 00:00:00,ऐ दिल है मुश्किल,movie,watch,778f63b3-1673-465f-8d44-3ce4d8a085d0,2024-09-16 03:21:16,,,GB,watch-date-1726456876
75184478,watch-780fa612-3916-40e9-a1c3-6b2e75197395-0,,,watch-alpha-up,2024-05-13 13:29:42,watch-release-date-2009-09-04,,5760,2009-09-04 00:00:00,Up,movie,watch,780fa612-3916-40e9-a1c3-6b2e75197395,2024-05-13 13:29:42,,,GB,watch-date-1715606982
75184478,watch-78bdccb1-7291-4d79-a4b3-d4e4e198348a-0,,,watch-alpha-ice-age-the-meltdown,2023-12-22 12:53:43,watch-release-date-2006-04-05,,5460,2006-04-05 00:00:00,Ice Age: The Meltdown,movie,watch,78bdccb1-7291-4d79-a4b3-d4e4e198348a,2023-12-22 12:53:43,,,GB,watch-date-1703249623
75184478,watch-78c27d1a-dea2-45b2-be8f-5dfabea9b846-0,,,watch-alpha-hanu-man,2024-04-14 06:23:13,watch-release-date-2024-01-12,,9000,2024-01-12 00:00:00,హను-మాన్,movie,watch,78c27d1a-dea2-45b2-be8f-5dfabea9b846,2024-04-14 06:23:13,,,GB,watch-date-1713075793
75184478,watch-797850f1-71cd-438d-bde2-345337afd417-0,,,watch-alpha-jumanji-the-next-level,2023-12-22 07:23:19,watch-release-date-2019-12-11,,7380,2019-12-11 00:00:00,Jumanji: The Next Level,movie,watch,797850f1-71cd-438d-bde2-345337afd417,2023-12-22 07:23:19,,,GB,watch-date-1703229799
75184478,watch-79d78732-9ce0-44d1-9b74-91edb7e0f72b-0,,,watch-alpha-dragon,2025-04-10 18:32:07,watch-release-date-2025-02-21,,9420,2025-02-21 00:00:00,டிராகன்,movie,watch,79d78732-9ce0-44d1-9b74-91edb7e0f72b,2025-04-10 18:32:07,,,GB,watch-date-1744309927
75184478,watch-7a2cd5d7-fef7-4811-a9dd-65a4ed660284-0,,,watch-alpha-get-educated-paathshaala,2024-06-24 07:53:50,watch-release-date-2010-04-16,,7320,2010-04-16 00:00:00,Get Educated: Paathshaala,movie,watch,7a2cd5d7-fef7-4811-a9dd-65a4ed660284,2024-06-24 07:53:50,,,GB,watch-date-1719215630
75184478,watch-7a646abe-b99f-409c-9b36-5d21a4fedca8-0,,,watch-alpha-one-piece-film-red,2023-12-22 07:14:01,watch-release-date-2022-11-04,,6960,2022-11-04 00:00:00,ONE PIECE FILM RED,movie,watch,7a646abe-b99f-409c-9b36-5d21a4fedca8,2023-12-22 07:14:01,,,GB,watch-date-1703229241
75184478,watch-7bcb1ab0-23cd-4697-91e1-0d09b9d24ff3-0,,,watch-alpha-leo,2023-12-22 07:21:42,watch-release-date-2023-10-19,,9840,2023-10-19 00:00:00,லியொ,movie,watch,7bcb1ab0-23cd-4697-91e1-0d09b9d24ff3,2023-12-22 07:21:42,,,GB,watch-date-1703229702
75184478,watch-7bd1fe8e-56ff-4d26-af2b-3a7be07b747c-0,,,watch-alpha-tere-ishk-mein,2026-01-26 07:59:16,watch-release-date-2025-11-28,,10140,2025-11-28 00:00:00,तेरे इश्क़ में,movie,watch,7bd1fe8e-56ff-4d26-af2b-3a7be07b747c,2026-01-26 07:59:16,,,IN,watch-date-1769414356
75184478,watch-7e0beff2-6f75-4aed-ab94-f080a6f79fee-0,,,watch-alpha-mirai,2025-11-22 09:36:30,watch-release-date-2025-09-12,,10140,2025-09-12 00:00:00,మిరాయ్,movie,watch,7e0beff2-6f75-4aed-ab94-f080a6f79fee,2025-11-22 09:36:30,,,IN,watch-date-1763804190
75184478,watch-7e60fddd-177f-499c-a7cd-5d4571acac02-0,,,watch-alpha-naruto-shippuden-the-movie-inheritors-of-the-will-of-fire,2023-12-22 10:40:11,watch-release-date-2009-08-01,,5700,2009-08-01 00:00:00,劇場版 NARUTO -ナルト- 疾風伝 火の意志を継ぐ者,movie,watch,7e60fddd-177f-499c-a7cd-5d4571acac02,2023-12-22 10:40:11,,,GB,watch-date-1703241611
75184478,watch-7e62af02-d4a7-47ae-aaf6-bd79cadd4d5e-0,,,watch-alpha-mission-impossible-ii,2025-09-02 16:07:32,watch-release-date-2002-11-28,,7380,2002-11-28 00:00:00,Mission: Impossible II,movie,watch,7e62af02-d4a7-47ae-aaf6-bd79cadd4d5e,2025-09-02 16:07:32,,,IN,watch-date-1756829252
75184478,watch-7fb75a7c-5a36-4599-a1c4-be418f1b3ada-0,,,watch-alpha-venom,2023-12-22 06:39:23,watch-release-date-2018-10-04,,6720,2018-10-04 00:00:00,Venom,movie,watch,7fb75a7c-5a36-4599-a1c4-be418f1b3ada,2023-12-22 06:39:23,0,,,watch-date-1703227163
75184478,watch-802499fa-0107-46ec-900c-5f56d459a6cd-0,,,watch-alpha-wrong-turn-3-left-for-dead,2026-06-21 03:51:51,watch-release-date-2009-10-08,,5460,2009-10-08 00:00:00,Wrong Turn 3: Left for Dead,movie,watch,802499fa-0107-46ec-900c-5f56d459a6cd,2026-06-21 03:51:51,,,IN,watch-date-1782013911
75184478,watch-8131c68e-406c-4d80-9d71-87c6056fd99b-0,,,watch-alpha-ghostbusters,2024-05-13 13:26:59,watch-release-date-1984-11-21,,6420,1984-11-21 00:00:00,Ghostbusters,movie,watch,8131c68e-406c-4d80-9d71-87c6056fd99b,2024-05-13 13:26:59,,,GB,watch-date-1715606819
75184478,watch-82982f0f-097e-45b1-8ca2-e5b7001987cb-0,,,watch-alpha-manjummel-boys,2024-05-25 10:57:33,watch-release-date-2024-02-22,,8100,2024-02-22 00:00:00,മഞ്ഞുമ്മൽ ബോയ്സ്,movie,watch,82982f0f-097e-45b1-8ca2-e5b7001987cb,2024-05-25 10:57:33,,,GB,watch-date-1716634653
75184478,watch-82f50a08-0078-42ba-8249-fb4cbc7cc27b-0,,,watch-alpha-the-croods,2024-10-11 03:13:42,watch-release-date-2013-03-20,,6060,2013-03-20 00:00:00,The Croods,movie,watch,82f50a08-0078-42ba-8249-fb4cbc7cc27b,2024-10-11 03:13:42,,,GB,watch-date-1728616422
75184478,watch-831f05ea-de4a-44a8-8f28-83b208a05da1-0,,,watch-alpha-jumanji,2023-12-22 10:40:27,watch-release-date-1996-02-12,,6240,1996-02-12 00:00:00,Jumanji,movie,watch,831f05ea-de4a-44a8-8f28-83b208a05da1,2023-12-22 10:40:27,,,GB,watch-date-1703241627
75184478,watch-8512b5af-18c0-488b-9c10-1b6b5af7c002-0,,,watch-alpha-the-croods-a-new-age,2025-04-21 09:05:27,watch-release-date-2021-01-29,,5700,2021-01-29 00:00:00,The Croods: A New Age,movie,watch,8512b5af-18c0-488b-9c10-1b6b5af7c002,2025-04-21 09:05:27,,,GB,watch-date-1745226327
75184478,watch-85db6819-e623-45ab-b51c-a4da0a16871a-0,,,watch-alpha-ne-zha-2,2026-04-04 04:38:01,watch-release-date-2025-08-29,,8640,2025-08-29 00:00:00,哪吒之魔童闹海,movie,watch,85db6819-e623-45ab-b51c-a4da0a16871a,2026-04-04 04:38:01,,,IN,watch-date-1775277481
75184478,watch-86130b93-8d67-420c-bd24-b2fb4c4f4bb2-0,,,watch-alpha-sonic-the-hedgehog-3,2025-01-26 11:36:56,watch-release-date-2024-12-25,,6660,2024-12-25 00:00:00,Sonic the Hedgehog 3,movie,watch,86130b93-8d67-420c-bd24-b2fb4c4f4bb2,2025-01-26 11:36:56,,,GB,watch-date-1737891416
75184478,watch-86d81b27-1677-4dde-a763-22a5f00d4c4b-0,,,watch-alpha-sardaar-gabbar-singh,2024-11-05 11:40:09,watch-release-date-2016-04-08,,9840,2016-04-08 00:00:00,Sardaar Gabbar Singh,movie,watch,86d81b27-1677-4dde-a763-22a5f00d4c4b,2024-11-05 11:40:09,,,GB,watch-date-1730806809
75184478,watch-8727b86b-59cd-437b-89a7-40d2003155df-0,,,watch-alpha-star-wars-episode-i-–-the-phantom-menace,2025-12-23 04:52:04,watch-release-date-1999-09-17,,8160,1999-09-17 00:00:00,Star Wars: Episode I – The Phantom Menace,movie,watch,8727b86b-59cd-437b-89a7-40d2003155df,2025-12-23 04:52:04,,,IN,watch-date-1766465524
75184478,watch-87b9c2d4-1081-4a00-b09c-c155b9fd7000-0,,,watch-alpha-jawan,2023-12-22 07:54:27,watch-release-date-2023-09-07,,10140,2023-09-07 00:00:00,जवान,movie,watch,87b9c2d4-1081-4a00-b09c-c155b9fd7000,2023-12-22 07:54:27,,,GB,watch-date-1703231667
75184478,watch-88164b03-164e-4042-921e-2f5bbb9e829d-0,,,watch-alpha-baahubali-the-beginning,2024-06-21 18:03:26,watch-release-date-2015-07-10,,9480,2015-07-10 00:00:00,Baahubali: The Beginning,movie,watch,88164b03-164e-4042-921e-2f5bbb9e829d,2024-06-21 18:03:26,,,GB,watch-date-1718993006
75184478,watch-88b5eeea-84da-41a2-ae5a-3cec6ec49696-0,,,watch-alpha-life-of-pi,2024-05-13 13:24:06,watch-release-date-2012-12-21,,7620,2012-12-21 00:00:00,Life of Pi,movie,watch,88b5eeea-84da-41a2-ae5a-3cec6ec49696,2024-05-13 13:24:06,,,GB,watch-date-1715606646
75184478,watch-8a2b9070-f61e-4792-942e-1fc48774b46c-0,,,watch-alpha-good-newwz,2024-06-21 18:04:27,watch-release-date-2019-12-27,,7920,2019-12-27 00:00:00,गुड न्यूज़,movie,watch,8a2b9070-f61e-4792-942e-1fc48774b46c,2024-06-21 18:04:27,,,GB,watch-date-1718993067
75184478,watch-8a77bb53-3ec2-4b3c-a80b-e4e1fd501350-0,,,watch-alpha-doraemon-nobita's-chronicle-of-the-moon-exploration,2023-12-22 07:45:39,watch-release-date-2020-05-20,,6660,2020-05-20 00:00:00,ドラえもん のび太の月面探査記,movie,watch,8a77bb53-3ec2-4b3c-a80b-e4e1fd501350,2023-12-22 07:45:39,,,GB,watch-date-1703231139
75184478,watch-8aa3edf8-35a9-47a2-a132-0682fcf5f2e7-0,,,watch-alpha-kalki-2898ad,2024-08-22 20:13:49,watch-release-date-2024-06-27,,10860,2024-06-27 00:00:00,కల్కి 2898-AD,movie,watch,8aa3edf8-35a9-47a2-a132-0682fcf5f2e7,2024-08-22 20:13:49,,,GB,watch-date-1724357629
75184478,watch-8acdf7f7-88d1-4e10-92d5-296f7b64c50e-0,,,watch-alpha-harry-potter-and-the-order-of-the-phoenix,2023-12-22 06:39:23,watch-release-date-2007-07-11,,8280,2007-07-11 00:00:00,Harry Potter and the Order of the Phoenix,movie,watch,8acdf7f7-88d1-4e10-92d5-296f7b64c50e,2023-12-22 06:39:23,0,,,watch-date-1703227163
75184478,watch-8b180a17-b645-4e14-ab25-e50e7a68a7a1-0,,,watch-alpha-tarzan,2024-05-13 13:16:42,watch-release-date-1999-06-18,,5280,1999-06-18 00:00:00,Tarzan,movie,watch,8b180a17-b645-4e14-ab25-e50e7a68a7a1,2024-05-13 13:16:42,,,GB,watch-date-1715606202
75184478,watch-8b24570f-e6b1-4271-9f74-f6ea0bedb1eb-0,,,watch-alpha-justice-league,2026-02-12 12:58:11,watch-release-date-2017-11-17,,7200,2017-11-17 00:00:00,Justice League,movie,watch,8b24570f-e6b1-4271-9f74-f6ea0bedb1eb,2026-02-12 12:58:11,,,IN,watch-date-1770901091
75184478,watch-8c3749d7-5d61-4b4a-91f9-b4be69af1e0d-0,,,watch-alpha-dhruva,2024-11-05 11:37:28,watch-release-date-2016-10-07,,9900,2016-10-07 00:00:00,Dhruva,movie,watch,8c3749d7-5d61-4b4a-91f9-b4be69af1e0d,2024-11-05 11:37:28,,,GB,watch-date-1730806648
75184478,watch-8d76d4bd-29da-4f7b-aae7-119644ab75ac-0,,,watch-alpha-saiyaara,2025-10-05 13:54:34,watch-release-date-2025-07-18,,8880,2025-07-18 00:00:00,सायरा,movie,watch,8d76d4bd-29da-4f7b-aae7-119644ab75ac,2025-10-05 13:54:34,,,IN,watch-date-1759672474
75184478,watch-8ed79c61-2216-477a-a52e-871d7895ca2b-0,,,watch-alpha-avatar-the-way-of-water,2024-05-13 13:14:31,watch-release-date-2022-12-06,,11520,2022-12-06 00:00:00,Avatar: The Way of Water,movie,watch,8ed79c61-2216-477a-a52e-871d7895ca2b,2024-05-13 13:14:31,,,GB,watch-date-1715606071
75184478,watch-8ef12c09-c030-4ccf-ba3e-ed313393a427-0,,,watch-alpha-dune-part-one,2024-05-12 03:15:29,watch-release-date-2021-10-22,,9300,2021-10-22 00:00:00,Dune: Part One,movie,watch,8ef12c09-c030-4ccf-ba3e-ed313393a427,2024-05-12 03:15:29,,,GB,watch-date-1715483729
75184478,watch-8f160db4-d292-448f-be17-9001b3a18856-0,,,watch-alpha-mission-impossible-–-dead-reckoning-part-one,2025-10-17 17:34:51,watch-release-date-2023-07-14,,9780,2023-07-14 00:00:00,Mission: Impossible – Dead Reckoning Part One,movie,watch,8f160db4-d292-448f-be17-9001b3a18856,2025-10-17 17:34:51,,,IN,watch-date-1760722491
75184478,watch-8f261727-1d6a-455a-b247-96adad0ae905-0,,,watch-alpha-damsel,2024-06-21 17:40:55,watch-release-date-2024-03-08,,6420,2024-03-08 00:00:00,Damsel,movie,watch,8f261727-1d6a-455a-b247-96adad0ae905,2024-06-21 17:40:55,,,GB,watch-date-1718991655
75184478,watch-8fad2f48-5f4c-4705-9159-839dc0edccd7-0,,,watch-alpha-chainsaw-man-–-the-movie-reze-arc,2025-12-14 10:41:35,watch-release-date-2025-10-24,,6060,2025-10-24 00:00:00,チェンソーマン レゼ篇,movie,watch,8fad2f48-5f4c-4705-9159-839dc0edccd7,2025-12-14 10:41:35,,,IN,watch-date-1765708895
75184478,watch-8fc65596-1cfd-4fe1-a263-370f2c426f81-0,,,watch-alpha-star-wars-episode-ii-–-attack-of-the-clones,2025-12-25 06:00:04,watch-release-date-2002-05-16,,8520,2002-05-16 00:00:00,Star Wars: Episode II – Attack of the Clones,movie,watch,8fc65596-1cfd-4fe1-a263-370f2c426f81,2025-12-25 06:00:04,,,IN,watch-date-1766642404
75184478,watch-9095e0da-6662-4820-a3a1-4e1fe52638f4-0,,,watch-alpha-thor-the-dark-world,2023-12-22 06:39:23,watch-release-date-2013-10-31,,6720,2013-10-31 00:00:00,Thor: The Dark World,movie,watch,9095e0da-6662-4820-a3a1-4e1fe52638f4,2023-12-22 06:39:23,0,,,watch-date-1703227163
75184478,watch-90c35e6b-942f-4986-8a5b-379b3e435552-0,,,watch-alpha-tron,2025-11-18 16:12:48,watch-release-date-1982-12-24,,5760,1982-12-24 00:00:00,Tron,movie,watch,90c35e6b-942f-4986-8a5b-379b3e435552,2025-11-18 16:12:48,,,IN,watch-date-1763482368
75184478,watch-90ddccb8-b877-4df3-b655-7bf70f98605e-0,,,watch-alpha-the-girlfriend,2025-12-31 14:54:00,watch-release-date-2025-11-07,,8280,2025-11-07 00:00:00,ది గర్ల్‌ఫ్రెండ్,movie,watch,90ddccb8-b877-4df3-b655-7bf70f98605e,2025-12-31 14:54:00,,,IN,watch-date-1767192840
75184478,watch-919bfa79-f34f-470d-9472-d04016613b23-0,,,watch-alpha-frozen,2023-12-22 06:39:23,watch-release-date-2014-01-31,,6120,2014-01-31 00:00:00,Frozen,movie,watch,919bfa79-f34f-470d-9472-d04016613b23,2023-12-22 06:39:23,0,,,watch-date-1703227163
75184478,watch-9329597a-693d-4df9-8855-f524e347fd92-0,,,watch-alpha-star-wars,2025-12-18 15:46:06,watch-release-date-1978-07-01,,7260,1978-07-01 00:00:00,Star Wars,movie,watch,9329597a-693d-4df9-8855-f524e347fd92,2025-12-18 15:46:06,,,IN,watch-date-1766072766
75184478,watch-935896b6-e802-4781-97f5-bd7bb66b4162-0,,,watch-alpha-deadpool-2,2024-08-20 14:13:33,watch-release-date-2018-05-15,,8040,2018-05-15 00:00:00,Deadpool 2,movie,watch,935896b6-e802-4781-97f5-bd7bb66b4162,2024-08-20 14:13:33,,,GB,watch-date-1724163213
75184478,watch-93787a9c-2a57-4db9-a8ea-1a4b4dc45624-0,,,watch-alpha-stuart-little,2024-05-13 13:19:22,watch-release-date-2000-04-12,,5040,2000-04-12 00:00:00,Stuart Little,movie,watch,93787a9c-2a57-4db9-a8ea-1a4b4dc45624,2024-05-13 13:19:22,,,GB,watch-date-1715606362
75184478,watch-95eae269-4775-45b4-964f-3e615a0eca52-0,,,watch-alpha-manam,2024-11-05 11:37:50,watch-release-date-2014-05-23,,9780,2014-05-23 00:00:00,Manam,movie,watch,95eae269-4775-45b4-964f-3e615a0eca52,2024-11-05 11:37:50,,,GB,watch-date-1730806670
75184478,watch-95edf60a-bbc8-455e-9107-c70df4a51561-0,,,watch-alpha-lucky-baskhar,2024-12-06 13:39:33,watch-release-date-2024-10-31,,9000,2024-10-31 00:00:00,లక్కీ బాస్కర్,movie,watch,95edf60a-bbc8-455e-9107-c70df4a51561,2024-12-06 13:39:33,,,GB,watch-date-1733492373
75184478,watch-96c4e346-6268-47d5-b2dd-1eecf6aa147b-0,,,watch-alpha-mad-max-fury-road,2025-09-21 15:49:17,watch-release-date-2015-05-15,,7260,2015-05-15 00:00:00,Mad Max: Fury Road,movie,watch,96c4e346-6268-47d5-b2dd-1eecf6aa147b,2025-09-21 15:49:17,,,IN,watch-date-1758469757
75184478,watch-9722666f-dbc4-41cd-a917-2bd26e3ef21c-0,,,watch-alpha-ice-age,2023-12-22 12:54:05,watch-release-date-2002-06-26,,4860,2002-06-26 00:00:00,Ice Age,movie,watch,9722666f-dbc4-41cd-a917-2bd26e3ef21c,2023-12-22 12:54:05,,,GB,watch-date-1703249645
75184478,watch-985b2cb5-c42c-410b-a762-c56df299710a-0,,,watch-alpha-star-wars-the-rise-of-skywalker,2025-12-26 10:21:00,watch-release-date-2019-12-18,,8520,2019-12-18 00:00:00,Star Wars: The Rise of Skywalker,movie,watch,985b2cb5-c42c-410b-a762-c56df299710a,2025-12-26 10:21:00,,,IN,watch-date-1766744460
75184478,watch-98cc1928-fa5e-4c00-a0e7-762d1f73a1fc-0,,,watch-alpha-doctor-strange,2023-12-22 06:39:23,watch-release-date-2016-11-03,,6900,2016-11-03 00:00:00,Doctor Strange,movie,watch,98cc1928-fa5e-4c00-a0e7-762d1f73a1fc,2023-12-22 06:39:23,0,,,watch-date-1703227163
75184478,watch-990be31e-07de-49a6-bfa2-8a8042fcc5ff-0,,,watch-alpha-black-clover-sword-of-the-wizard-king,2023-12-22 07:11:38,watch-release-date-2023-06-16,,6780,2023-06-16 00:00:00,ブラッククローバー 魔法帝の剣,movie,watch,990be31e-07de-49a6-bfa2-8a8042fcc5ff,2023-12-22 07:11:38,,,GB,watch-date-1703229098
75184478,watch-9adb5ec5-a5c7-4cc8-8b10-b69f8944bfbf-0,,,watch-alpha-oppenheimer,2024-12-06 09:59:51,watch-release-date-2023-07-19,,10860,2023-07-19 00:00:00,Oppenheimer,movie,watch,9adb5ec5-a5c7-4cc8-8b10-b69f8944bfbf,2024-12-06 09:59:51,,,GB,watch-date-1733479191
75184478,watch-9b3f055b-fd15-4c8d-a500-f597e2d15784-0,,,watch-alpha-no-game-no-life-zero,2023-12-22 07:17:27,watch-release-date-2017-09-15,,6360,2017-09-15 00:00:00,ノーゲーム・ノーライフ ゼロ,movie,watch,9b3f055b-fd15-4c8d-a500-f597e2d15784,2023-12-22 07:17:27,,,GB,watch-date-1703229447
75184478,watch-9cc7cc30-5745-4445-9d76-1ddeea1e5c62-0,,,"watch-alpha-josee,-the-tiger-and-the-fish",2023-12-22 07:51:08,watch-release-date-2021-06-16,,5880,2021-06-16 00:00:00,ジョゼと虎と魚たち,movie,watch,9cc7cc30-5745-4445-9d76-1ddeea1e5c62,2023-12-22 07:51:08,,,GB,watch-date-1703231468
75184478,watch-9ccb2445-ef51-4a54-91c3-8885df405746-0,,,watch-alpha-men-in-black-international,2023-12-22 12:16:33,watch-release-date-2019-06-14,,6900,2019-06-14 00:00:00,Men in Black: International,movie,watch,9ccb2445-ef51-4a54-91c3-8885df405746,2023-12-22 12:16:33,,,GB,watch-date-1703247393
75184478,watch-9ec9c87a-b3c3-4783-9f53-22503fc814f2-0,,,watch-alpha-fast-&-furious-presents-hobbs-&-shaw,2025-06-04 18:30:20,watch-release-date-2019-08-01,,8220,2019-08-01 00:00:00,Fast & Furious Presents: Hobbs & Shaw,movie,watch,9ec9c87a-b3c3-4783-9f53-22503fc814f2,2025-06-04 18:30:20,,,IN,watch-date-1749061820
75184478,watch-9faef59c-80ec-4a57-866e-99ad2038a3ce-0,,,watch-alpha-men-in-black,2023-12-22 12:16:26,watch-release-date-1997-07-04,,5880,1997-07-04 00:00:00,Men in Black,movie,watch,9faef59c-80ec-4a57-866e-99ad2038a3ce,2023-12-22 12:16:26,,,GB,watch-date-1703247386
75184478,watch-9fd0d9d8-e76c-49ce-b4b9-44bbabdad1d4-0,,,watch-alpha-kuroko's-basketball-the-movie-last-game,2025-06-29 14:21:13,watch-release-date-2017-03-18,,5400,2017-03-18 00:00:00,劇場版 黒子のバスケ LAST GAME,movie,watch,9fd0d9d8-e76c-49ce-b4b9-44bbabdad1d4,2025-06-29 14:21:13,,,IN,watch-date-1751206873
75184478,watch-a0831e7e-ed0d-459e-89ae-f72b389470b5-0,,,watch-alpha-moana,2024-05-13 13:13:03,watch-release-date-2016-12-22,,6420,2016-12-22 00:00:00,Moana,movie,watch,a0831e7e-ed0d-459e-89ae-f72b389470b5,2024-05-13 13:13:03,,,GB,watch-date-1715605983
75184478,watch-a12476be-06d4-469e-8f34-0a04f2f58982-0,,,watch-alpha-shiddat,2025-01-13 16:05:25,watch-release-date-2021-10-01,,8760,2021-10-01 00:00:00,Shiddat,movie,watch,a12476be-06d4-469e-8f34-0a04f2f58982,2025-01-13 16:05:25,,,GB,watch-date-1736784325
75184478,watch-a13a91ac-46e4-4926-a8ce-ea7dfba5ec87-0,,,watch-alpha-mimi,2024-06-21 18:02:35,watch-release-date-2021-07-26,,7920,2021-07-26 00:00:00,Mimi,movie,watch,a13a91ac-46e4-4926-a8ce-ea7dfba5ec87,2024-06-21 18:02:35,,,GB,watch-date-1718992955
75184478,watch-a16efd36-b5a1-4924-9f40-7eb5220acd68-0,,,watch-alpha-jab-we-met,2024-06-21 18:00:02,watch-release-date-2007-10-25,,8280,2007-10-25 00:00:00,जब वी मेट,movie,watch,a16efd36-b5a1-4924-9f40-7eb5220acd68,2024-06-21 18:00:02,,,GB,watch-date-1718992802
75184478,watch-a25685c5-8ca5-4c25-a8ae-b5bc07cd906c-0,,,watch-alpha-bajrangi-bhaijaan,2024-06-21 18:04:40,watch-release-date-2019-01-18,,9780,2019-01-18 00:00:00,बजरंगी भाईजान,movie,watch,a25685c5-8ca5-4c25-a8ae-b5bc07cd906c,2024-06-21 18:04:40,,,GB,watch-date-1718993080
75184478,watch-a36d3794-1369-4c3f-b322-2575e8661b8a-0,,,watch-alpha-lee-cronin's-the-mummy,2026-06-04 04:45:15,watch-release-date-2026-04-16,,7980,2026-04-16 00:00:00,Lee Cronin's The Mummy,movie,watch,a36d3794-1369-4c3f-b322-2575e8661b8a,2026-06-04 04:45:15,,,IN,watch-date-1780548315
75184478,watch-a3eb5217-89a9-4a5c-b699-7aadbae1865c-0,,,watch-alpha-star-wars-episode-iii-–-revenge-of-the-sith,2025-12-25 06:00:27,watch-release-date-2005-05-20,,8400,2005-05-20 00:00:00,Star Wars: Episode III – Revenge of the Sith,movie,watch,a3eb5217-89a9-4a5c-b699-7aadbae1865c,2025-12-25 06:00:27,,,IN,watch-date-1766642427
75184478,watch-a3f59c5f-15ff-4990-804a-3a3d98c8d609-0,,,watch-alpha-black-panther,2024-05-13 13:11:57,watch-release-date-2018-02-13,,8040,2018-02-13 00:00:00,Black Panther,movie,watch,a3f59c5f-15ff-4990-804a-3a3d98c8d609,2024-05-13 13:11:57,,,GB,watch-date-1715605917
75184478,watch-a4013684-6ff8-4fbe-9630-db7aa36ac3a6-0,,,watch-alpha-the-boss-baby,2024-05-13 13:21:28,watch-release-date-2017-03-30,,5820,2017-03-30 00:00:00,The Boss Baby,movie,watch,a4013684-6ff8-4fbe-9630-db7aa36ac3a6,2024-05-13 13:21:28,,,GB,watch-date-1715606488
75184478,watch-a6e3c93f-efe6-4e0d-8a31-6264a0145792-0,,,watch-alpha-laapataa-ladies,2024-06-02 17:15:04,watch-release-date-2024-04-26,,7320,2024-04-26 00:00:00,Laapataa Ladies,movie,watch,a6e3c93f-efe6-4e0d-8a31-6264a0145792,2024-06-02 17:15:04,,,GB,watch-date-1717348504
75184478,watch-a78d9e93-aa57-464f-9b3b-674d1b23eb07-0,,,"watch-alpha-the-tunnel-to-summer,-the-exit-of-goodbyes",2024-05-23 09:25:48,watch-release-date-2022-09-09,,4980,2022-09-09 00:00:00,夏へのトンネル、さよならの出口,movie,watch,a78d9e93-aa57-464f-9b3b-674d1b23eb07,2024-05-23 09:25:48,,,GB,watch-date-1716456348
75184478,watch-a8f9787d-4883-4974-a02b-6ac8337a7c5b-0,,,watch-alpha-madagascar,2024-05-13 13:13:42,watch-release-date-2005-06-22,,5160,2005-06-22 00:00:00,Madagascar,movie,watch,a8f9787d-4883-4974-a02b-6ac8337a7c5b,2024-05-13 13:13:42,,,GB,watch-date-1715606022
75184478,watch-a97a8227-5973-4c37-a516-be082eb7fbdb-0,,,watch-alpha-grave-of-the-fireflies,2024-05-07 16:33:25,watch-release-date-2015-11-10,,5580,2015-11-10 00:00:00,火垂るの墓,movie,watch,a97a8227-5973-4c37-a516-be082eb7fbdb,2024-05-07 16:33:25,,,GB,watch-date-1715099605
75184478,watch-aa96c2e5-af6d-4135-af44-9d22b9176d92-0,,,watch-alpha-frozen-ii,2024-05-13 13:12:43,watch-release-date-2019-11-22,,6240,2019-11-22 00:00:00,Frozen II,movie,watch,aa96c2e5-af6d-4135-af44-9d22b9176d92,2024-05-13 13:12:43,,,GB,watch-date-1715605963
75184478,watch-ab756788-fd39-454f-bcaa-16811781dab0-0,,,watch-alpha-now-you-see-me,2024-05-13 13:15:16,watch-release-date-2013-07-19,,6900,2013-07-19 00:00:00,Now You See Me,movie,watch,ab756788-fd39-454f-bcaa-16811781dab0,2024-05-13 13:15:16,,,GB,watch-date-1715606116
75184478,watch-abe1db1a-dae3-4c50-9824-439a6d178e6d-0,,,watch-alpha-weathering-with-you,2023-12-22 07:02:35,watch-release-date-2019-10-31,,6840,2019-10-31 00:00:00,天気の子,movie,watch,abe1db1a-dae3-4c50-9824-439a6d178e6d,2023-12-22 07:02:35,,,GB,watch-date-1703228555
75184478,watch-ac2f2b25-caec-49be-aff6-e5d0baca3d50-0,,,watch-alpha-john-wick-chapter-3---parabellum,2025-04-28 17:25:00,watch-release-date-2019-05-31,,7860,2019-05-31 00:00:00,John Wick: Chapter 3 - Parabellum,movie,watch,ac2f2b25-caec-49be-aff6-e5d0baca3d50,2025-04-28 17:25:00,,,GB,watch-date-1745861100
75184478,watch-ac8d10bf-7fa6-41be-86fa-7570f3eed5d7-0,,,watch-alpha-12th-fail,2024-01-05 07:35:50,watch-release-date-2023-10-27,,8760,2023-10-27 00:00:00,१२वीं फेल,movie,watch,ac8d10bf-7fa6-41be-86fa-7570f3eed5d7,2024-01-05 07:35:50,,,GB,watch-date-1704440150
75184478,watch-acb0723d-f52e-4be2-9df5-55f0b109fd7c-0,,,watch-alpha-ek-tha-tiger,2023-12-22 07:54:57,watch-release-date-2012-08-15,,7980,2012-08-15 00:00:00,एक था टाइगर,movie,watch,acb0723d-f52e-4be2-9df5-55f0b109fd7c,2023-12-22 07:54:57,,,GB,watch-date-1703231697
75184478,watch-aecb4bed-4c97-44ad-87d0-e68119c6b5b2-0,,,watch-alpha-raanjhanaa,2025-03-13 19:36:16,watch-release-date-2013-06-21,,8400,2013-06-21 00:00:00,Raanjhanaa,movie,watch,aecb4bed-4c97-44ad-87d0-e68119c6b5b2,2025-03-13 19:36:16,,,GB,watch-date-1741894576
75184478,watch-b0346b6a-3141-4ef3-bc9b-7982571207fe-0,,,watch-alpha-ajab-prem-ki-ghazab-kahani,2024-12-08 17:51:44,watch-release-date-2009-11-05,,9000,2009-11-05 00:00:00,Ajab Prem Ki Ghazab Kahani,movie,watch,b0346b6a-3141-4ef3-bc9b-7982571207fe,2024-12-08 17:51:44,,,GB,watch-date-1733680304
75184478,watch-b09d875c-609c-4d4a-b3e2-2a5127be4a2a-0,,,watch-alpha-aavesham,2024-12-31 04:44:14,watch-release-date-2024-04-11,,9420,2024-04-11 00:00:00,ആവേശം,movie,watch,b09d875c-609c-4d4a-b3e2-2a5127be4a2a,2024-12-31 04:44:14,,,GB,watch-date-1735620254
75184478,watch-b32c8392-93c0-4306-90c1-0c36f554fdc0-0,,,watch-alpha-transformers-dark-of-the-moon,2025-12-13 16:41:39,watch-release-date-2011-06-29,,9240,2011-06-29 00:00:00,Transformers: Dark of the Moon,movie,watch,b32c8392-93c0-4306-90c1-0c36f554fdc0,2025-12-13 16:41:39,,,US,watch-date-1765644099
75184478,watch-b34b9ce6-2dbb-4569-9cd9-6b138beee141-0,,,watch-alpha-naa-peru-surya---naa-illu-india,2024-11-05 11:39:00,watch-release-date-2018-04-27,,10080,2018-04-27 00:00:00,Naa Peru Surya - Naa Illu India,movie,watch,b34b9ce6-2dbb-4569-9cd9-6b138beee141,2024-11-05 11:39:00,,,GB,watch-date-1730806740
75184478,watch-b3ab9a19-39c5-4819-8835-38450e743add-0,,,watch-alpha-the-nun,2024-05-13 13:23:18,watch-release-date-2018-09-18,,5760,2018-09-18 00:00:00,The Nun,movie,watch,b3ab9a19-39c5-4819-8835-38450e743add,2024-05-13 13:23:18,,,GB,watch-date-1715606598
75184478,watch-b43efd5e-f485-45cc-aa2e-180ffca3f64d-0,,,watch-alpha-john-wick-chapter-4,2025-04-30 19:21:17,watch-release-date-2023-03-23,,10140,2023-03-23 00:00:00,John Wick: Chapter 4,movie,watch,b43efd5e-f485-45cc-aa2e-180ffca3f64d,2025-04-30 19:21:17,,,GB,watch-date-1746040877
75184478,watch-b483f82e-14c7-4f97-86b7-cd957ee89f87-0,,,watch-alpha-cars-2,2024-05-13 13:20:05,watch-release-date-2011-07-27,,6360,2011-07-27 00:00:00,Cars 2,movie,watch,b483f82e-14c7-4f97-86b7-cd957ee89f87,2024-05-13 13:20:05,,,GB,watch-date-1715606405
75184478,watch-b4eec237-3d56-4b31-bf54-4c48b8a63557-0,,,watch-alpha-lik-love-insurance-kompany,2026-05-23 11:41:01,watch-release-date-2026-04-10,,9000,2026-04-10 00:00:00,லவ் இன்சூரன்ஸ் கம்பெனி,movie,watch,b4eec237-3d56-4b31-bf54-4c48b8a63557,2026-05-23 11:41:01,,,US,watch-date-1779536461
75184478,watch-b5cdc4f8-c3fc-4783-8042-cd3dbf9192ab-0,,,watch-alpha-naruto-shippuden-the-movie-road-to-ninja,2023-12-22 10:40:01,watch-release-date-2012-07-28,,6540,2012-07-28 00:00:00,ROAD TO NINJA -NARUTO THE MOVIE-,movie,watch,b5cdc4f8-c3fc-4783-8042-cd3dbf9192ab,2023-12-22 10:40:01,,,GB,watch-date-1703241601
75184478,watch-b6e6e8d7-15f5-419e-8f5d-8c9d33c8320f-0,,,watch-alpha-the-dark-knight,2025-03-14 12:27:16,watch-release-date-2008-07-23,,9120,2008-07-23 00:00:00,The Dark Knight,movie,watch,b6e6e8d7-15f5-419e-8f5d-8c9d33c8320f,2025-03-14 12:27:16,,,GB,watch-date-1741955236
75184478,watch-b6e70fdc-fbb7-49ea-bc21-2ed7c4f2a777-0,,,watch-alpha-despicable-me,2023-12-22 12:54:01,watch-release-date-2010-08-06,,5700,2010-08-06 00:00:00,Despicable Me,movie,watch,b6e70fdc-fbb7-49ea-bc21-2ed7c4f2a777,2023-12-22 12:54:01,,,GB,watch-date-1703249641
75184478,watch-b76dd8fe-8dfd-4a6a-b296-402dc39f077a-0,,,watch-alpha-captain-america-civil-war,2023-12-25 07:36:06,watch-release-date-2016-04-29,,8820,2016-04-29 00:00:00,Captain America: Civil War,movie,watch,b76dd8fe-8dfd-4a6a-b296-402dc39f077a,2023-12-25 07:36:06,,,GB,watch-date-1703489766
75184478,watch-b7c2098d-e182-4ffb-942c-8a81b1c2bf0b-0,,,watch-alpha-the-fast-and-the-furious-tokyo-drift,2025-03-29 16:52:15,watch-release-date-2006-07-14,,6240,2006-07-14 00:00:00,The Fast and the Furious: Tokyo Drift,movie,watch,b7c2098d-e182-4ffb-942c-8a81b1c2bf0b,2025-03-29 16:52:15,,,GB,watch-date-1743267135
75184478,watch-b7c658cc-d561-4129-9b68-ddddc50547c7-0,,,watch-alpha-deadpool-&-wolverine,2024-11-13 06:50:52,watch-release-date-2024-07-25,,7680,2024-07-25 00:00:00,Deadpool & Wolverine,movie,watch,b7c658cc-d561-4129-9b68-ddddc50547c7,2024-11-13 06:50:52,,,GB,watch-date-1731480652
75184478,watch-b7fa700c-f101-48fd-b890-9e3ebf0ecf00-0,,,watch-alpha-transformers-revenge-of-the-fallen,2025-12-13 07:40:39,watch-release-date-2009-06-24,,9060,2009-06-24 00:00:00,Transformers: Revenge of the Fallen,movie,watch,b7fa700c-f101-48fd-b890-9e3ebf0ecf00,2025-12-13 07:40:39,,,US,watch-date-1765611639
75184478,watch-b8221f64-2c05-4ceb-b16a-18389afc08c5-0,,,watch-alpha-chennai-express,2024-06-21 18:01:45,watch-release-date-2013-08-09,,8460,2013-08-09 00:00:00,,movie,watch,b8221f64-2c05-4ceb-b16a-18389afc08c5,2024-06-21 18:01:45,,,GB,watch-date-1718992905
75184478,watch-b8df11a9-cd49-4f9e-a3d6-c9a21454a56f-0,,,watch-alpha-all-the-best-fun-begins,2025-05-22 09:31:51,watch-release-date-2009-10-16,,8640,2009-10-16 00:00:00,All The Best: Fun Begins,movie,watch,b8df11a9-cd49-4f9e-a3d6-c9a21454a56f,2025-05-22 09:31:51,,,GB,watch-date-1747906311
75184478,watch-bb428e73-3014-4d78-a449-75878051e3fb-0,,,watch-alpha-sherlock-holmes-a-game-of-shadows,2024-06-13 13:47:45,watch-release-date-2012-01-25,,7740,2012-01-25 00:00:00,Sherlock Holmes: A Game of Shadows,movie,watch,bb428e73-3014-4d78-a449-75878051e3fb,2024-06-13 13:47:45,,,GB,watch-date-1718286465
75184478,watch-bb470b21-11c3-48bf-bc49-64504ff9624b-0,,,watch-alpha-doraemon-nobita's-dinosaur,2023-12-22 07:45:15,watch-release-date-2006-03-04,,6420,2006-03-04 00:00:00,Doraemon: Nobita's Dinosaur,movie,watch,bb470b21-11c3-48bf-bc49-64504ff9624b,2023-12-22 07:45:15,,,GB,watch-date-1703231115
75184478,watch-bb4d8f9c-3c10-4798-92b2-48d242630470-0,,,watch-alpha-2-fast-2-furious,2025-04-08 15:37:40,watch-release-date-2003-06-20,,6420,2003-06-20 00:00:00,2 Fast 2 Furious,movie,watch,bb4d8f9c-3c10-4798-92b2-48d242630470,2025-04-08 15:37:40,,,GB,watch-date-1744126660
75184478,watch-bb52ce42-a7e5-482c-8127-8a53283965ac-0,,,watch-alpha-inside-out-2,2024-06-19 13:09:18,watch-release-date-2024-06-14,,6000,2024-06-14 00:00:00,Inside Out 2,movie,watch,bb52ce42-a7e5-482c-8127-8a53283965ac,2024-06-19 13:09:18,,,GB,watch-date-1718802558
75184478,watch-bbfa4d7a-b31c-44bc-8ed0-88f28e60ec99-0,,,watch-alpha-yeh-jawaani-hai-deewani,2024-11-11 18:32:03,watch-release-date-2013-05-31,,9600,2013-05-31 00:00:00,ये जवानी है दीवानी,movie,watch,bbfa4d7a-b31c-44bc-8ed0-88f28e60ec99,2024-11-11 18:32:03,,,GB,watch-date-1731349923
75184478,watch-bc180014-4bd3-40a1-bd0f-01fb8fa79dc0-0,,,watch-alpha-transformers,2025-12-06 13:43:18,watch-release-date-2007-07-06,,8640,2007-07-06 00:00:00,Transformers,movie,watch,bc180014-4bd3-40a1-bd0f-01fb8fa79dc0,2025-12-06 13:43:18,,,IN,watch-date-1765028598
75184478,watch-bc435a06-40d3-4b70-bb1b-ee2a79827c47-0,,,watch-alpha-tiger-zinda-hai,2023-12-25 07:36:41,watch-release-date-2017-12-22,,9540,2017-12-22 00:00:00,टाइगर जिंदा है,movie,watch,bc435a06-40d3-4b70-bb1b-ee2a79827c47,2023-12-25 07:36:41,,,GB,watch-date-1703489801
75184478,watch-bc5eb84f-6e5d-45b0-97c1-96bf401dd59f-0,,,watch-alpha-avatar,2024-05-13 13:12:03,watch-release-date-2009-12-10,,10680,2009-12-10 00:00:00,Avatar,movie,watch,bc5eb84f-6e5d-45b0-97c1-96bf401dd59f,2024-05-13 13:12:03,,,GB,watch-date-1715605923
75184478,watch-bd2e6693-3d05-44eb-b8a8-68ff96b636cd-0,,,watch-alpha-batman-begins,2025-03-09 11:17:52,watch-release-date-2005-06-17,,8400,2005-06-17 00:00:00,Batman Begins,movie,watch,bd2e6693-3d05-44eb-b8a8-68ff96b636cd,2025-03-09 11:17:52,,,GB,watch-date-1741519072
75184478,watch-bde24615-3c20-49d2-a525-25e562da1c61-0,,,watch-alpha-welcome-back,2024-06-21 18:02:49,watch-release-date-2015-09-04,,9180,2015-09-04 00:00:00,वेलकम बैक,movie,watch,bde24615-3c20-49d2-a525-25e562da1c61,2024-06-21 18:02:49,,,GB,watch-date-1718992969
75184478,watch-beb89e4a-c44b-4865-b9ac-69ce94899e63-0,,,watch-alpha-28-weeks-later,2025-05-15 17:25:08,watch-release-date-2008-09-28,,6000,2008-09-28 00:00:00,28 Weeks Later,movie,watch,beb89e4a-c44b-4865-b9ac-69ce94899e63,2025-05-15 17:25:08,,,GB,watch-date-1747329908
75184478,watch-bed8c6b6-1586-4e5d-86ae-6f886cc60c0e-0,,,watch-alpha-aashiqui-2,2024-06-21 17:59:37,watch-release-date-2013-04-26,,7920,2013-04-26 00:00:00,आशिक़ी २,movie,watch,bed8c6b6-1586-4e5d-86ae-6f886cc60c0e,2024-06-21 17:59:37,,,GB,watch-date-1718992777
75184478,watch-bf03441b-9c3a-44fa-87e6-82409cf21b08-0,,,watch-alpha-transformers-the-last-knight,2025-12-18 15:13:01,watch-release-date-2017-06-22,,9300,2017-06-22 00:00:00,Transformers: The Last Knight,movie,watch,bf03441b-9c3a-44fa-87e6-82409cf21b08,2025-12-18 15:13:01,,,IN,watch-date-1766070781
75184478,watch-bf63e3d9-ee2d-4b7d-8a33-bde06f364456-0,,,watch-alpha-avengers-infinity-war,2023-12-22 10:07:13,watch-release-date-2018-04-26,,8940,2018-04-26 00:00:00,Avengers: Infinity War,movie,watch,bf63e3d9-ee2d-4b7d-8a33-bde06f364456,2023-12-22 10:07:13,,,GB,watch-date-1703239633
75184478,watch-bf6a68f5-46f9-4a74-b45f-0fbcaa26dbb2-0,,,watch-alpha-blue-lock-the-movie--episode-nagi-,2024-10-20 05:52:02,watch-release-date-2024-07-17,,5460,2024-07-17 00:00:00,ブルーロック-EPISODE 凪-,movie,watch,bf6a68f5-46f9-4a74-b45f-0fbcaa26dbb2,2024-10-20 05:52:02,,,GB,watch-date-1729403522
75184478,watch-bf6dcfb4-fd61-42e6-9900-13c437e5aa1c-0,,,watch-alpha-the-garden-of-words,2023-12-22 07:02:47,watch-release-date-2013-05-31,,2760,2013-05-31 00:00:00,言の葉の庭,movie,watch,bf6dcfb4-fd61-42e6-9900-13c437e5aa1c,2023-12-22 07:02:47,,,GB,watch-date-1703228567
75184478,watch-bfae97c0-c0dc-41ac-81e5-beff98ede825-0,,,watch-alpha-thamma,2026-04-15 14:51:26,watch-release-date-2025-10-21,,9000,2025-10-21 00:00:00,थामा,movie,watch,bfae97c0-c0dc-41ac-81e5-beff98ede825,2026-04-15 14:51:26,,,IN,watch-date-1776264686
75184478,watch-bfb681ca-0a26-4656-b183-e7ba4c639294-0,,,watch-alpha-tron-ares,2025-11-18 16:13:35,watch-release-date-2025-10-08,,7140,2025-10-08 00:00:00,Tron: Ares,movie,watch,bfb681ca-0a26-4656-b183-e7ba4c639294,2025-11-18 16:13:35,,,IN,watch-date-1763482415
75184478,watch-bfde4eac-372b-424f-9ff0-48f0dcb90af5-0,,,watch-alpha-mirchi,2024-11-05 11:38:12,watch-release-date-2013-02-08,,9360,2013-02-08 00:00:00,Mirchi,movie,watch,bfde4eac-372b-424f-9ff0-48f0dcb90af5,2024-11-05 11:38:12,,,GB,watch-date-1730806692
75184478,watch-c2d49c6c-db0f-4018-acce-48c3701ecf7e-0,,,watch-alpha-the-final-destination-4,2025-04-19 19:29:12,watch-release-date-2009-08-26,,4920,2009-08-26 00:00:00,The Final Destination,movie,watch,c2d49c6c-db0f-4018-acce-48c3701ecf7e,2025-04-19 19:29:12,,,GB,watch-date-1745090952
75184478,watch-c388061b-6d59-4e12-a512-dc175dc6716e-0,,,watch-alpha-inside-out,2024-05-13 13:12:23,watch-release-date-2015-07-24,,5700,2015-07-24 00:00:00,Inside Out,movie,watch,c388061b-6d59-4e12-a512-dc175dc6716e,2024-05-13 13:12:23,,,GB,watch-date-1715605943
75184478,watch-c4967278-9f2c-4fcb-b817-8f09870d881e-0,,,watch-alpha-naruto-shippuden-the-movie-the-lost-tower,2023-12-22 10:40:04,watch-release-date-2010-07-31,,5100,2010-07-31 00:00:00,劇場版 NARUTO -ナルト- 疾風伝 ザ・ロストタワー,movie,watch,c4967278-9f2c-4fcb-b817-8f09870d881e,2023-12-22 10:40:04,,,GB,watch-date-1703241604
75184478,watch-c5c4ce44-88d2-4b7a-89ea-83abf5b4f2ef-0,,,watch-alpha-how-to-train-your-dragon,2025-12-05 10:44:18,watch-release-date-2025-06-13,,7500,2025-06-13 00:00:00,How to Train Your Dragon,movie,watch,c5c4ce44-88d2-4b7a-89ea-83abf5b4f2ef,2025-12-05 10:44:18,,,IN,watch-date-1764931458
75184478,watch-c61ffc3e-fdba-4748-a43f-029f1494b26a-0,,,watch-alpha-the-boy-and-the-heron,2024-07-08 18:36:18,watch-release-date-2024-05-10,,7440,2024-05-10 00:00:00,君たちはどう生きるか,movie,watch,c61ffc3e-fdba-4748-a43f-029f1494b26a,2024-07-08 18:36:18,,,GB,watch-date-1720463778
75184478,watch-c6d780c7-537d-4328-9f6f-4f432b975906-0,,,watch-alpha-rio,2024-05-13 13:22:08,watch-release-date-2011-04-13,,5700,2011-04-13 00:00:00,Rio,movie,watch,c6d780c7-537d-4328-9f6f-4f432b975906,2024-05-13 13:22:08,,,GB,watch-date-1715606528
75184478,watch-c7033356-154d-4aa8-a0bc-d41e800d0092-0,,,watch-alpha-jungle-cruise,2024-05-25 11:08:59,watch-release-date-2021-07-30,,7620,2021-07-30 00:00:00,Jungle Cruise,movie,watch,c7033356-154d-4aa8-a0bc-d41e800d0092,2024-05-25 11:08:59,,,GB,watch-date-1716635339
75184478,watch-cab3f8cf-cbc4-41cb-8ddd-bdcb0e67c53e-0,,,watch-alpha-ne-zha,2025-08-23 18:27:51,watch-release-date-2019-09-26,,6600,2019-09-26 00:00:00,哪吒之魔童降世,movie,watch,cab3f8cf-cbc4-41cb-8ddd-bdcb0e67c53e,2025-08-23 18:27:51,,,IN,watch-date-1755973671
75184478,watch-cb30b49e-cc43-41ac-8bf2-7a56e7d870f6-0,,,watch-alpha-ice-age-continental-drift,2023-12-22 12:53:47,watch-release-date-2012-06-16,,5280,2012-06-16 00:00:00,Ice Age: Continental Drift,movie,watch,cb30b49e-cc43-41ac-8bf2-7a56e7d870f6,2023-12-22 12:53:47,,,GB,watch-date-1703249627
75184478,watch-cb75c2cc-f250-43a0-b2e4-4f99aa1f5642-0,,,watch-alpha-free-guy,2024-05-13 13:18:19,watch-release-date-2021-08-18,,6900,2021-08-18 00:00:00,Free Guy,movie,watch,cb75c2cc-f250-43a0-b2e4-4f99aa1f5642,2024-05-13 13:18:19,,,GB,watch-date-1715606299
75184478,watch-cd4489c7-5da3-4fd7-b8a1-47ee17bf7fc7-0,,,watch-alpha-shang-chi-and-the-legend-of-the-ten-rings,2024-05-12 03:16:11,watch-release-date-2021-09-01,,7920,2021-09-01 00:00:00,Shang-Chi and the Legend of the Ten Rings,movie,watch,cd4489c7-5da3-4fd7-b8a1-47ee17bf7fc7,2024-05-12 03:16:11,,,GB,watch-date-1715483771
75184478,watch-cf2b9c19-59d2-47bf-9b98-91eadbe62e56-0,,,watch-alpha-enola-holmes,2024-06-04 18:24:00,watch-release-date-2020-09-23,,7440,2020-09-23 00:00:00,Enola Holmes,movie,watch,cf2b9c19-59d2-47bf-9b98-91eadbe62e56,2024-06-04 18:24:00,,,GB,watch-date-1717525440
75184478,watch-cf81c34e-83c9-4405-b449-47ea544a554f-0,,,watch-alpha-red-one,2026-06-15 17:33:42,watch-release-date-2024-11-06,,7380,2024-11-06 00:00:00,Red One,movie,watch,cf81c34e-83c9-4405-b449-47ea544a554f,2026-06-15 17:33:42,,,IN,watch-date-1781544822
75184478,watch-d12363e1-aac3-43f6-bde5-e38e30b1f784-0,,,watch-alpha-naa-saami-ranga,2025-05-29 13:39:58,watch-release-date-2024-01-14,,8640,2024-01-14 00:00:00,నా సామిరంగ,movie,watch,d12363e1-aac3-43f6-bde5-e38e30b1f784,2025-05-29 13:39:58,,,GB,watch-date-1748525998
75184478,watch-d12ca7db-3404-468b-a5bc-90c89fa9289f-0,,,watch-alpha-mission-impossible---the-final-reckoning,2025-10-17 17:35:01,watch-release-date-2025-05-17,,10200,2025-05-17 00:00:00,Mission: Impossible - The Final Reckoning,movie,watch,d12ca7db-3404-468b-a5bc-90c89fa9289f,2025-10-17 17:35:01,,,IN,watch-date-1760722501
75184478,watch-d15fc3e3-a674-4f98-979d-29a548ec8a85-0,,,watch-alpha-the-quintessential-quintuplets-movie,2026-06-25 06:21:49,watch-release-date-2022-05-20,,8160,2022-05-20 00:00:00,映画 五等分の花嫁,movie,watch,d15fc3e3-a674-4f98-979d-29a548ec8a85,2026-06-25 06:21:49,,,IN,watch-date-1782368509
75184478,watch-d1bcb2ec-7a87-4686-9af1-44f4510fe80f-0,,,watch-alpha-the-dark-knight-rises,2025-03-15 15:12:10,watch-release-date-2012-08-29,,9840,2012-08-29 00:00:00,The Dark Knight Rises,movie,watch,d1bcb2ec-7a87-4686-9af1-44f4510fe80f,2025-03-15 15:12:10,,,GB,watch-date-1742051530
75184478,watch-d1dd4499-2ae9-4fa6-8a80-cae402ac4409-0,,,watch-alpha-a-million-ways-to-die-in-the-west,2024-09-06 14:55:10,watch-release-date-2014-07-02,,6960,2014-07-02 00:00:00,A Million Ways to Die in the West,movie,watch,d1dd4499-2ae9-4fa6-8a80-cae402ac4409,2024-09-06 14:55:10,,,GB,watch-date-1725634510
75184478,watch-d230afda-20d5-411b-9785-d0c9435dc9b2-0,,,watch-alpha-mission-impossible,2025-09-02 16:07:16,watch-release-date-1996-08-30,,6600,1996-08-30 00:00:00,Mission: Impossible,movie,watch,d230afda-20d5-411b-9785-d0c9435dc9b2,2025-09-02 16:07:16,,,IN,watch-date-1756829236
75184478,watch-d2faf26a-8200-47a9-aba6-8d3d8d7ff147-0,,,watch-alpha-mujhse-shaadi-karogi,2024-06-21 17:58:55,watch-release-date-2004-07-30,,9840,2004-07-30 00:00:00,Mujhse Shaadi Karogi,movie,watch,d2faf26a-8200-47a9-aba6-8d3d8d7ff147,2024-06-21 17:58:55,,,GB,watch-date-1718992735
75184478,watch-d356ed86-effc-4d59-a145-727ae1b23546-0,,,watch-alpha-star-wars-the-force-awakens,2025-12-25 14:17:31,watch-release-date-2015-12-16,,8280,2015-12-16 00:00:00,Star Wars: The Force Awakens,movie,watch,d356ed86-effc-4d59-a145-727ae1b23546,2025-12-25 14:17:31,,,IN,watch-date-1766672251
75184478,watch-d3ff6d88-18ba-4c55-9d6e-e00b4d3f956e-0,,,watch-alpha-spider-man-homecoming,2023-12-22 06:39:23,watch-release-date-2017-07-06,,7980,2017-07-06 00:00:00,Spider-Man: Homecoming,movie,watch,d3ff6d88-18ba-4c55-9d6e-e00b4d3f956e,2023-12-22 06:39:23,0,,,watch-date-1703227163
75184478,watch-d42b395b-4bba-4046-a682-d1c6a69fe663-0,,,watch-alpha-captain-america-the-first-avenger,2024-05-13 13:13:14,watch-release-date-2011-11-29,,7440,2011-11-29 00:00:00,Captain America: The First Avenger,movie,watch,d42b395b-4bba-4046-a682-d1c6a69fe663,2024-05-13 13:13:14,,,GB,watch-date-1715605994
75184478,watch-d42d83d6-dfaa-4a2c-8d81-0e2bca155a9d-0,,,watch-alpha-dhurandhar-the-revenge,2026-02-06 17:17:39,watch-release-date-2026-03-19,,12600,2026-03-19 00:00:00,धुरंधर: द रिवेंज,movie,watch,d42d83d6-dfaa-4a2c-8d81-0e2bca155a9d,2026-02-06 17:17:39,,,IN,watch-date-1770398259
75184478,watch-d47eb977-5b5c-4a19-82c3-a4316a21f478-0,,,watch-alpha-rockstar,2024-08-15 05:23:18,watch-release-date-2011-11-11,,9540,2011-11-11 00:00:00,Rockstar,movie,watch,d47eb977-5b5c-4a19-82c3-a4316a21f478,2024-08-15 05:23:18,,,GB,watch-date-1723699398
75184478,watch-d50129a9-d630-4ec3-8162-48b1150689eb-0,,,watch-alpha-demon-slayer-kimetsu-no-yaiba---infinity-castle,2026-01-04 18:24:09,watch-release-date-2025-09-12,,9360,2025-09-12 00:00:00,劇場版「鬼滅の刃」無限城編 第一章 猗窩座再来,movie,watch,d50129a9-d630-4ec3-8162-48b1150689eb,2026-01-04 18:24:09,,,IN,watch-date-1767551049
75184478,watch-d55e956e-20f4-4d9f-9bb2-186d2e999cd2-0,,,watch-alpha-return-of-the-jedi,2025-12-21 09:58:22,watch-release-date-1983-12-16,,8040,1983-12-16 00:00:00,Return of the Jedi,movie,watch,d55e956e-20f4-4d9f-9bb2-186d2e999cd2,2025-12-21 09:58:22,,,IN,watch-date-1766311102
75184478,watch-d5fe650f-08c6-43aa-bb2a-ec010a305c8b-0,,,watch-alpha-pushpa-2-the-rule,2025-01-23 13:00:19,watch-release-date-2024-12-05,,12000,2024-12-05 00:00:00,పుష్ప 2 : ది రూల్,movie,watch,d5fe650f-08c6-43aa-bb2a-ec010a305c8b,2025-01-23 13:00:19,,,GB,watch-date-1737637219
75184478,watch-d6423a20-d8dd-4521-8fd4-050713a7e9a3-0,,,watch-alpha-star-wars-the-last-jedi,2025-12-25 17:22:39,watch-release-date-2017-12-13,,9120,2017-12-13 00:00:00,Star Wars: The Last Jedi,movie,watch,d6423a20-d8dd-4521-8fd4-050713a7e9a3,2025-12-25 17:22:39,,,IN,watch-date-1766683359
75184478,watch-d6586f35-cb87-43d7-b2ac-267017a1b06f-0,,,watch-alpha-any-body-can-dance-2,2024-06-21 17:58:46,watch-release-date-2015-06-19,,9240,2015-06-19 00:00:00,एबीसीडी 2,movie,watch,d6586f35-cb87-43d7-b2ac-267017a1b06f,2024-06-21 17:58:46,,,GB,watch-date-1718992726
75184478,watch-d7795e3d-1dc5-43a4-a201-36da7c228745-0,,,watch-alpha-love-today,2025-04-15 03:22:18,watch-release-date-2022-11-04,,9240,2022-11-04 00:00:00,லவ் டுடே,movie,watch,d7795e3d-1dc5-43a4-a201-36da7c228745,2025-04-15 03:22:18,,,GB,watch-date-1744687338
75184478,watch-d7fe4629-9672-47d2-bb92-5cc0a232bc91-0,,,watch-alpha-wreck-it-ralph,2023-12-22 12:54:32,watch-release-date-2012-12-25,,6060,2012-12-25 00:00:00,Wreck-It Ralph,movie,watch,d7fe4629-9672-47d2-bb92-5cc0a232bc91,2023-12-22 12:54:32,,,GB,watch-date-1703249672
75184478,watch-d85318fd-ea57-495d-add5-239ded1489c1-0,,,watch-alpha-scooby-doo-in-where's-my-mummy,2025-09-06 07:28:44,watch-release-date-2005-11-24,,4500,2005-11-24 00:00:00,Scooby-Doo! in Where's My Mummy?,movie,watch,d85318fd-ea57-495d-add5-239ded1489c1,2025-09-06 07:28:44,,,IN,watch-date-1757143724
75184478,watch-d9aff53e-d802-4661-9c5a-ddb1c2a5cb97-0,,,watch-alpha-tangled,2024-05-13 13:12:15,watch-release-date-2011-01-28,,6000,2011-01-28 00:00:00,Tangled,movie,watch,d9aff53e-d802-4661-9c5a-ddb1c2a5cb97,2024-05-13 13:12:15,,,GB,watch-date-1715605935
75184478,watch-db430e6d-193b-45bc-aeac-7087b736331b-0,,,watch-alpha-the-fate-of-the-furious,2025-05-24 16:04:36,watch-release-date-2017-04-13,,8160,2017-04-13 00:00:00,The Fate of the Furious,movie,watch,db430e6d-193b-45bc-aeac-7087b736331b,2025-05-24 16:04:36,,,GB,watch-date-1748102676
75184478,watch-db78bc92-c150-414c-98ab-dbcf44781243-0,,,watch-alpha-stree,2024-10-03 05:18:35,watch-release-date-2018-08-31,,7680,2018-08-31 00:00:00,स्त्री,movie,watch,db78bc92-c150-414c-98ab-dbcf44781243,2024-10-03 05:18:35,,,GB,watch-date-1727932715
75184478,watch-dbaa74e8-bbb3-428f-89da-85c171aae072-0,,,watch-alpha-gunturu-kaaram,2024-03-06 10:38:45,watch-release-date-2024-01-12,,9540,2024-01-12 00:00:00,గుంటూరు కారం,movie,watch,dbaa74e8-bbb3-428f-89da-85c171aae072,2024-03-06 10:38:45,,,GB,watch-date-1709721525
75184478,watch-dc247658-40e7-4519-9216-2bbab219b5dd-0,,,watch-alpha-kgf-chapter-1,2024-06-21 18:02:57,watch-release-date-2018-12-21,,9360,2018-12-21 00:00:00,ಕೆ.ಜಿ.ಎಫ್: ಅಧ್ಯಾಯ ೧,movie,watch,dc247658-40e7-4519-9216-2bbab219b5dd,2024-06-21 18:02:57,,,GB,watch-date-1718992977
75184478,watch-dc4fcd8d-19c9-417b-9fd0-ebdd66efe460-0,,,watch-alpha-dilwale,2024-11-05 11:42:30,watch-release-date-2015-12-18,,9480,2015-12-18 00:00:00,दिलवाले,movie,watch,dc4fcd8d-19c9-417b-9fd0-ebdd66efe460,2024-11-05 11:42:30,,,GB,watch-date-1730806950
75184478,watch-de1668bc-c004-423c-82c9-23e83344f702-0,,,watch-alpha-the-seven-deadly-sins-prisoners-of-the-sky,2023-12-25 11:03:24,watch-release-date-2018-12-31,,5940,2018-12-31 00:00:00,劇場版 七つの大罪 天空の囚われ人,movie,watch,de1668bc-c004-423c-82c9-23e83344f702,2023-12-25 11:03:24,,,GB,watch-date-1703502204
75184478,watch-de398a3d-5f4d-4121-85a8-047242dd846e-0,,,watch-alpha-spider-man,2024-05-13 13:13:27,watch-release-date-2002-06-21,,7260,2002-06-21 00:00:00,Spider-Man,movie,watch,de398a3d-5f4d-4121-85a8-047242dd846e,2024-05-13 13:13:27,,,GB,watch-date-1715606007
75184478,watch-de9f4f37-5794-434e-88db-f4ac6508ff01-0,,,watch-alpha-the-incredibles,2024-01-09 15:04:29,watch-release-date-2004-11-26,,6900,2004-11-26 00:00:00,The Incredibles,movie,watch,de9f4f37-5794-434e-88db-f4ac6508ff01,2024-01-09 15:04:29,,,GB,watch-date-1704812669
75184478,watch-df9d8522-d060-4277-b7c2-addceadf8fe3-0,,,watch-alpha-iron-man-2,2024-05-13 13:29:50,watch-release-date-2010-04-30,,7440,2010-04-30 00:00:00,Iron Man 2,movie,watch,df9d8522-d060-4277-b7c2-addceadf8fe3,2024-05-13 13:29:50,,,GB,watch-date-1715606990
75184478,watch-dfe92d1c-0125-4f6d-a9d3-35443b5a9aac-0,,,watch-alpha-harry-potter-and-the-prisoner-of-azkaban,2023-12-22 06:39:23,watch-release-date-2004-06-03,,8520,2004-06-03 00:00:00,Harry Potter and the Prisoner of Azkaban,movie,watch,dfe92d1c-0125-4f6d-a9d3-35443b5a9aac,2023-12-22 06:39:23,0,,,watch-date-1703227163
75184478,watch-e02e9914-9009-4f59-b66e-6834f5fe6afc-0,,,watch-alpha-ant-man-and-the-wasp,2024-05-13 13:15:02,watch-release-date-2018-07-04,,7080,2018-07-04 00:00:00,Ant-Man and the Wasp,movie,watch,e02e9914-9009-4f59-b66e-6834f5fe6afc,2024-05-13 13:15:02,,,GB,watch-date-1715606102
75184478,watch-e0c1c564-3875-47f4-a64d-e9d04f0bba59-0,,,watch-alpha-the-extraordinary-journey-of-the-fakir,2025-03-07 12:14:18,watch-release-date-2018-05-30,,5760,2018-05-30 00:00:00,The Extraordinary Journey of the Fakir,movie,watch,e0c1c564-3875-47f4-a64d-e9d04f0bba59,2025-03-07 12:14:18,,,GB,watch-date-1741349658
75184478,watch-e16e4a64-2ec9-4363-b468-11d40fad789e-0,,,watch-alpha-tron-legacy,2025-11-18 16:12:52,watch-release-date-2010-12-29,,7500,2010-12-29 00:00:00,TRON: Legacy,movie,watch,e16e4a64-2ec9-4363-b468-11d40fad789e,2025-11-18 16:12:52,,,IN,watch-date-1763482372
75184478,watch-e170a5e7-40d9-4bd5-ad18-6c2848dc8b9a-0,,,watch-alpha-tomb-raider,2024-06-15 10:51:26,watch-release-date-2018-03-05,,7080,2018-03-05 00:00:00,Tomb Raider,movie,watch,e170a5e7-40d9-4bd5-ad18-6c2848dc8b9a,2024-06-15 10:51:26,,,GB,watch-date-1718448686
75184478,watch-e1b3f62f-9101-47c3-8632-db2f386bba37-0,,,watch-alpha-chhaava,2025-03-15 08:30:51,watch-release-date-2025-02-14,,9660,2025-02-14 00:00:00,छावा,movie,watch,e1b3f62f-9101-47c3-8632-db2f386bba37,2025-03-15 08:30:51,,,GB,watch-date-1742027451
75184478,watch-e3d5db7d-2462-42e7-8449-535d707db8ee-0,,,watch-alpha-suzume,2023-12-22 12:17:42,watch-release-date-2023-04-14,,7320,2023-04-14 00:00:00,すずめの戸締まり,movie,watch,e3d5db7d-2462-42e7-8449-535d707db8ee,2023-12-22 12:17:42,,,GB,watch-date-1703247462
75184478,watch-e53ba0b2-b8da-4299-92fc-8a197083b5e2-0,,,watch-alpha-the-jungle-book,2024-05-13 13:24:02,watch-release-date-2016-04-14,,6360,2016-04-14 00:00:00,The Jungle Book,movie,watch,e53ba0b2-b8da-4299-92fc-8a197083b5e2,2024-05-13 13:24:02,,,GB,watch-date-1715606642
75184478,watch-e598e977-8fe6-4e0d-8def-da1537e82549-0,,,watch-alpha-puss-in-boots,2025-08-14 04:26:38,watch-release-date-2011-11-25,,5400,2011-11-25 00:00:00,Puss in Boots,movie,watch,e598e977-8fe6-4e0d-8def-da1537e82549,2025-08-14 04:26:38,,,IN,watch-date-1755145598
75184478,watch-e61d6466-d456-43e8-bc3f-bcdfcc54269e-0,,,watch-alpha-percy-jackson-sea-of-monsters,2024-05-13 13:23:05,watch-release-date-2013-09-13,,8700,2013-09-13 00:00:00,Percy Jackson: Sea of Monsters,movie,watch,e61d6466-d456-43e8-bc3f-bcdfcc54269e,2024-05-13 13:23:05,,,GB,watch-date-1715606585
75184478,watch-e6a7e5bc-c204-4a44-a7df-554df5dfba5a-0,,,watch-alpha-son-of-satyamurthy,2024-11-05 11:38:41,watch-release-date-2015-04-09,,9720,2015-04-09 00:00:00,Son of Satyamurthy,movie,watch,e6a7e5bc-c204-4a44-a7df-554df5dfba5a,2024-11-05 11:38:41,,,GB,watch-date-1730806721
75184478,watch-e6d0fab8-d153-4172-90b5-aa5c288144a7-0,,,watch-alpha-yevadu,2024-11-05 11:41:13,watch-release-date-2014-01-12,,9960,2014-01-12 00:00:00,Yevadu,movie,watch,e6d0fab8-d153-4172-90b5-aa5c288144a7,2024-11-05 11:41:13,,,GB,watch-date-1730806873
75184478,watch-e7f75a94-02a6-42bf-b03d-9f89fe52b197-0,,,watch-alpha-kabir-singh,2024-06-21 18:04:33,watch-release-date-2019-06-21,,10380,2019-06-21 00:00:00,Kabir Singh,movie,watch,e7f75a94-02a6-42bf-b03d-9f89fe52b197,2024-06-21 18:04:33,,,GB,watch-date-1718993073
75184478,watch-e86ad74f-3e3d-45cf-8c55-c5a5f8938748-0,,,watch-alpha-incredibles-2,2024-05-13 13:17:04,watch-release-date-2018-08-03,,7080,2018-08-03 00:00:00,Incredibles 2,movie,watch,e86ad74f-3e3d-45cf-8c55-c5a5f8938748,2024-05-13 13:17:04,,,GB,watch-date-1715606224
75184478,watch-e91787ad-b0e7-4b20-be4b-0a5181f5fd5a-0,,,watch-alpha-hello-world,2024-07-28 03:46:13,watch-release-date-2019-11-07,,5880,2019-11-07 00:00:00,ハロー・ワールド,movie,watch,e91787ad-b0e7-4b20-be4b-0a5181f5fd5a,2024-07-28 03:46:13,,,GB,watch-date-1722138373
75184478,watch-e9190e54-2df4-4438-a1d2-18653df667da-0,,,watch-alpha-maayon,2024-12-11 19:06:08,watch-release-date-2021-11-26,,7800,2021-11-26 00:00:00,Maayon,movie,watch,e9190e54-2df4-4438-a1d2-18653df667da,2024-12-11 19:06:08,,,GB,watch-date-1733943968
75184478,watch-e9b80d08-afa2-4a4f-b144-62517b6836cd-0,,,watch-alpha-brahman-naman,2025-07-28 01:22:25,watch-release-date-2016-01-24,,5640,2016-01-24 00:00:00,Brahman Naman,movie,watch,e9b80d08-afa2-4a4f-b144-62517b6836cd,2025-07-28 01:22:25,,,IN,watch-date-1753665745
75184478,watch-e9c52bae-c6e7-44ff-8041-0710df97fec3-0,,,watch-alpha-ant-man,2024-01-09 15:04:17,watch-release-date-2015-07-24,,7020,2015-07-24 00:00:00,Ant-Man,movie,watch,e9c52bae-c6e7-44ff-8041-0710df97fec3,2024-01-09 15:04:17,,,GB,watch-date-1704812657
75184478,watch-ea2c6fa3-053f-4cc3-b34c-9bcf519b695f-0,,,watch-alpha-spider-man-far-from-home,2023-12-22 06:39:23,watch-release-date-2019-07-05,,7740,2019-07-05 00:00:00,Spider-Man: Far From Home,movie,watch,ea2c6fa3-053f-4cc3-b34c-9bcf519b695f,2023-12-22 06:39:23,0,,,watch-date-1703227163
75184478,watch-ead87c84-1133-496a-89bf-2239b84de23f-0,,,watch-alpha-ready-or-not,2025-06-21 12:22:58,watch-release-date-2019-10-24,,5700,2019-10-24 00:00:00,Ready or Not,movie,watch,ead87c84-1133-496a-89bf-2239b84de23f,2025-06-21 12:22:58,,,IN,watch-date-1750508578
75184478,watch-eb72df6a-4f80-4591-b986-b8e405808734-0,,,watch-alpha-a-minecraft-movie,2025-10-23 17:50:33,watch-release-date-2025-04-03,,6060,2025-04-03 00:00:00,A Minecraft Movie,movie,watch,eb72df6a-4f80-4591-b986-b8e405808734,2025-10-23 17:50:33,,,IN,watch-date-1761241833
75184478,watch-ebd5a22b-da18-4c63-bc2b-4a45c3180995-0,,,watch-alpha-jujutsu-kaisen-0,2023-12-25 01:54:09,watch-release-date-2022-05-19,,6300,2022-05-19 00:00:00,劇場版 呪術廻戦 0,movie,watch,ebd5a22b-da18-4c63-bc2b-4a45c3180995,2023-12-25 01:54:09,,,GB,watch-date-1703469249
75184478,watch-ecb0109c-f53c-4d94-95fe-910ef8dda64a-0,,,watch-alpha-ant-man-and-the-wasp-quantumania,2024-05-13 13:21:05,watch-release-date-2023-02-15,,7440,2023-02-15 00:00:00,Ant-Man and the Wasp: Quantumania,movie,watch,ecb0109c-f53c-4d94-95fe-910ef8dda64a,2024-05-13 13:21:05,,,GB,watch-date-1715606465
75184478,watch-ed2af048-18a6-4810-b9b0-3bccbe64acf5-0,,,watch-alpha-attarintiki-daredi,2024-11-05 11:40:30,watch-release-date-2013-09-27,,10500,2013-09-27 00:00:00,అత్తారింటికి దారేది,movie,watch,ed2af048-18a6-4810-b9b0-3bccbe64acf5,2024-11-05 11:40:30,,,GB,watch-date-1730806830
75184478,watch-eeca34eb-a4c3-4e35-be6e-6c31f875ce56-0,,,watch-alpha-home-alone,2024-01-09 15:04:04,watch-release-date-1990-11-16,,6180,1990-11-16 00:00:00,Home Alone,movie,watch,eeca34eb-a4c3-4e35-be6e-6c31f875ce56,2024-01-09 15:04:04,,,GB,watch-date-1704812644
75184478,watch-eecf82f0-3463-4545-a49e-f437a6c59850-0,,,watch-alpha-bharat,2024-11-05 11:37:55,watch-release-date-2019-06-07,,9000,2019-06-07 00:00:00,Bharat,movie,watch,eecf82f0-3463-4545-a49e-f437a6c59850,2024-11-05 11:37:55,,,GB,watch-date-1730806675
75184478,watch-ef661837-7d45-4ace-80d7-9bb4b0d2f46a-0,,,watch-alpha-minions-the-rise-of-gru,2024-12-28 16:03:15,watch-release-date-2022-07-01,,5280,2022-07-01 00:00:00,Minions: The Rise of Gru,movie,watch,ef661837-7d45-4ace-80d7-9bb4b0d2f46a,2024-12-28 16:03:15,,,GB,watch-date-1735401795
75184478,watch-ef913269-e63e-4569-a68e-4edc68b1da2b-0,,,watch-alpha-the-fast-and-the-furious,2025-04-08 15:37:18,watch-release-date-2001-09-21,,6360,2001-09-21 00:00:00,The Fast and the Furious,movie,watch,ef913269-e63e-4569-a68e-4edc68b1da2b,2025-04-08 15:37:18,,,GB,watch-date-1744126638
75184478,watch-f00f5dda-cebe-496e-b43b-3dbcb2953dee-0,,,watch-alpha-harry-potter-and-the-deathly-hallows-part-1,2024-05-13 13:29:30,watch-release-date-2010-11-11,,8760,2010-11-11 00:00:00,Harry Potter and the Deathly Hallows: Part 1,movie,watch,f00f5dda-cebe-496e-b43b-3dbcb2953dee,2024-05-13 13:29:30,,,GB,watch-date-1715606970
75184478,watch-f0915fae-e5f9-4fd8-a426-c2ca4e7db004-0,,,watch-alpha-war,2023-12-25 07:35:57,watch-release-date-2019-10-03,,9120,2019-10-03 00:00:00,वॉर,movie,watch,f0915fae-e5f9-4fd8-a426-c2ca4e7db004,2023-12-25 07:35:57,,,GB,watch-date-1703489757
75184478,watch-f252f4bc-ea5e-430d-a977-e52a3b9ad2e7-0,,,watch-alpha-sarfira,2024-12-31 15:37:31,watch-release-date-2024-07-12,,9180,2024-07-12 00:00:00,Sarfira,movie,watch,f252f4bc-ea5e-430d-a977-e52a3b9ad2e7,2024-12-31 15:37:31,,,GB,watch-date-1735659451
75184478,watch-f45c70ab-45ef-4938-8ec1-883a5e8b6fda-0,,,watch-alpha-lucy,2024-05-18 06:34:06,watch-release-date-2014-08-22,,5340,2014-08-22 00:00:00,Lucy,movie,watch,f45c70ab-45ef-4938-8ec1-883a5e8b6fda,2024-05-18 06:34:06,,,GB,watch-date-1716014046
75184478,watch-f5160c51-fe1d-4a13-beef-cafa1a619cad-0,,,watch-alpha-eega,2024-11-05 11:39:12,watch-release-date-2012-07-05,,8700,2012-07-05 00:00:00,Eega,movie,watch,f5160c51-fe1d-4a13-beef-cafa1a619cad,2024-11-05 11:39:12,,,GB,watch-date-1730806752
75184478,watch-f5b28e0c-7166-4005-aaab-58f0141883c5-0,,,watch-alpha-bala,2024-06-21 18:04:49,watch-release-date-2019-11-08,,7980,2019-11-08 00:00:00,बाला,movie,watch,f5b28e0c-7166-4005-aaab-58f0141883c5,2024-06-21 18:04:49,,,GB,watch-date-1718993089
75184478,watch-f613977b-515b-44af-b9ce-1936d42db749-0,,,watch-alpha-annapoorani,2024-01-06 07:59:19,watch-release-date-2023-12-01,,8760,2023-12-01 00:00:00,அன்னபூரணி,movie,watch,f613977b-515b-44af-b9ce-1936d42db749,2024-01-06 07:59:19,,,GB,watch-date-1704527959
75184478,watch-f6987486-5380-4f63-b80c-cd7a35b616eb-0,,,watch-alpha-toy-story,2024-05-13 13:13:16,watch-release-date-1996-03-29,,4860,1996-03-29 00:00:00,Toy Story,movie,watch,f6987486-5380-4f63-b80c-cd7a35b616eb,2024-05-13 13:13:16,,,GB,watch-date-1715605996
75184478,watch-f77e9094-d3c5-4958-b0f9-c1fed504520f-0,,,watch-alpha-wrong-turn-2-dead-end,2026-02-22 04:52:13,watch-release-date-2007-08-25,,5760,2007-08-25 00:00:00,Wrong Turn 2: Dead End,movie,watch,f77e9094-d3c5-4958-b0f9-c1fed504520f,2026-02-22 04:52:13,,,US,watch-date-1771735933
75184478,watch-f7fbc95e-e08d-45df-bb2c-3b109ef658e4-0,,,watch-alpha-om-shanti-om,2024-12-09 09:18:53,watch-release-date-2007-11-09,,10200,2007-11-09 00:00:00,ओम शांति ओम,movie,watch,f7fbc95e-e08d-45df-bb2c-3b109ef658e4,2024-12-09 09:18:53,,,GB,watch-date-1733735933
75184478,watch-f812aad9-24b9-42cf-8f31-2e5bd2f7a0f9-0,,,watch-alpha-thor-ragnarok,2023-12-22 06:39:23,watch-release-date-2017-10-26,,7800,2017-10-26 00:00:00,Thor: Ragnarok,movie,watch,f812aad9-24b9-42cf-8f31-2e5bd2f7a0f9,2023-12-22 06:39:23,0,,,watch-date-1703227163
75184478,watch-f8db6552-e27f-4844-b341-3889071bf7e7-0,,,watch-alpha-magadheera,2024-11-05 11:39:57,watch-release-date-2009-07-31,,9840,2009-07-31 00:00:00,Magadheera,movie,watch,f8db6552-e27f-4844-b341-3889071bf7e7,2024-11-05 11:39:57,,,GB,watch-date-1730806797
75184478,watch-fa31c4b4-bf6e-42a9-8f7e-a5ee933309ef-0,,,watch-alpha-one-piece-stampede,2023-12-22 07:47:44,watch-release-date-2020-01-23,,6120,2020-01-23 00:00:00,ワンピース スタンピード,movie,watch,fa31c4b4-bf6e-42a9-8f7e-a5ee933309ef,2023-12-22 07:47:44,,,GB,watch-date-1703231264
75184478,watch-fa5b623e-54d5-4547-92b9-a358b4444006-0,,,watch-alpha-fast-&-furious-6,2025-04-15 03:22:53,watch-release-date-2013-05-21,,7800,2013-05-21 00:00:00,Fast & Furious 6,movie,watch,fa5b623e-54d5-4547-92b9-a358b4444006,2025-04-15 03:22:53,,,GB,watch-date-1744687373
75184478,watch-fa61246c-784f-41c0-84d1-005d5b7bcf11-0,,,watch-alpha-28-years-later,2025-11-08 14:31:06,watch-release-date-2025-06-19,,6840,2025-06-19 00:00:00,28 Years Later,movie,watch,fa61246c-784f-41c0-84d1-005d5b7bcf11,2025-11-08 14:31:06,,,IN,watch-date-1762612266
75184478,watch-fba77bbb-092b-4d99-a68a-af6a70f284e8-0,,,watch-alpha-harry-potter-and-the-goblet-of-fire,2023-12-22 06:39:23,watch-release-date-2005-11-25,,9420,2005-11-25 00:00:00,Harry Potter and the Goblet of Fire,movie,watch,fba77bbb-092b-4d99-a68a-af6a70f284e8,2023-12-22 06:39:23,0,,,watch-date-1703227163
75184478,watch-fdc6b5eb-bc2d-4639-98f5-ba342c2fd204-0,,,watch-alpha-doraemon-the-movie-nobita's-treasure-island,2023-12-22 07:45:10,watch-release-date-2018-03-03,,6540,2018-03-03 00:00:00,Doraemon the Movie: Nobita's Treasure Island,movie,watch,fdc6b5eb-bc2d-4639-98f5-ba342c2fd204,2023-12-22 07:45:10,,,GB,watch-date-1703231110
75184478,watch-fe040628-4c70-4728-8eab-8d9e778b3920-0,,,watch-alpha-the-maze-runner,2024-05-13 13:28:13,watch-release-date-2014-09-19,,6780,2014-09-19 00:00:00,The Maze Runner,movie,watch,fe040628-4c70-4728-8eab-8d9e778b3920,2024-05-13 13:28:13,,,GB,watch-date-1715606893
75184478,watch-fedb2be0-3dc5-45c6-b5cd-81755e2c4d03-0,,,watch-alpha-final-destination-3,2025-04-18 12:18:46,watch-release-date-2006-02-09,,5580,2006-02-09 00:00:00,Final Destination 3,movie,watch,fedb2be0-3dc5-45c6-b5cd-81755e2c4d03,2025-04-18 12:18:46,,,GB,watch-date-1744978726
75184478,watch-ff07a778-cf94-4243-a8ca-ec401f51f579-0,,,watch-alpha-mangalavaaram,2024-12-11 17:07:54,watch-release-date-2023-11-17,,8700,2023-11-17 00:00:00,Mangalavaaram,movie,watch,ff07a778-cf94-4243-a8ca-ec401f51f579,2024-12-11 17:07:54,,,GB,watch-date-1733936874
75184478,watch-ff0b6c22-86f7-4903-a5cf-9cff2eff11e4-0,,,watch-alpha-gabbar-singh,2024-11-05 11:40:03,watch-release-date-2012-05-11,,9180,2012-05-11 00:00:00,Gabbar Singh,movie,watch,ff0b6c22-86f7-4903-a5cf-9cff2eff11e4,2024-11-05 11:40:03,,,GB,watch-date-1730806803
75184478,watch-ff205fa0-a2d9-4745-91eb-5b5a6c0eaeca-0,,,watch-alpha-radhe-shyam,2024-11-05 11:41:32,watch-release-date-2022-03-11,,8280,2022-03-11 00:00:00,Radhe Shyam,movie,watch,ff205fa0-a2d9-4745-91eb-5b5a6c0eaeca,2024-11-05 11:41:32,,,GB,watch-date-1730806892
75184478,watch-ff9e5f23-4d08-4df8-bbdc-27bf0abb261f-0,,,watch-alpha-pokémon-the-movie-i-choose-you,2026-06-27 08:30:31,watch-release-date-2017-07-15,,5820,2017-07-15 00:00:00,劇場版ポケットモンスター キミにきめた!,movie,watch,ff9e5f23-4d08-4df8-bbdc-27bf0abb261f,2026-06-27 08:30:31,,,IN,watch-date-1782549031
