hash_key,user_id,episode_id,network_platform,id,created_at,vote_type,range_key,type,series_name,season_number,episode_number
a3eb5217-89a9-4a5c-b699-7aadbae1865c,75184478,0,map[app_bundle_id:<nil> app_download_link:<nil> app_link:<nil> app_name:Unofficial country:us created_at:1.559112773e+09 display_name:Unofficial external_id:tvtime-unofficial external_source_type:<nil> full_logo_url:<nil> is_cascaded:false logo_color:#777777 logo_name:* logo_url:<nil> logos:map[selected_dark_mode:https://d36rlb2fgh8cjd.cloudfront.net/logos/networks/unofficial/selected-dark-mode.png selected_light_mode:https://d36rlb2fgh8cjd.cloudfront.net/logos/networks/unofficial/selected-light-mode.png unselected_dark_mode:https://d36rlb2fgh8cjd.cloudfront.net/logos/networks/unofficial/unselected-dark-mode.png unselected_light_mode:https://d36rlb2fgh8cjd.cloudfront.net/logos/networks/unofficial/unselected-light-mode.png] name_slug:unofficial-5dea16e9-fe85-4c85-83a1-b3ba4dc14a30 network_id:5dea16e9-fe85-4c85-83a1-b3ba4dc14a30 platform:unofficial platform_type:unofficial type:network_platform_source updated_at:1.559112773e+09],af7d7067-2ff4-4ac2-9992-721f2ced0ed4,2025-12-25 06:00:28,where-did-you,75184478,selection,,,
d6423a20-d8dd-4521-8fd4-050713a7e9a3,75184478,0,map[app_bundle_id:<nil> app_download_link:<nil> app_link:<nil> app_name:Unofficial country:us created_at:1.559112773e+09 display_name:Unofficial external_id:tvtime-unofficial external_source_type:<nil> full_logo_url:<nil> is_cascaded:false logo_color:#777777 logo_name:* logo_url:<nil> logos:map[selected_dark_mode:https://d36rlb2fgh8cjd.cloudfront.net/logos/networks/unofficial/selected-dark-mode.png selected_light_mode:https://d36rlb2fgh8cjd.cloudfront.net/logos/networks/unofficial/selected-light-mode.png unselected_dark_mode:https://d36rlb2fgh8cjd.cloudfront.net/logos/networks/unofficial/unselected-dark-mode.png unselected_light_mode:https://d36rlb2fgh8cjd.cloudfront.net/logos/networks/unofficial/unselected-light-mode.png] name_slug:unofficial-5dea16e9-fe85-4c85-83a1-b3ba4dc14a30 network_id:5dea16e9-fe85-4c85-83a1-b3ba4dc14a30 platform:unofficial platform_type:unofficial type:network_platform_source updated_at:1.559112773e+09],0133df50-dbac-4e53-861d-576ae9b9008e,2025-12-25 17:22:43,where-did-you,75184478,selection,,,
06227450-2170-463f-a163-8e58c1fb5b46,75184478,0,map[app_bundle_id:<nil> app_download_link:<nil> app_link:<nil> app_name:Unofficial country:us created_at:1.559112773e+09 display_name:Unofficial external_id:tvtime-unofficial external_source_type:<nil> full_logo_url:<nil> is_cascaded:false logo_color:#777777 logo_name:* logo_url:<nil> logos:map[selected_dark_mode:https://d36rlb2fgh8cjd.cloudfront.net/logos/networks/unofficial/selected-dark-mode.png selected_light_mode:https://d36rlb2fgh8cjd.cloudfront.net/logos/networks/unofficial/selected-light-mode.png unselected_dark_mode:https://d36rlb2fgh8cjd.cloudfront.net/logos/networks/unofficial/unselected-dark-mode.png unselected_light_mode:https://d36rlb2fgh8cjd.cloudfront.net/logos/networks/unofficial/unselected-light-mode.png] name_slug:unofficial-5dea16e9-fe85-4c85-83a1-b3ba4dc14a30 network_id:5dea16e9-fe85-4c85-83a1-b3ba4dc14a30 platform:unofficial platform_type:unofficial type:network_platform_source updated_at:1.559112773e+09],44bb1cbd-f832-4593-ae77-e51ddb21b47d,2026-01-16 12:57:01,where-did-you,75184478,selection,,,
78c27d1a-dea2-45b2-be8f-5dfabea9b846,75184478,0,map[app_bundle_id:<nil> app_download_link:<nil> app_link:<nil> app_name:Unofficial country:us created_at:1.559112773e+09 display_name:Unofficial external_id:tvtime-unofficial external_source_type:<nil> is_cascaded:false logo_color:#777777 logo_name:* logo_url:<nil> logos:map[selected_dark_mode:https://d36rlb2fgh8cjd.cloudfront.net/logos/networks/unofficial/selected-dark-mode.png selected_light_mode:https://d36rlb2fgh8cjd.cloudfront.net/logos/networks/unofficial/selected-light-mode.png unselected_dark_mode:https://d36rlb2fgh8cjd.cloudfront.net/logos/networks/unofficial/unselected-dark-mode.png unselected_light_mode:https://d36rlb2fgh8cjd.cloudfront.net/logos/networks/unofficial/unselected-light-mode.png] name_slug:unofficial-5dea16e9-fe85-4c85-83a1-b3ba4dc14a30 network_id:5dea16e9-fe85-4c85-83a1-b3ba4dc14a30 platform:unofficial platform_type:unofficial type:network_platform_source updated_at:1.559112773e+09],f3807ed0-a8ec-48b2-bbd7-93d0eb15df24,2024-04-14 06:23:26,where-did-you,75184478,selection,,,
78804,75184478,295294,map[app_bundle_id:<nil> app_download_link:<nil> app_link:<nil> app_name:Other country:GB created_at:1.559112773e+09 display_name:Other external_id:tvtime-other-GB external_source_type:<nil> full_logo_url:<nil> is_cascaded:false logo_color:#777777 logo_name:* logo_url:<nil> logos:map[selected_dark_mode:https://d36rlb2fgh8cjd.cloudfront.net/logos/networks/other/selected-dark-mode.png selected_light_mode:https://d36rlb2fgh8cjd.cloudfront.net/logos/networks/other/selected-light-mode.png unselected_dark_mode:https://d36rlb2fgh8cjd.cloudfront.net/logos/networks/other/unselected-dark-mode.png unselected_light_mode:https://d36rlb2fgh8cjd.cloudfront.net/logos/networks/other/unselected-light-mode.png] name_slug:other-01109d08-7513-4ddd-8990-6799d11004b8 network_id:01109d08-7513-4ddd-8990-6799d11004b8 platform:other platform_type:other type:network_platform_source updated_at:1.559112773e+09],319ed733-823f-4c1a-9c35-9d237cd1ba5b,2025-01-04 03:23:48,where-did-you,295294-75184478,selection,Doctor Who (2005),1,1
d230afda-20d5-411b-9785-d0c9435dc9b2,75184478,0,map[app_bundle_id:<nil> app_download_link:<nil> app_link:<nil> app_name:Unofficial country:us created_at:1.559112773e+09 display_name:Unofficial external_id:tvtime-unofficial external_source_type:<nil> full_logo_url:<nil> is_cascaded:false logo_color:#777777 logo_name:* logo_url:<nil> logos:map[selected_dark_mode:https://d36rlb2fgh8cjd.cloudfront.net/logos/networks/unofficial/selected-dark-mode.png selected_light_mode:https://d36rlb2fgh8cjd.cloudfront.net/logos/networks/unofficial/selected-light-mode.png unselected_dark_mode:https://d36rlb2fgh8cjd.cloudfront.net/logos/networks/unofficial/unselected-dark-mode.png unselected_light_mode:https://d36rlb2fgh8cjd.cloudfront.net/logos/networks/unofficial/unselected-light-mode.png] name_slug:unofficial-5dea16e9-fe85-4c85-83a1-b3ba4dc14a30 network_id:5dea16e9-fe85-4c85-83a1-b3ba4dc14a30 platform:unofficial platform_type:unofficial type:network_platform_source updated_at:1.559112773e+09],eee4f7e7-132f-4a39-ae00-f57c1f788023,2025-09-02 16:07:19,where-did-you,75184478,selection,,,
9329597a-693d-4df9-8855-f524e347fd92,75184478,0,map[app_bundle_id:<nil> app_download_link:<nil> app_link:<nil> app_name:Unofficial country:us created_at:1.559112773e+09 display_name:Unofficial external_id:tvtime-unofficial external_source_type:<nil> full_logo_url:<nil> is_cascaded:false logo_color:#777777 logo_name:* logo_url:<nil> logos:map[selected_dark_mode:https://d36rlb2fgh8cjd.cloudfront.net/logos/networks/unofficial/selected-dark-mode.png selected_light_mode:https://d36rlb2fgh8cjd.cloudfront.net/logos/networks/unofficial/selected-light-mode.png unselected_dark_mode:https://d36rlb2fgh8cjd.cloudfront.net/logos/networks/unofficial/unselected-dark-mode.png unselected_light_mode:https://d36rlb2fgh8cjd.cloudfront.net/logos/networks/unofficial/unselected-light-mode.png] name_slug:unofficial-5dea16e9-fe85-4c85-83a1-b3ba4dc14a30 network_id:5dea16e9-fe85-4c85-83a1-b3ba4dc14a30 platform:unofficial platform_type:unofficial type:network_platform_source updated_at:1.559112773e+09],de505410-acb0-4a60-aaf1-1f6260d26e28,2025-12-18 15:46:08,where-did-you,75184478,selection,,,
408629,75184478,10559630,map[app_bundle_id:<nil> app_download_link:<nil> app_link:<nil> app_name:Unofficial country:us created_at:1.559112773e+09 display_name:Unofficial external_id:tvtime-unofficial external_source_type:<nil> full_logo_url:<nil> is_cascaded:false logo_color:#777777 logo_name:* logo_url:<nil> logos:map[selected_dark_mode:https://d36rlb2fgh8cjd.cloudfront.net/logos/networks/unofficial/selected-dark-mode.png selected_light_mode:https://d36rlb2fgh8cjd.cloudfront.net/logos/networks/unofficial/selected-light-mode.png unselected_dark_mode:https://d36rlb2fgh8cjd.cloudfront.net/logos/networks/unofficial/unselected-dark-mode.png unselected_light_mode:https://d36rlb2fgh8cjd.cloudfront.net/logos/networks/unofficial/unselected-light-mode.png] name_slug:unofficial-5dea16e9-fe85-4c85-83a1-b3ba4dc14a30 network_id:5dea16e9-fe85-4c85-83a1-b3ba4dc14a30 platform:unofficial platform_type:unofficial type:network_platform_source updated_at:1.559112773e+09],19311dc3-aaa0-4aff-a198-bdd7c84c822a,2024-11-26 03:49:20,where-did-you,10559630-75184478,selection,BLUE LOCK,2,6
421855,75184478,10580467,map[app_bundle_id:<nil> app_download_link:<nil> app_link:<nil> app_name:Unofficial country:us created_at:1.559112773e+09 display_name:Unofficial external_id:tvtime-unofficial external_source_type:<nil> full_logo_url:<nil> is_cascaded:false logo_color:#777777 logo_name:* logo_url:<nil> logos:map[selected_dark_mode:https://d36rlb2fgh8cjd.cloudfront.net/logos/networks/unofficial/selected-dark-mode.png selected_light_mode:https://d36rlb2fgh8cjd.cloudfront.net/logos/networks/unofficial/selected-light-mode.png unselected_dark_mode:https://d36rlb2fgh8cjd.cloudfront.net/logos/networks/unofficial/unselected-dark-mode.png unselected_light_mode:https://d36rlb2fgh8cjd.cloudfront.net/logos/networks/unofficial/unselected-light-mode.png] name_slug:unofficial-5dea16e9-fe85-4c85-83a1-b3ba4dc14a30 network_id:5dea16e9-fe85-4c85-83a1-b3ba4dc14a30 platform:unofficial platform_type:unofficial type:network_platform_source updated_at:1.559112773e+09],ca35e741-23e1-4ac5-a352-09b0c2a01ba0,2024-12-29 14:09:48,where-did-you,10580467-75184478,selection,Shangri-La Frontier,2,12
4859d0a1-bb82-4710-9f52-69520bb0f7af,75184478,0,map[app_bundle_id:<nil> app_download_link:<nil> app_link:<nil> app_name:Other country:IN created_at:1.559112773e+09 display_name:Other external_id:tvtime-other-IN external_source_type:<nil> full_logo_url:<nil> is_cascaded:false logo_color:#777777 logo_name:* logo_url:<nil> logos:map[selected_dark_mode:https://d36rlb2fgh8cjd.cloudfront.net/logos/networks/other/selected-dark-mode.png selected_light_mode:https://d36rlb2fgh8cjd.cloudfront.net/logos/networks/other/selected-light-mode.png unselected_dark_mode:https://d36rlb2fgh8cjd.cloudfront.net/logos/networks/other/unselected-dark-mode.png unselected_light_mode:https://d36rlb2fgh8cjd.cloudfront.net/logos/networks/other/unselected-light-mode.png] name_slug:other-01109d08-7513-4ddd-8990-6799d11004b8 network_id:01109d08-7513-4ddd-8990-6799d11004b8 platform:other platform_type:other type:network_platform_source updated_at:1.559112773e+09],c324908c-f549-48c3-be6a-03d3d7984d23,2025-06-09 18:54:40,where-did-you,75184478,selection,,,
802499fa-0107-46ec-900c-5f56d459a6cd,75184478,0,map[app_bundle_id:<nil> app_download_link:<nil> app_link:<nil> app_name:Unofficial country:us created_at:1.559112773e+09 display_name:Unofficial external_id:tvtime-unofficial external_source_type:<nil> full_logo_url:<nil> is_cascaded:false logo_color:#777777 logo_name:* logo_url:<nil> logos:map[selected_dark_mode:https://d36rlb2fgh8cjd.cloudfront.net/logos/networks/unofficial/selected-dark-mode.png selected_light_mode:https://d36rlb2fgh8cjd.cloudfront.net/logos/networks/unofficial/selected-light-mode.png unselected_dark_mode:https://d36rlb2fgh8cjd.cloudfront.net/logos/networks/unofficial/unselected-dark-mode.png unselected_light_mode:https://d36rlb2fgh8cjd.cloudfront.net/logos/networks/unofficial/unselected-light-mode.png] name_slug:unofficial-5dea16e9-fe85-4c85-83a1-b3ba4dc14a30 network_id:5dea16e9-fe85-4c85-83a1-b3ba4dc14a30 platform:unofficial platform_type:unofficial type:network_platform_source updated_at:1.559112773e+09],92b42428-852f-4d3c-aedb-a28dcbbebb48,2026-06-21 03:51:53,where-did-you,75184478,selection,,,
334824,75184478,7605175,map[app_bundle_id:<nil> app_download_link:<nil> app_link:<nil> app_name:Unofficial country:us created_at:1.559112773e+09 display_name:Unofficial external_id:tvtime-unofficial external_source_type:<nil> full_logo_url:<nil> is_cascaded:false logo_color:#777777 logo_name:* logo_url:<nil> logos:map[selected_dark_mode:https://d36rlb2fgh8cjd.cloudfront.net/logos/networks/unofficial/selected-dark-mode.png selected_light_mode:https://d36rlb2fgh8cjd.cloudfront.net/logos/networks/unofficial/selected-light-mode.png unselected_dark_mode:https://d36rlb2fgh8cjd.cloudfront.net/logos/networks/unofficial/unselected-dark-mode.png unselected_light_mode:https://d36rlb2fgh8cjd.cloudfront.net/logos/networks/unofficial/unselected-light-mode.png] name_slug:unofficial-5dea16e9-fe85-4c85-83a1-b3ba4dc14a30 network_id:5dea16e9-fe85-4c85-83a1-b3ba4dc14a30 platform:unofficial platform_type:unofficial type:network_platform_source updated_at:1.559112773e+09],909ab998-af4d-4e1b-966e-82ffed637ef4,2024-10-13 14:53:15,where-did-you,7605175-75184478,selection,Dark,3,4
74796,75184478,9360913,map[app_bundle_id:<nil> app_download_link:<nil> app_link:<nil> app_name:Unofficial country:us created_at:1.559112773e+09 display_name:Unofficial external_id:tvtime-unofficial external_source_type:<nil> full_logo_url:<nil> is_cascaded:false logo_color:#777777 logo_name:* logo_url:<nil> logos:map[selected_dark_mode:https://d36rlb2fgh8cjd.cloudfront.net/logos/networks/unofficial/selected-dark-mode.png selected_light_mode:https://d36rlb2fgh8cjd.cloudfront.net/logos/networks/unofficial/selected-light-mode.png unselected_dark_mode:https://d36rlb2fgh8cjd.cloudfront.net/logos/networks/unofficial/unselected-dark-mode.png unselected_light_mode:https://d36rlb2fgh8cjd.cloudfront.net/logos/networks/unofficial/unselected-light-mode.png] name_slug:unofficial-5dea16e9-fe85-4c85-83a1-b3ba4dc14a30 network_id:5dea16e9-fe85-4c85-83a1-b3ba4dc14a30 platform:unofficial platform_type:unofficial type:network_platform_source updated_at:1.559112773e+09],590bae45-bd6d-4b16-9017-c41846344484,2024-11-06 03:31:30,where-did-you,9360913-75184478,selection,Bleach,17,7
389597,75184478,10843939,map[app_bundle_id:<nil> app_download_link:<nil> app_link:<nil> app_name:Unofficial country:us created_at:1.559112773e+09 display_name:Unofficial external_id:tvtime-unofficial external_source_type:<nil> full_logo_url:<nil> is_cascaded:false logo_color:#777777 logo_name:* logo_url:<nil> logos:map[selected_dark_mode:https://d36rlb2fgh8cjd.cloudfront.net/logos/networks/unofficial/selected-dark-mode.png selected_light_mode:https://d36rlb2fgh8cjd.cloudfront.net/logos/networks/unofficial/selected-light-mode.png unselected_dark_mode:https://d36rlb2fgh8cjd.cloudfront.net/logos/networks/unofficial/unselected-dark-mode.png unselected_light_mode:https://d36rlb2fgh8cjd.cloudfront.net/logos/networks/unofficial/unselected-light-mode.png] name_slug:unofficial-5dea16e9-fe85-4c85-83a1-b3ba4dc14a30 network_id:5dea16e9-fe85-4c85-83a1-b3ba4dc14a30 platform:unofficial platform_type:unofficial type:network_platform_source updated_at:1.559112773e+09],fb28b685-5c0c-4b07-a2b6-db1769c6260d,2025-02-15 21:12:53,where-did-you,10843939-75184478,selection,Solo Leveling,2,7
b43efd5e-f485-45cc-aa2e-180ffca3f64d,75184478,0,map[app_bundle_id:<nil> app_download_link:<nil> app_link:<nil> app_name:Unofficial country:us created_at:1.559112773e+09 display_name:Unofficial external_id:tvtime-unofficial external_source_type:<nil> full_logo_url:<nil> is_cascaded:false logo_color:#777777 logo_name:* logo_url:<nil> logos:map[selected_dark_mode:https://d36rlb2fgh8cjd.cloudfront.net/logos/networks/unofficial/selected-dark-mode.png selected_light_mode:https://d36rlb2fgh8cjd.cloudfront.net/logos/networks/unofficial/selected-light-mode.png unselected_dark_mode:https://d36rlb2fgh8cjd.cloudfront.net/logos/networks/unofficial/unselected-dark-mode.png unselected_light_mode:https://d36rlb2fgh8cjd.cloudfront.net/logos/networks/unofficial/unselected-light-mode.png] name_slug:unofficial-5dea16e9-fe85-4c85-83a1-b3ba4dc14a30 network_id:5dea16e9-fe85-4c85-83a1-b3ba4dc14a30 platform:unofficial platform_type:unofficial type:network_platform_source updated_at:1.559112773e+09],3e3a882e-ddc9-44ee-9d2e-70f138e902cf,2025-04-30 19:21:25,where-did-you,75184478,selection,,,
283935,75184478,5008272,map[app_bundle_id:<nil> app_download_link:<nil> app_link:<nil> app_name:Unofficial country:us created_at:1.559112773e+09 display_name:Unofficial external_id:tvtime-unofficial external_source_type:<nil> full_logo_url:<nil> is_cascaded:false logo_color:#777777 logo_name:* logo_url:<nil> logos:map[selected_dark_mode:https://d36rlb2fgh8cjd.cloudfront.net/logos/networks/unofficial/selected-dark-mode.png selected_light_mode:https://d36rlb2fgh8cjd.cloudfront.net/logos/networks/unofficial/selected-light-mode.png unselected_dark_mode:https://d36rlb2fgh8cjd.cloudfront.net/logos/networks/unofficial/unselected-dark-mode.png unselected_light_mode:https://d36rlb2fgh8cjd.cloudfront.net/logos/networks/unofficial/unselected-light-mode.png] name_slug:unofficial-5dea16e9-fe85-4c85-83a1-b3ba4dc14a30 network_id:5dea16e9-fe85-4c85-83a1-b3ba4dc14a30 platform:unofficial platform_type:unofficial type:network_platform_source updated_at:1.559112773e+09],44787d21-ec28-4b16-8b85-22ffaaf00d05,2025-05-12 06:04:20,where-did-you,5008272-75184478,selection,Trinity Seven,1,2
1b521cc2-2d48-46c9-871d-ddfc99545504,75184478,0,map[app_bundle_id:<nil> app_download_link:<nil> app_link:<nil> app_name:Unofficial country:us created_at:1.559112773e+09 display_name:Unofficial external_id:tvtime-unofficial external_source_type:<nil> full_logo_url:<nil> is_cascaded:false logo_color:#777777 logo_name:* logo_url:<nil> logos:map[selected_dark_mode:https://d36rlb2fgh8cjd.cloudfront.net/logos/networks/unofficial/selected-dark-mode.png selected_light_mode:https://d36rlb2fgh8cjd.cloudfront.net/logos/networks/unofficial/selected-light-mode.png unselected_dark_mode:https://d36rlb2fgh8cjd.cloudfront.net/logos/networks/unofficial/unselected-dark-mode.png unselected_light_mode:https://d36rlb2fgh8cjd.cloudfront.net/logos/networks/unofficial/unselected-light-mode.png] name_slug:unofficial-5dea16e9-fe85-4c85-83a1-b3ba4dc14a30 network_id:5dea16e9-fe85-4c85-83a1-b3ba4dc14a30 platform:unofficial platform_type:unofficial type:network_platform_source updated_at:1.559112773e+09],1002a708-1aad-4bee-b774-56401b801493,2025-04-10 10:24:38,where-did-you,75184478,selection,,,
74796,75184478,9866063,map[app_bundle_id:<nil> app_download_link:<nil> app_link:<nil> app_name:Unofficial country:us created_at:1.559112773e+09 display_name:Unofficial external_id:tvtime-unofficial external_source_type:<nil> full_logo_url:<nil> is_cascaded:false logo_color:#777777 logo_name:* logo_url:<nil> logos:map[selected_dark_mode:https://d36rlb2fgh8cjd.cloudfront.net/logos/networks/unofficial/selected-dark-mode.png selected_light_mode:https://d36rlb2fgh8cjd.cloudfront.net/logos/networks/unofficial/selected-light-mode.png unselected_dark_mode:https://d36rlb2fgh8cjd.cloudfront.net/logos/networks/unofficial/unselected-dark-mode.png unselected_light_mode:https://d36rlb2fgh8cjd.cloudfront.net/logos/networks/unofficial/unselected-light-mode.png] name_slug:unofficial-5dea16e9-fe85-4c85-83a1-b3ba4dc14a30 network_id:5dea16e9-fe85-4c85-83a1-b3ba4dc14a30 platform:unofficial platform_type:unofficial type:network_platform_source updated_at:1.559112773e+09],493b0822-23ec-4300-b0f1-7c23fbab0b3f,2024-11-09 03:37:19,where-did-you,9866063-75184478,selection,Bleach,17,26
74796,75184478,9340509,map[app_bundle_id:<nil> app_download_link:<nil> app_link:<nil> app_name:Unofficial country:us created_at:1.559112773e+09 display_name:Unofficial external_id:tvtime-unofficial external_source_type:<nil> full_logo_url:<nil> is_cascaded:false logo_color:#777777 logo_name:* logo_url:<nil> logos:map[selected_dark_mode:https://d36rlb2fgh8cjd.cloudfront.net/logos/networks/unofficial/selected-dark-mode.png selected_light_mode:https://d36rlb2fgh8cjd.cloudfront.net/logos/networks/unofficial/selected-light-mode.png unselected_dark_mode:https://d36rlb2fgh8cjd.cloudfront.net/logos/networks/unofficial/unselected-dark-mode.png unselected_light_mode:https://d36rlb2fgh8cjd.cloudfront.net/logos/networks/unofficial/unselected-light-mode.png] name_slug:unofficial-5dea16e9-fe85-4c85-83a1-b3ba4dc14a30 network_id:5dea16e9-fe85-4c85-83a1-b3ba4dc14a30 platform:unofficial platform_type:unofficial type:network_platform_source updated_at:1.559112773e+09],30a3c6e0-f132-42de-8e1b-8bbac6376c9b,2024-11-05 07:41:29,where-did-you,9340509-75184478,selection,Bleach,17,1
f252f4bc-ea5e-430d-a977-e52a3b9ad2e7,75184478,0,map[app_bundle_id:in.startv.hotstaronly app_download_link:<nil> app_link:https://www.hotstar.com/gb/movies/sarfira/1271331643 app_name:Hotstar country:GB created_at:1.735659448e+09 display_name:Hotstar external_id:1dda28e0-0624-4310-a664-744baf0aab33 external_source_type:SVOD full_logo_url:<nil> is_cascaded:false logo_color:#55aa29 logo_name:H logo_url:<nil> logos:map[selected_dark_mode:https://d36rlb2fgh8cjd.cloudfront.net/logos/networks/hotstar/selected-dark-mode.png selected_light_mode:https://d36rlb2fgh8cjd.cloudfront.net/logos/networks/hotstar/selected-light-mode.png unselected_dark_mode:https://d36rlb2fgh8cjd.cloudfront.net/logos/networks/hotstar/unselected-dark-mode.png unselected_light_mode:https://d36rlb2fgh8cjd.cloudfront.net/logos/networks/hotstar/unselected-light-mode.png] name_slug:hotstar-1dda28e0-0624-4310-a664-744baf0aab33 network_id:1dda28e0-0624-4310-a664-744baf0aab33 platform:web platform_type:purchase type:network_platform_source updated_at:1.735659448e+09],d3e3d274-950a-48a7-9fe3-b3c6d74052e4,2024-12-31 15:37:35,where-did-you,75184478,selection,,,
383275,75184478,10617348,map[app_bundle_id:<nil> app_download_link:<nil> app_link:<nil> app_name:Unofficial country:us created_at:1.559112773e+09 display_name:Unofficial external_id:tvtime-unofficial external_source_type:<nil> full_logo_url:<nil> is_cascaded:false logo_color:#777777 logo_name:* logo_url:<nil> logos:map[selected_dark_mode:https://d36rlb2fgh8cjd.cloudfront.net/logos/networks/unofficial/selected-dark-mode.png selected_light_mode:https://d36rlb2fgh8cjd.cloudfront.net/logos/networks/unofficial/selected-light-mode.png unselected_dark_mode:https://d36rlb2fgh8cjd.cloudfront.net/logos/networks/unofficial/unselected-dark-mode.png unselected_light_mode:https://d36rlb2fgh8cjd.cloudfront.net/logos/networks/unofficial/unselected-light-mode.png] name_slug:unofficial-5dea16e9-fe85-4c85-83a1-b3ba4dc14a30 network_id:5dea16e9-fe85-4c85-83a1-b3ba4dc14a30 platform:unofficial platform_type:unofficial type:network_platform_source updated_at:1.559112773e+09],9a40f76b-ca51-4f87-8643-0694c22d0a70,2025-04-21 18:06:01,where-did-you,10617348-75184478,selection,Squid Game,2,1
74796,75184478,9865597,map[app_bundle_id:<nil> app_download_link:<nil> app_link:<nil> app_name:Unofficial country:us created_at:1.559112773e+09 display_name:Unofficial external_id:tvtime-unofficial external_source_type:<nil> full_logo_url:<nil> is_cascaded:false logo_color:#777777 logo_name:* logo_url:<nil> logos:map[selected_dark_mode:https://d36rlb2fgh8cjd.cloudfront.net/logos/networks/unofficial/selected-dark-mode.png selected_light_mode:https://d36rlb2fgh8cjd.cloudfront.net/logos/networks/unofficial/selected-light-mode.png unselected_dark_mode:https://d36rlb2fgh8cjd.cloudfront.net/logos/networks/unofficial/unselected-dark-mode.png unselected_light_mode:https://d36rlb2fgh8cjd.cloudfront.net/logos/networks/unofficial/unselected-light-mode.png] name_slug:unofficial-5dea16e9-fe85-4c85-83a1-b3ba4dc14a30 network_id:5dea16e9-fe85-4c85-83a1-b3ba4dc14a30 platform:unofficial platform_type:unofficial type:network_platform_source updated_at:1.559112773e+09],7ebe1e1d-292b-41c5-813c-ed38a38e7881,2024-11-07 09:05:52,where-did-you,9865597-75184478,selection,Bleach,17,18
422090,75184478,10049923,map[app_bundle_id:<nil> app_download_link:<nil> app_link:<nil> app_name:Unofficial country:us created_at:1.559112773e+09 display_name:Unofficial external_id:tvtime-unofficial external_source_type:<nil> is_cascaded:false logo_color:#777777 logo_name:* logo_url:<nil> logos:map[selected_dark_mode:https://d36rlb2fgh8cjd.cloudfront.net/logos/networks/unofficial/selected-dark-mode.png selected_light_mode:https://d36rlb2fgh8cjd.cloudfront.net/logos/networks/unofficial/selected-light-mode.png unselected_dark_mode:https://d36rlb2fgh8cjd.cloudfront.net/logos/networks/unofficial/unselected-dark-mode.png unselected_light_mode:https://d36rlb2fgh8cjd.cloudfront.net/logos/networks/unofficial/unselected-light-mode.png] name_slug:unofficial-5dea16e9-fe85-4c85-83a1-b3ba4dc14a30 network_id:5dea16e9-fe85-4c85-83a1-b3ba4dc14a30 platform:unofficial platform_type:unofficial type:network_platform_source updated_at:1.559112773e+09],982a2fdd-46b1-4a00-8363-8fc97dd7fcc8,2023-12-31 09:40:18,where-did-you,10049923-75184478,selection,Dark Gathering,1,25
751425aa-e8e1-4140-8291-97c7049eba23,75184478,0,map[app_bundle_id:<nil> app_download_link:<nil> app_link:<nil> app_name:Unofficial country:us created_at:1.559112773e+09 display_name:Unofficial external_id:tvtime-unofficial external_source_type:<nil> is_cascaded:false logo_color:#777777 logo_name:* logo_url:<nil> logos:map[selected_dark_mode:https://d36rlb2fgh8cjd.cloudfront.net/logos/networks/unofficial/selected-dark-mode.png selected_light_mode:https://d36rlb2fgh8cjd.cloudfront.net/logos/networks/unofficial/selected-light-mode.png unselected_dark_mode:https://d36rlb2fgh8cjd.cloudfront.net/logos/networks/unofficial/unselected-dark-mode.png unselected_light_mode:https://d36rlb2fgh8cjd.cloudfront.net/logos/networks/unofficial/unselected-light-mode.png] name_slug:unofficial-5dea16e9-fe85-4c85-83a1-b3ba4dc14a30 network_id:5dea16e9-fe85-4c85-83a1-b3ba4dc14a30 platform:unofficial platform_type:unofficial type:network_platform_source updated_at:1.559112773e+09],c56068e7-6c68-45b9-999e-8031017d5fe4,2024-01-17 08:06:38,where-did-you,75184478,selection,,,
42814c39-07fe-4c44-a315-0ba14342384f,75184478,0,map[app_bundle_id:<nil> app_download_link:<nil> app_link:<nil> app_name:Unofficial country:us created_at:1.559112773e+09 display_name:Unofficial external_id:tvtime-unofficial external_source_type:<nil> full_logo_url:<nil> is_cascaded:false logo_color:#777777 logo_name:* logo_url:<nil> logos:map[selected_dark_mode:https://d36rlb2fgh8cjd.cloudfront.net/logos/networks/unofficial/selected-dark-mode.png selected_light_mode:https://d36rlb2fgh8cjd.cloudfront.net/logos/networks/unofficial/selected-light-mode.png unselected_dark_mode:https://d36rlb2fgh8cjd.cloudfront.net/logos/networks/unofficial/unselected-dark-mode.png unselected_light_mode:https://d36rlb2fgh8cjd.cloudfront.net/logos/networks/unofficial/unselected-light-mode.png] name_slug:unofficial-5dea16e9-fe85-4c85-83a1-b3ba4dc14a30 network_id:5dea16e9-fe85-4c85-83a1-b3ba4dc14a30 platform:unofficial platform_type:unofficial type:network_platform_source updated_at:1.559112773e+09],3116afe2-9d02-42c8-b4d4-7c794bc0e13a,2025-06-08 04:13:16,where-did-you,75184478,selection,,,
c5c4ce44-88d2-4b7a-89ea-83abf5b4f2ef,75184478,0,map[app_bundle_id:<nil> app_download_link:<nil> app_link:<nil> app_name:Other country:IN created_at:1.559112773e+09 display_name:Other external_id:tvtime-other-IN external_source_type:<nil> full_logo_url:<nil> is_cascaded:false logo_color:#777777 logo_name:* logo_url:<nil> logos:map[selected_dark_mode:https://d36rlb2fgh8cjd.cloudfront.net/logos/networks/other/selected-dark-mode.png selected_light_mode:https://d36rlb2fgh8cjd.cloudfront.net/logos/networks/other/selected-light-mode.png unselected_dark_mode:https://d36rlb2fgh8cjd.cloudfront.net/logos/networks/other/unselected-dark-mode.png unselected_light_mode:https://d36rlb2fgh8cjd.cloudfront.net/logos/networks/other/unselected-light-mode.png] name_slug:other-01109d08-7513-4ddd-8990-6799d11004b8 network_id:01109d08-7513-4ddd-8990-6799d11004b8 platform:other platform_type:other type:network_platform_source updated_at:1.559112773e+09],23bbf776-319b-4b52-a5ba-70663affdacd,2025-12-05 10:44:21,where-did-you,75184478,selection,,,
36fe4361-a182-4992-a439-5bfa03124ddc,75184478,0,map[app_bundle_id:<nil> app_download_link:<nil> app_link:<nil> app_name:Unofficial country:us created_at:1.559112773e+09 display_name:Unofficial external_id:tvtime-unofficial external_source_type:<nil> full_logo_url:<nil> is_cascaded:false logo_color:#777777 logo_name:* logo_url:<nil> logos:map[selected_dark_mode:https://d36rlb2fgh8cjd.cloudfront.net/logos/networks/unofficial/selected-dark-mode.png selected_light_mode:https://d36rlb2fgh8cjd.cloudfront.net/logos/networks/unofficial/selected-light-mode.png unselected_dark_mode:https://d36rlb2fgh8cjd.cloudfront.net/logos/networks/unofficial/unselected-dark-mode.png unselected_light_mode:https://d36rlb2fgh8cjd.cloudfront.net/logos/networks/unofficial/unselected-light-mode.png] name_slug:unofficial-5dea16e9-fe85-4c85-83a1-b3ba4dc14a30 network_id:5dea16e9-fe85-4c85-83a1-b3ba4dc14a30 platform:unofficial platform_type:unofficial type:network_platform_source updated_at:1.559112773e+09],58d58323-23ff-4da1-a65b-3df2d8cbdfff,2025-10-02 12:35:10,where-did-you,75184478,selection,,,
74796,75184478,1968651,map[app_bundle_id:<nil> app_download_link:<nil> app_link:<nil> app_name:Unofficial country:us created_at:1.559112773e+09 display_name:Unofficial external_id:tvtime-unofficial external_source_type:<nil> full_logo_url:<nil> is_cascaded:false logo_color:#777777 logo_name:* logo_url:<nil> logos:map[selected_dark_mode:https://d36rlb2fgh8cjd.cloudfront.net/logos/networks/unofficial/selected-dark-mode.png selected_light_mode:https://d36rlb2fgh8cjd.cloudfront.net/logos/networks/unofficial/selected-light-mode.png unselected_dark_mode:https://d36rlb2fgh8cjd.cloudfront.net/logos/networks/unofficial/unselected-dark-mode.png unselected_light_mode:https://d36rlb2fgh8cjd.cloudfront.net/logos/networks/unofficial/unselected-light-mode.png] name_slug:unofficial-5dea16e9-fe85-4c85-83a1-b3ba4dc14a30 network_id:5dea16e9-fe85-4c85-83a1-b3ba4dc14a30 platform:unofficial platform_type:unofficial type:network_platform_source updated_at:1.559112773e+09],c1af1e82-751d-4ec2-b3c0-f91520780d6a,2024-10-29 12:39:48,where-did-you,1968651-75184478,selection,Bleach,14,7
bf03441b-9c3a-44fa-87e6-82409cf21b08,75184478,0,map[app_bundle_id:<nil> app_download_link:<nil> app_link:<nil> app_name:Unofficial country:us created_at:1.559112773e+09 display_name:Unofficial external_id:tvtime-unofficial external_source_type:<nil> full_logo_url:<nil> is_cascaded:false logo_color:#777777 logo_name:* logo_url:<nil> logos:map[selected_dark_mode:https://d36rlb2fgh8cjd.cloudfront.net/logos/networks/unofficial/selected-dark-mode.png selected_light_mode:https://d36rlb2fgh8cjd.cloudfront.net/logos/networks/unofficial/selected-light-mode.png unselected_dark_mode:https://d36rlb2fgh8cjd.cloudfront.net/logos/networks/unofficial/unselected-dark-mode.png unselected_light_mode:https://d36rlb2fgh8cjd.cloudfront.net/logos/networks/unofficial/unselected-light-mode.png] name_slug:unofficial-5dea16e9-fe85-4c85-83a1-b3ba4dc14a30 network_id:5dea16e9-fe85-4c85-83a1-b3ba4dc14a30 platform:unofficial platform_type:unofficial type:network_platform_source updated_at:1.559112773e+09],cd46153b-eff6-45df-96d8-ab73191bfbe4,2025-12-18 15:13:44,where-did-you,75184478,selection,,,
443377,75184478,10535664,map[app_bundle_id:<nil> app_download_link:<nil> app_link:<nil> app_name:Unofficial country:us created_at:1.559112773e+09 display_name:Unofficial external_id:tvtime-unofficial external_source_type:<nil> full_logo_url:<nil> is_cascaded:false logo_color:#777777 logo_name:* logo_url:<nil> logos:map[selected_dark_mode:https://d36rlb2fgh8cjd.cloudfront.net/logos/networks/unofficial/selected-dark-mode.png selected_light_mode:https://d36rlb2fgh8cjd.cloudfront.net/logos/networks/unofficial/selected-light-mode.png unselected_dark_mode:https://d36rlb2fgh8cjd.cloudfront.net/logos/networks/unofficial/unselected-dark-mode.png unselected_light_mode:https://d36rlb2fgh8cjd.cloudfront.net/logos/networks/unofficial/unselected-light-mode.png] name_slug:unofficial-5dea16e9-fe85-4c85-83a1-b3ba4dc14a30 network_id:5dea16e9-fe85-4c85-83a1-b3ba4dc14a30 platform:unofficial platform_type:unofficial type:network_platform_source updated_at:1.559112773e+09],4d080222-ee5d-4ceb-9a55-89aec31d3c31,2024-10-03 08:15:38,where-did-you,10535664-75184478,selection,Makeine: Too Many Losing Heroines!,1,7
740cd424-dcea-4786-befb-9c6e27caa128,75184478,0,map[app_bundle_id:<nil> app_download_link:<nil> app_link:<nil> app_name:Unofficial country:us created_at:1.559112773e+09 display_name:Unofficial external_id:tvtime-unofficial external_source_type:<nil> full_logo_url:<nil> is_cascaded:false logo_color:#777777 logo_name:* logo_url:<nil> logos:map[selected_dark_mode:https://d36rlb2fgh8cjd.cloudfront.net/logos/networks/unofficial/selected-dark-mode.png selected_light_mode:https://d36rlb2fgh8cjd.cloudfront.net/logos/networks/unofficial/selected-light-mode.png unselected_dark_mode:https://d36rlb2fgh8cjd.cloudfront.net/logos/networks/unofficial/unselected-dark-mode.png unselected_light_mode:https://d36rlb2fgh8cjd.cloudfront.net/logos/networks/unofficial/unselected-light-mode.png] name_slug:unofficial-5dea16e9-fe85-4c85-83a1-b3ba4dc14a30 network_id:5dea16e9-fe85-4c85-83a1-b3ba4dc14a30 platform:unofficial platform_type:unofficial type:network_platform_source updated_at:1.559112773e+09],30d518f7-34d4-4687-befc-cfaaffc0bbdf,2024-11-05 03:05:36,where-did-you,75184478,selection,,,
00cdb21e-0bab-4112-9515-b2f4c0e5be6c,75184478,0,map[app_bundle_id:<nil> app_download_link:<nil> app_link:<nil> app_name:Unofficial country:us created_at:1.559112773e+09 display_name:Unofficial external_id:tvtime-unofficial external_source_type:<nil> full_logo_url:<nil> is_cascaded:false logo_color:#777777 logo_name:* logo_url:<nil> logos:map[selected_dark_mode:https://d36rlb2fgh8cjd.cloudfront.net/logos/networks/unofficial/selected-dark-mode.png selected_light_mode:https://d36rlb2fgh8cjd.cloudfront.net/logos/networks/unofficial/selected-light-mode.png unselected_dark_mode:https://d36rlb2fgh8cjd.cloudfront.net/logos/networks/unofficial/unselected-dark-mode.png unselected_light_mode:https://d36rlb2fgh8cjd.cloudfront.net/logos/networks/unofficial/unselected-light-mode.png] name_slug:unofficial-5dea16e9-fe85-4c85-83a1-b3ba4dc14a30 network_id:5dea16e9-fe85-4c85-83a1-b3ba4dc14a30 platform:unofficial platform_type:unofficial type:network_platform_source updated_at:1.559112773e+09],e74d2f34-c221-42f2-a309-be7cafbf9fb1,2025-09-06 07:47:22,where-did-you,75184478,selection,,,
e1b3f62f-9101-47c3-8632-db2f386bba37,75184478,0,map[app_bundle_id:<nil> app_download_link:<nil> app_link:<nil> app_name:Unofficial country:us created_at:1.559112773e+09 display_name:Unofficial external_id:tvtime-unofficial external_source_type:<nil> full_logo_url:<nil> is_cascaded:false logo_color:#777777 logo_name:* logo_url:<nil> logos:map[selected_dark_mode:https://d36rlb2fgh8cjd.cloudfront.net/logos/networks/unofficial/selected-dark-mode.png selected_light_mode:https://d36rlb2fgh8cjd.cloudfront.net/logos/networks/unofficial/selected-light-mode.png unselected_dark_mode:https://d36rlb2fgh8cjd.cloudfront.net/logos/networks/unofficial/unselected-dark-mode.png unselected_light_mode:https://d36rlb2fgh8cjd.cloudfront.net/logos/networks/unofficial/unselected-light-mode.png] name_slug:unofficial-5dea16e9-fe85-4c85-83a1-b3ba4dc14a30 network_id:5dea16e9-fe85-4c85-83a1-b3ba4dc14a30 platform:unofficial platform_type:unofficial type:network_platform_source updated_at:1.559112773e+09],59c5693d-3740-45b9-a627-bc8335612eb3,2025-03-15 08:30:53,where-did-you,75184478,selection,,,
f613977b-515b-44af-b9ce-1936d42db749,75184478,0,map[app_bundle_id:<nil> app_download_link:<nil> app_link:<nil> app_name:Unofficial country:us created_at:1.559112773e+09 display_name:Unofficial external_id:tvtime-unofficial external_source_type:<nil> is_cascaded:false logo_color:#777777 logo_name:* logo_url:<nil> logos:map[selected_dark_mode:https://d36rlb2fgh8cjd.cloudfront.net/logos/networks/unofficial/selected-dark-mode.png selected_light_mode:https://d36rlb2fgh8cjd.cloudfront.net/logos/networks/unofficial/selected-light-mode.png unselected_dark_mode:https://d36rlb2fgh8cjd.cloudfront.net/logos/networks/unofficial/unselected-dark-mode.png unselected_light_mode:https://d36rlb2fgh8cjd.cloudfront.net/logos/networks/unofficial/unselected-light-mode.png] name_slug:unofficial-5dea16e9-fe85-4c85-83a1-b3ba4dc14a30 network_id:5dea16e9-fe85-4c85-83a1-b3ba4dc14a30 platform:unofficial platform_type:unofficial type:network_platform_source updated_at:1.559112773e+09],368fa646-25cb-4e62-8616-45280dd0245a,2024-01-06 07:59:23,where-did-you,75184478,selection,,,
5edb6395-fd81-42d4-ac3a-02b7a9ef073f,75184478,0,map[app_bundle_id:<nil> app_download_link:<nil> app_link:<nil> app_name:Unofficial country:us created_at:1.559112773e+09 display_name:Unofficial external_id:tvtime-unofficial external_source_type:<nil> full_logo_url:<nil> is_cascaded:false logo_color:#777777 logo_name:* logo_url:<nil> logos:map[selected_dark_mode:https://d36rlb2fgh8cjd.cloudfront.net/logos/networks/unofficial/selected-dark-mode.png selected_light_mode:https://d36rlb2fgh8cjd.cloudfront.net/logos/networks/unofficial/selected-light-mode.png unselected_dark_mode:https://d36rlb2fgh8cjd.cloudfront.net/logos/networks/unofficial/unselected-dark-mode.png unselected_light_mode:https://d36rlb2fgh8cjd.cloudfront.net/logos/networks/unofficial/unselected-light-mode.png] name_slug:unofficial-5dea16e9-fe85-4c85-83a1-b3ba4dc14a30 network_id:5dea16e9-fe85-4c85-83a1-b3ba4dc14a30 platform:unofficial platform_type:unofficial type:network_platform_source updated_at:1.559112773e+09],32bc68d9-364f-4c68-a7bc-01d7a9219b4d,2025-05-02 15:50:05,where-did-you,75184478,selection,,,
334824,75184478,7605172,map[app_bundle_id:<nil> app_download_link:<nil> app_link:<nil> app_name:Unofficial country:us created_at:1.559112773e+09 display_name:Unofficial external_id:tvtime-unofficial external_source_type:<nil> full_logo_url:<nil> is_cascaded:false logo_color:#777777 logo_name:* logo_url:<nil> logos:map[selected_dark_mode:https://d36rlb2fgh8cjd.cloudfront.net/logos/networks/unofficial/selected-dark-mode.png selected_light_mode:https://d36rlb2fgh8cjd.cloudfront.net/logos/networks/unofficial/selected-light-mode.png unselected_dark_mode:https://d36rlb2fgh8cjd.cloudfront.net/logos/networks/unofficial/unselected-dark-mode.png unselected_light_mode:https://d36rlb2fgh8cjd.cloudfront.net/logos/networks/unofficial/unselected-light-mode.png] name_slug:unofficial-5dea16e9-fe85-4c85-83a1-b3ba4dc14a30 network_id:5dea16e9-fe85-4c85-83a1-b3ba4dc14a30 platform:unofficial platform_type:unofficial type:network_platform_source updated_at:1.559112773e+09],28b64a9a-5262-4e5d-930c-443d9b591920,2024-10-12 11:12:14,where-did-you,7605172-75184478,selection,Dark,3,1
b32c8392-93c0-4306-90c1-0c36f554fdc0,75184478,0,map[app_bundle_id:<nil> app_download_link:<nil> app_link:<nil> app_name:Unofficial country:us created_at:1.559112773e+09 display_name:Unofficial external_id:tvtime-unofficial external_source_type:<nil> full_logo_url:<nil> is_cascaded:false logo_color:#777777 logo_name:* logo_url:<nil> logos:map[selected_dark_mode:https://d36rlb2fgh8cjd.cloudfront.net/logos/networks/unofficial/selected-dark-mode.png selected_light_mode:https://d36rlb2fgh8cjd.cloudfront.net/logos/networks/unofficial/selected-light-mode.png unselected_dark_mode:https://d36rlb2fgh8cjd.cloudfront.net/logos/networks/unofficial/unselected-dark-mode.png unselected_light_mode:https://d36rlb2fgh8cjd.cloudfront.net/logos/networks/unofficial/unselected-light-mode.png] name_slug:unofficial-5dea16e9-fe85-4c85-83a1-b3ba4dc14a30 network_id:5dea16e9-fe85-4c85-83a1-b3ba4dc14a30 platform:unofficial platform_type:unofficial type:network_platform_source updated_at:1.559112773e+09],243a21f2-a913-46a1-ad0e-0b9cf4abef76,2025-12-13 16:41:43,where-did-you,75184478,selection,,,
455086,75184478,10725046,map[app_bundle_id:<nil> app_download_link:<nil> app_link:<nil> app_name:Unofficial country:us created_at:1.559112773e+09 display_name:Unofficial external_id:tvtime-unofficial external_source_type:<nil> full_logo_url:<nil> is_cascaded:false logo_color:#777777 logo_name:* logo_url:<nil> logos:map[selected_dark_mode:https://d36rlb2fgh8cjd.cloudfront.net/logos/networks/unofficial/selected-dark-mode.png selected_light_mode:https://d36rlb2fgh8cjd.cloudfront.net/logos/networks/unofficial/selected-light-mode.png unselected_dark_mode:https://d36rlb2fgh8cjd.cloudfront.net/logos/networks/unofficial/unselected-dark-mode.png unselected_light_mode:https://d36rlb2fgh8cjd.cloudfront.net/logos/networks/unofficial/unselected-light-mode.png] name_slug:unofficial-5dea16e9-fe85-4c85-83a1-b3ba4dc14a30 network_id:5dea16e9-fe85-4c85-83a1-b3ba4dc14a30 platform:unofficial platform_type:unofficial type:network_platform_source updated_at:1.559112773e+09],15a2a34a-bb5f-41d1-8ae8-6e8e01cc1966,2026-05-18 11:00:39,where-did-you,10725046-75184478,selection,Off Campus,1,1
74796,75184478,9813955,map[app_bundle_id:<nil> app_download_link:<nil> app_link:<nil> app_name:Unofficial country:us created_at:1.559112773e+09 display_name:Unofficial external_id:tvtime-unofficial external_source_type:<nil> full_logo_url:<nil> is_cascaded:false logo_color:#777777 logo_name:* logo_url:<nil> logos:map[selected_dark_mode:https://d36rlb2fgh8cjd.cloudfront.net/logos/networks/unofficial/selected-dark-mode.png selected_light_mode:https://d36rlb2fgh8cjd.cloudfront.net/logos/networks/unofficial/selected-light-mode.png unselected_dark_mode:https://d36rlb2fgh8cjd.cloudfront.net/logos/networks/unofficial/unselected-dark-mode.png unselected_light_mode:https://d36rlb2fgh8cjd.cloudfront.net/logos/networks/unofficial/unselected-light-mode.png] name_slug:unofficial-5dea16e9-fe85-4c85-83a1-b3ba4dc14a30 network_id:5dea16e9-fe85-4c85-83a1-b3ba4dc14a30 platform:unofficial platform_type:unofficial type:network_platform_source updated_at:1.559112773e+09],5dba6548-f4e1-452e-9a1d-33c3c48fd574,2024-11-06 18:30:40,where-did-you,9813955-75184478,selection,Bleach,17,14
b7c658cc-d561-4129-9b68-ddddc50547c7,75184478,0,map[app_bundle_id:<nil> app_download_link:<nil> app_link:<nil> app_name:Other country:GB created_at:1.559112773e+09 display_name:Other external_id:tvtime-other-GB external_source_type:<nil> full_logo_url:<nil> is_cascaded:false logo_color:#777777 logo_name:* logo_url:<nil> logos:map[selected_dark_mode:https://d36rlb2fgh8cjd.cloudfront.net/logos/networks/other/selected-dark-mode.png selected_light_mode:https://d36rlb2fgh8cjd.cloudfront.net/logos/networks/other/selected-light-mode.png unselected_dark_mode:https://d36rlb2fgh8cjd.cloudfront.net/logos/networks/other/unselected-dark-mode.png unselected_light_mode:https://d36rlb2fgh8cjd.cloudfront.net/logos/networks/other/unselected-light-mode.png] name_slug:other-01109d08-7513-4ddd-8990-6799d11004b8 network_id:01109d08-7513-4ddd-8990-6799d11004b8 platform:other platform_type:other type:network_platform_source updated_at:1.559112773e+09],9ce207d0-35ec-44b8-bac5-8d1938b44137,2024-11-13 06:51:05,where-did-you,75184478,selection,,,
73752,75184478,127399,map[app_bundle_id:<nil> app_download_link:<nil> app_link:<nil> app_name:Unofficial country:us created_at:1.559112773e+09 display_name:Unofficial external_id:tvtime-unofficial external_source_type:<nil> full_logo_url:<nil> is_cascaded:false logo_color:#777777 logo_name:* logo_url:<nil> logos:map[selected_dark_mode:https://d36rlb2fgh8cjd.cloudfront.net/logos/networks/unofficial/selected-dark-mode.png selected_light_mode:https://d36rlb2fgh8cjd.cloudfront.net/logos/networks/unofficial/selected-light-mode.png unselected_dark_mode:https://d36rlb2fgh8cjd.cloudfront.net/logos/networks/unofficial/unselected-dark-mode.png unselected_light_mode:https://d36rlb2fgh8cjd.cloudfront.net/logos/networks/unofficial/unselected-light-mode.png] name_slug:unofficial-5dea16e9-fe85-4c85-83a1-b3ba4dc14a30 network_id:5dea16e9-fe85-4c85-83a1-b3ba4dc14a30 platform:unofficial platform_type:unofficial type:network_platform_source updated_at:1.559112773e+09],b911d1f4-fc1f-42d6-8473-b607a33eb83a,2024-11-05 11:28:11,where-did-you,127399-75184478,selection,Berserk,1,4
305089,75184478,10669103,map[app_bundle_id:<nil> app_download_link:<nil> app_link:<nil> app_name:Unofficial country:us created_at:1.559112773e+09 display_name:Unofficial external_id:tvtime-unofficial external_source_type:<nil> full_logo_url:<nil> is_cascaded:false logo_color:#777777 logo_name:* logo_url:<nil> logos:map[selected_dark_mode:https://d36rlb2fgh8cjd.cloudfront.net/logos/networks/unofficial/selected-dark-mode.png selected_light_mode:https://d36rlb2fgh8cjd.cloudfront.net/logos/networks/unofficial/selected-light-mode.png unselected_dark_mode:https://d36rlb2fgh8cjd.cloudfront.net/logos/networks/unofficial/unselected-dark-mode.png unselected_light_mode:https://d36rlb2fgh8cjd.cloudfront.net/logos/networks/unofficial/unselected-light-mode.png] name_slug:unofficial-5dea16e9-fe85-4c85-83a1-b3ba4dc14a30 network_id:5dea16e9-fe85-4c85-83a1-b3ba4dc14a30 platform:unofficial platform_type:unofficial type:network_platform_source updated_at:1.559112773e+09],bc25dbfa-9c97-40fb-9481-a8eacc129a84,2024-12-25 12:41:14,where-did-you,10669103-75184478,selection,"Re: ZERO, Starting Life in Another World",3,5
3ec752c2-6673-43b0-8c3d-d093895984e2,75184478,0,map[app_bundle_id:<nil> app_download_link:<nil> app_link:<nil> app_name:Unofficial country:us created_at:1.559112773e+09 display_name:Unofficial external_id:tvtime-unofficial external_source_type:<nil> full_logo_url:<nil> is_cascaded:false logo_color:#777777 logo_name:* logo_url:<nil> logos:map[selected_dark_mode:https://d36rlb2fgh8cjd.cloudfront.net/logos/networks/unofficial/selected-dark-mode.png selected_light_mode:https://d36rlb2fgh8cjd.cloudfront.net/logos/networks/unofficial/selected-light-mode.png unselected_dark_mode:https://d36rlb2fgh8cjd.cloudfront.net/logos/networks/unofficial/unselected-dark-mode.png unselected_light_mode:https://d36rlb2fgh8cjd.cloudfront.net/logos/networks/unofficial/unselected-light-mode.png] name_slug:unofficial-5dea16e9-fe85-4c85-83a1-b3ba4dc14a30 network_id:5dea16e9-fe85-4c85-83a1-b3ba4dc14a30 platform:unofficial platform_type:unofficial type:network_platform_source updated_at:1.559112773e+09],ca014155-7aac-4e08-bfdb-ebaaaba72d32,2026-06-06 14:45:09,where-did-you,75184478,selection,,,
8fad2f48-5f4c-4705-9159-839dc0edccd7,75184478,0,map[app_bundle_id:<nil> app_download_link:<nil> app_link:<nil> app_name:Unofficial country:us created_at:1.559112773e+09 display_name:Unofficial external_id:tvtime-unofficial external_source_type:<nil> full_logo_url:<nil> is_cascaded:false logo_color:#777777 logo_name:* logo_url:<nil> logos:map[selected_dark_mode:https://d36rlb2fgh8cjd.cloudfront.net/logos/networks/unofficial/selected-dark-mode.png selected_light_mode:https://d36rlb2fgh8cjd.cloudfront.net/logos/networks/unofficial/selected-light-mode.png unselected_dark_mode:https://d36rlb2fgh8cjd.cloudfront.net/logos/networks/unofficial/unselected-dark-mode.png unselected_light_mode:https://d36rlb2fgh8cjd.cloudfront.net/logos/networks/unofficial/unselected-light-mode.png] name_slug:unofficial-5dea16e9-fe85-4c85-83a1-b3ba4dc14a30 network_id:5dea16e9-fe85-4c85-83a1-b3ba4dc14a30 platform:unofficial platform_type:unofficial type:network_platform_source updated_at:1.559112773e+09],6be89fea-a1ca-4e80-b571-c0063e613800,2025-12-14 10:41:38,where-did-you,75184478,selection,,,
335815,75184478,10713847,map[app_bundle_id:<nil> app_download_link:<nil> app_link:<nil> app_name:Unofficial country:us created_at:1.559112773e+09 display_name:Unofficial external_id:tvtime-unofficial external_source_type:<nil> full_logo_url:<nil> is_cascaded:false logo_color:#777777 logo_name:* logo_url:<nil> logos:map[selected_dark_mode:https://d36rlb2fgh8cjd.cloudfront.net/logos/networks/unofficial/selected-dark-mode.png selected_light_mode:https://d36rlb2fgh8cjd.cloudfront.net/logos/networks/unofficial/selected-light-mode.png unselected_dark_mode:https://d36rlb2fgh8cjd.cloudfront.net/logos/networks/unofficial/unselected-dark-mode.png unselected_light_mode:https://d36rlb2fgh8cjd.cloudfront.net/logos/networks/unofficial/unselected-light-mode.png] name_slug:unofficial-5dea16e9-fe85-4c85-83a1-b3ba4dc14a30 network_id:5dea16e9-fe85-4c85-83a1-b3ba4dc14a30 platform:unofficial platform_type:unofficial type:network_platform_source updated_at:1.559112773e+09],134ed62d-4c2e-4a81-9891-38e4f9e6dfa1,2024-11-09 17:33:53,where-did-you,10713847-75184478,selection,Sword Art Online Alternative: Gun Gale Online,2,2
289882,75184478,5156002,map[app_bundle_id:<nil> app_download_link:<nil> app_link:<nil> app_name:Unofficial country:us created_at:1.559112773e+09 display_name:Unofficial external_id:tvtime-unofficial external_source_type:<nil> full_logo_url:<nil> is_cascaded:false logo_color:#777777 logo_name:* logo_url:<nil> logos:map[selected_dark_mode:https://d36rlb2fgh8cjd.cloudfront.net/logos/networks/unofficial/selected-dark-mode.png selected_light_mode:https://d36rlb2fgh8cjd.cloudfront.net/logos/networks/unofficial/selected-light-mode.png unselected_dark_mode:https://d36rlb2fgh8cjd.cloudfront.net/logos/networks/unofficial/unselected-dark-mode.png unselected_light_mode:https://d36rlb2fgh8cjd.cloudfront.net/logos/networks/unofficial/unselected-light-mode.png] name_slug:unofficial-5dea16e9-fe85-4c85-83a1-b3ba4dc14a30 network_id:5dea16e9-fe85-4c85-83a1-b3ba4dc14a30 platform:unofficial platform_type:unofficial type:network_platform_source updated_at:1.559112773e+09],75276f91-6333-4916-9958-81d142df8ed1,2024-11-14 11:00:42,where-did-you,5156002-75184478,selection,Is It Wrong to Try to Pick Up Girls in a Dungeon?,1,1
7729c8d5-288f-4ab2-aea2-315e8327d16b,75184478,0,map[app_bundle_id:<nil> app_download_link:<nil> app_link:<nil> app_name:Unofficial country:us created_at:1.559112773e+09 display_name:Unofficial external_id:tvtime-unofficial external_source_type:<nil> full_logo_url:<nil> is_cascaded:false logo_color:#777777 logo_name:* logo_url:<nil> logos:map[selected_dark_mode:https://d36rlb2fgh8cjd.cloudfront.net/logos/networks/unofficial/selected-dark-mode.png selected_light_mode:https://d36rlb2fgh8cjd.cloudfront.net/logos/networks/unofficial/selected-light-mode.png unselected_dark_mode:https://d36rlb2fgh8cjd.cloudfront.net/logos/networks/unofficial/unselected-dark-mode.png unselected_light_mode:https://d36rlb2fgh8cjd.cloudfront.net/logos/networks/unofficial/unselected-light-mode.png] name_slug:unofficial-5dea16e9-fe85-4c85-83a1-b3ba4dc14a30 network_id:5dea16e9-fe85-4c85-83a1-b3ba4dc14a30 platform:unofficial platform_type:unofficial type:network_platform_source updated_at:1.559112773e+09],95bafdc7-c089-47a9-a813-bb49564542b6,2025-12-05 10:43:06,where-did-you,75184478,selection,,,
443377,75184478,10535666,map[app_bundle_id:<nil> app_download_link:<nil> app_link:<nil> app_name:Unofficial country:us created_at:1.559112773e+09 display_name:Unofficial external_id:tvtime-unofficial external_source_type:<nil> full_logo_url:<nil> is_cascaded:false logo_color:#777777 logo_name:* logo_url:<nil> logos:map[selected_dark_mode:https://d36rlb2fgh8cjd.cloudfront.net/logos/networks/unofficial/selected-dark-mode.png selected_light_mode:https://d36rlb2fgh8cjd.cloudfront.net/logos/networks/unofficial/selected-light-mode.png unselected_dark_mode:https://d36rlb2fgh8cjd.cloudfront.net/logos/networks/unofficial/unselected-dark-mode.png unselected_light_mode:https://d36rlb2fgh8cjd.cloudfront.net/logos/networks/unofficial/unselected-light-mode.png] name_slug:unofficial-5dea16e9-fe85-4c85-83a1-b3ba4dc14a30 network_id:5dea16e9-fe85-4c85-83a1-b3ba4dc14a30 platform:unofficial platform_type:unofficial type:network_platform_source updated_at:1.559112773e+09],9d51f105-7408-4f42-acd8-5f09ac5d53bf,2024-10-10 16:13:30,where-did-you,10535666-75184478,selection,Makeine: Too Many Losing Heroines!,1,9
86130b93-8d67-420c-bd24-b2fb4c4f4bb2,75184478,0,map[app_bundle_id:<nil> app_download_link:<nil> app_link:<nil> app_name:Unofficial country:us created_at:1.559112773e+09 display_name:Unofficial external_id:tvtime-unofficial external_source_type:<nil> full_logo_url:<nil> is_cascaded:false logo_color:#777777 logo_name:* logo_url:<nil> logos:map[selected_dark_mode:https://d36rlb2fgh8cjd.cloudfront.net/logos/networks/unofficial/selected-dark-mode.png selected_light_mode:https://d36rlb2fgh8cjd.cloudfront.net/logos/networks/unofficial/selected-light-mode.png unselected_dark_mode:https://d36rlb2fgh8cjd.cloudfront.net/logos/networks/unofficial/unselected-dark-mode.png unselected_light_mode:https://d36rlb2fgh8cjd.cloudfront.net/logos/networks/unofficial/unselected-light-mode.png] name_slug:unofficial-5dea16e9-fe85-4c85-83a1-b3ba4dc14a30 network_id:5dea16e9-fe85-4c85-83a1-b3ba4dc14a30 platform:unofficial platform_type:unofficial type:network_platform_source updated_at:1.559112773e+09],8f9214c1-2b35-4e4f-85b6-33be401f3140,2025-01-26 11:36:59,where-did-you,75184478,selection,,,
beb89e4a-c44b-4865-b9ac-69ce94899e63,75184478,0,map[app_bundle_id:<nil> app_download_link:<nil> app_link:<nil> app_name:Other country:GB created_at:1.559112773e+09 display_name:Other external_id:tvtime-other-GB external_source_type:<nil> full_logo_url:<nil> is_cascaded:false logo_color:#777777 logo_name:* logo_url:<nil> logos:map[selected_dark_mode:https://d36rlb2fgh8cjd.cloudfront.net/logos/networks/other/selected-dark-mode.png selected_light_mode:https://d36rlb2fgh8cjd.cloudfront.net/logos/networks/other/selected-light-mode.png unselected_dark_mode:https://d36rlb2fgh8cjd.cloudfront.net/logos/networks/other/unselected-dark-mode.png unselected_light_mode:https://d36rlb2fgh8cjd.cloudfront.net/logos/networks/other/unselected-light-mode.png] name_slug:other-01109d08-7513-4ddd-8990-6799d11004b8 network_id:01109d08-7513-4ddd-8990-6799d11004b8 platform:other platform_type:other type:network_platform_source updated_at:1.559112773e+09],9041ff34-d7f2-490e-a1f6-8def3e76ecfb,2025-05-15 17:25:16,where-did-you,75184478,selection,,,
408629,75184478,10559626,map[app_bundle_id:<nil> app_download_link:<nil> app_link:<nil> app_name:Unofficial country:us created_at:1.559112773e+09 display_name:Unofficial external_id:tvtime-unofficial external_source_type:<nil> full_logo_url:<nil> is_cascaded:false logo_color:#777777 logo_name:* logo_url:<nil> logos:map[selected_dark_mode:https://d36rlb2fgh8cjd.cloudfront.net/logos/networks/unofficial/selected-dark-mode.png selected_light_mode:https://d36rlb2fgh8cjd.cloudfront.net/logos/networks/unofficial/selected-light-mode.png unselected_dark_mode:https://d36rlb2fgh8cjd.cloudfront.net/logos/networks/unofficial/unselected-dark-mode.png unselected_light_mode:https://d36rlb2fgh8cjd.cloudfront.net/logos/networks/unofficial/unselected-light-mode.png] name_slug:unofficial-5dea16e9-fe85-4c85-83a1-b3ba4dc14a30 network_id:5dea16e9-fe85-4c85-83a1-b3ba4dc14a30 platform:unofficial platform_type:unofficial type:network_platform_source updated_at:1.559112773e+09],a97e4572-de47-480d-b2e9-0554a4486de2,2024-10-27 18:54:47,where-did-you,10559626-75184478,selection,BLUE LOCK,2,2
95edf60a-bbc8-455e-9107-c70df4a51561,75184478,0,map[app_bundle_id:<nil> app_download_link:<nil> app_link:<nil> app_name:Unofficial country:us created_at:1.559112773e+09 display_name:Unofficial external_id:tvtime-unofficial external_source_type:<nil> full_logo_url:<nil> is_cascaded:false logo_color:#777777 logo_name:* logo_url:<nil> logos:map[selected_dark_mode:https://d36rlb2fgh8cjd.cloudfront.net/logos/networks/unofficial/selected-dark-mode.png selected_light_mode:https://d36rlb2fgh8cjd.cloudfront.net/logos/networks/unofficial/selected-light-mode.png unselected_dark_mode:https://d36rlb2fgh8cjd.cloudfront.net/logos/networks/unofficial/unselected-dark-mode.png unselected_light_mode:https://d36rlb2fgh8cjd.cloudfront.net/logos/networks/unofficial/unselected-light-mode.png] name_slug:unofficial-5dea16e9-fe85-4c85-83a1-b3ba4dc14a30 network_id:5dea16e9-fe85-4c85-83a1-b3ba4dc14a30 platform:unofficial platform_type:unofficial type:network_platform_source updated_at:1.559112773e+09],31c6bdaf-f2c7-4676-997f-fe1947c9d10d,2024-12-06 13:39:36,where-did-you,75184478,selection,,,
305e9f34-bbed-40e1-b865-51da5ef36203,75184478,0,map[app_bundle_id:<nil> app_download_link:<nil> app_link:<nil> app_name:Unofficial country:us created_at:1.559112773e+09 display_name:Unofficial external_id:tvtime-unofficial external_source_type:<nil> full_logo_url:<nil> is_cascaded:false logo_color:#777777 logo_name:* logo_url:<nil> logos:map[selected_dark_mode:https://d36rlb2fgh8cjd.cloudfront.net/logos/networks/unofficial/selected-dark-mode.png selected_light_mode:https://d36rlb2fgh8cjd.cloudfront.net/logos/networks/unofficial/selected-light-mode.png unselected_dark_mode:https://d36rlb2fgh8cjd.cloudfront.net/logos/networks/unofficial/unselected-dark-mode.png unselected_light_mode:https://d36rlb2fgh8cjd.cloudfront.net/logos/networks/unofficial/unselected-light-mode.png] name_slug:unofficial-5dea16e9-fe85-4c85-83a1-b3ba4dc14a30 network_id:5dea16e9-fe85-4c85-83a1-b3ba4dc14a30 platform:unofficial platform_type:unofficial type:network_platform_source updated_at:1.559112773e+09],c5c29264-6ce7-419d-bf7a-27f1a200b488,2026-06-06 14:44:49,where-did-you,75184478,selection,,,
c7033356-154d-4aa8-a0bc-d41e800d0092,75184478,0,map[app_bundle_id:<nil> app_download_link:<nil> app_link:<nil> app_name:Unofficial country:us created_at:1.559112773e+09 display_name:Unofficial external_id:tvtime-unofficial external_source_type:<nil> full_logo_url:<nil> is_cascaded:false logo_color:#777777 logo_name:* logo_url:<nil> logos:map[selected_dark_mode:https://d36rlb2fgh8cjd.cloudfront.net/logos/networks/unofficial/selected-dark-mode.png selected_light_mode:https://d36rlb2fgh8cjd.cloudfront.net/logos/networks/unofficial/selected-light-mode.png unselected_dark_mode:https://d36rlb2fgh8cjd.cloudfront.net/logos/networks/unofficial/unselected-dark-mode.png unselected_light_mode:https://d36rlb2fgh8cjd.cloudfront.net/logos/networks/unofficial/unselected-light-mode.png] name_slug:unofficial-5dea16e9-fe85-4c85-83a1-b3ba4dc14a30 network_id:5dea16e9-fe85-4c85-83a1-b3ba4dc14a30 platform:unofficial platform_type:unofficial type:network_platform_source updated_at:1.559112773e+09],756a3372-7835-4131-96d1-281f3811bcd3,2024-05-25 11:09:05,where-did-you,75184478,selection,,,
537fb138-db2e-43e1-8878-fd8753cb564c,75184478,0,map[app_bundle_id:<nil> app_download_link:<nil> app_link:<nil> app_name:Unofficial country:us created_at:1.559112773e+09 display_name:Unofficial external_id:tvtime-unofficial external_source_type:<nil> full_logo_url:<nil> is_cascaded:false logo_color:#777777 logo_name:* logo_url:<nil> logos:map[selected_dark_mode:https://d36rlb2fgh8cjd.cloudfront.net/logos/networks/unofficial/selected-dark-mode.png selected_light_mode:https://d36rlb2fgh8cjd.cloudfront.net/logos/networks/unofficial/selected-light-mode.png unselected_dark_mode:https://d36rlb2fgh8cjd.cloudfront.net/logos/networks/unofficial/unselected-dark-mode.png unselected_light_mode:https://d36rlb2fgh8cjd.cloudfront.net/logos/networks/unofficial/unselected-light-mode.png] name_slug:unofficial-5dea16e9-fe85-4c85-83a1-b3ba4dc14a30 network_id:5dea16e9-fe85-4c85-83a1-b3ba4dc14a30 platform:unofficial platform_type:unofficial type:network_platform_source updated_at:1.559112773e+09],0c3888d7-3cf2-4372-8304-92bafaddd852,2024-10-06 07:32:46,where-did-you,75184478,selection,,,
334824,75184478,6347559,map[app_bundle_id:<nil> app_download_link:<nil> app_link:<nil> app_name:Unofficial country:us created_at:1.559112773e+09 display_name:Unofficial external_id:tvtime-unofficial external_source_type:<nil> full_logo_url:<nil> is_cascaded:false logo_color:#777777 logo_name:* logo_url:<nil> logos:map[selected_dark_mode:https://d36rlb2fgh8cjd.cloudfront.net/logos/networks/unofficial/selected-dark-mode.png selected_light_mode:https://d36rlb2fgh8cjd.cloudfront.net/logos/networks/unofficial/selected-light-mode.png unselected_dark_mode:https://d36rlb2fgh8cjd.cloudfront.net/logos/networks/unofficial/unselected-dark-mode.png unselected_light_mode:https://d36rlb2fgh8cjd.cloudfront.net/logos/networks/unofficial/unselected-light-mode.png] name_slug:unofficial-5dea16e9-fe85-4c85-83a1-b3ba4dc14a30 network_id:5dea16e9-fe85-4c85-83a1-b3ba4dc14a30 platform:unofficial platform_type:unofficial type:network_platform_source updated_at:1.559112773e+09],9ff3e713-afff-458f-9470-217f73ff50d2,2024-09-25 13:37:46,where-did-you,6347559-75184478,selection,Dark,1,10
74796,75184478,438264,map[app_bundle_id:<nil> app_download_link:<nil> app_link:<nil> app_name:Unofficial country:us created_at:1.559112773e+09 display_name:Unofficial external_id:tvtime-unofficial external_source_type:<nil> full_logo_url:<nil> is_cascaded:false logo_color:#777777 logo_name:* logo_url:<nil> logos:map[selected_dark_mode:https://d36rlb2fgh8cjd.cloudfront.net/logos/networks/unofficial/selected-dark-mode.png selected_light_mode:https://d36rlb2fgh8cjd.cloudfront.net/logos/networks/unofficial/selected-light-mode.png unselected_dark_mode:https://d36rlb2fgh8cjd.cloudfront.net/logos/networks/unofficial/unselected-dark-mode.png unselected_light_mode:https://d36rlb2fgh8cjd.cloudfront.net/logos/networks/unofficial/unselected-light-mode.png] name_slug:unofficial-5dea16e9-fe85-4c85-83a1-b3ba4dc14a30 network_id:5dea16e9-fe85-4c85-83a1-b3ba4dc14a30 platform:unofficial platform_type:unofficial type:network_platform_source updated_at:1.559112773e+09],a6e2c626-2458-423a-9d5d-cdca83bf84db,2024-10-19 16:30:48,where-did-you,438264-75184478,selection,Bleach,11,5
62760786-25a6-4b64-8cf8-b75f0b7c9ddb,75184478,0,map[app_bundle_id:<nil> app_download_link:<nil> app_link:<nil> app_name:Other country:IN created_at:1.559112773e+09 display_name:Other external_id:tvtime-other-IN external_source_type:<nil> full_logo_url:<nil> is_cascaded:false logo_color:#777777 logo_name:* logo_url:<nil> logos:map[selected_dark_mode:https://d36rlb2fgh8cjd.cloudfront.net/logos/networks/other/selected-dark-mode.png selected_light_mode:https://d36rlb2fgh8cjd.cloudfront.net/logos/networks/other/selected-light-mode.png unselected_dark_mode:https://d36rlb2fgh8cjd.cloudfront.net/logos/networks/other/unselected-dark-mode.png unselected_light_mode:https://d36rlb2fgh8cjd.cloudfront.net/logos/networks/other/unselected-light-mode.png] name_slug:other-01109d08-7513-4ddd-8990-6799d11004b8 network_id:01109d08-7513-4ddd-8990-6799d11004b8 platform:other platform_type:other type:network_platform_source updated_at:1.559112773e+09],c34eae99-064c-47ff-92ce-bb2c3e7e75ef,2025-06-25 05:26:09,where-did-you,75184478,selection,,,
334824,75184478,6347554,map[app_bundle_id:<nil> app_download_link:<nil> app_link:<nil> app_name:Unofficial country:us created_at:1.559112773e+09 display_name:Unofficial external_id:tvtime-unofficial external_source_type:<nil> full_logo_url:<nil> is_cascaded:false logo_color:#777777 logo_name:* logo_url:<nil> logos:map[selected_dark_mode:https://d36rlb2fgh8cjd.cloudfront.net/logos/networks/unofficial/selected-dark-mode.png selected_light_mode:https://d36rlb2fgh8cjd.cloudfront.net/logos/networks/unofficial/selected-light-mode.png unselected_dark_mode:https://d36rlb2fgh8cjd.cloudfront.net/logos/networks/unofficial/unselected-dark-mode.png unselected_light_mode:https://d36rlb2fgh8cjd.cloudfront.net/logos/networks/unofficial/unselected-light-mode.png] name_slug:unofficial-5dea16e9-fe85-4c85-83a1-b3ba4dc14a30 network_id:5dea16e9-fe85-4c85-83a1-b3ba4dc14a30 platform:unofficial platform_type:unofficial type:network_platform_source updated_at:1.559112773e+09],9798e47b-37f3-4d64-8cc3-e9990c438fe1,2024-09-17 15:38:26,where-did-you,6347554-75184478,selection,Dark,1,5
352408,75184478,6843184,map[app_bundle_id:<nil> app_download_link:<nil> app_link:<nil> app_name:Unofficial country:us created_at:1.559112773e+09 display_name:Unofficial external_id:tvtime-unofficial external_source_type:<nil> full_logo_url:<nil> is_cascaded:false logo_color:#777777 logo_name:* logo_url:<nil> logos:map[selected_dark_mode:https://d36rlb2fgh8cjd.cloudfront.net/logos/networks/unofficial/selected-dark-mode.png selected_light_mode:https://d36rlb2fgh8cjd.cloudfront.net/logos/networks/unofficial/selected-light-mode.png unselected_dark_mode:https://d36rlb2fgh8cjd.cloudfront.net/logos/networks/unofficial/unselected-dark-mode.png unselected_light_mode:https://d36rlb2fgh8cjd.cloudfront.net/logos/networks/unofficial/unselected-light-mode.png] name_slug:unofficial-5dea16e9-fe85-4c85-83a1-b3ba4dc14a30 network_id:5dea16e9-fe85-4c85-83a1-b3ba4dc14a30 platform:unofficial platform_type:unofficial type:network_platform_source updated_at:1.559112773e+09],ddb939e9-c745-4afe-b51a-a445e960cc10,2024-06-26 02:01:40,where-did-you,6843184-75184478,selection,That Time I Got Reincarnated as a Slime,1,9
3f3601ce-80dc-4569-80b3-16027a061c4b,75184478,0,map[app_bundle_id:<nil> app_download_link:<nil> app_link:<nil> app_name:Other country:IN created_at:1.559112773e+09 display_name:Other external_id:tvtime-other-IN external_source_type:<nil> full_logo_url:<nil> is_cascaded:false logo_color:#777777 logo_name:* logo_url:<nil> logos:map[selected_dark_mode:https://d36rlb2fgh8cjd.cloudfront.net/logos/networks/other/selected-dark-mode.png selected_light_mode:https://d36rlb2fgh8cjd.cloudfront.net/logos/networks/other/selected-light-mode.png unselected_dark_mode:https://d36rlb2fgh8cjd.cloudfront.net/logos/networks/other/unselected-dark-mode.png unselected_light_mode:https://d36rlb2fgh8cjd.cloudfront.net/logos/networks/other/unselected-light-mode.png] name_slug:other-01109d08-7513-4ddd-8990-6799d11004b8 network_id:01109d08-7513-4ddd-8990-6799d11004b8 platform:other platform_type:other type:network_platform_source updated_at:1.559112773e+09],5b9607c2-5982-4df2-a010-4dd80454d2f7,2026-01-16 12:57:28,where-did-you,75184478,selection,,,
b09d875c-609c-4d4a-b3e2-2a5127be4a2a,75184478,0,map[app_bundle_id:in.startv.hotstaronly app_download_link:<nil> app_link:https://www.hotstar.com/gb/movies/aavesham/1271320425 app_name:Hotstar country:GB created_at:1.73555496e+09 display_name:Hotstar external_id:1dda28e0-0624-4310-a664-744baf0aab33 external_source_type:SVOD full_logo_url:<nil> is_cascaded:false logo_color:#55aa29 logo_name:H logo_url:<nil> logos:map[selected_dark_mode:https://d36rlb2fgh8cjd.cloudfront.net/logos/networks/hotstar/selected-dark-mode.png selected_light_mode:https://d36rlb2fgh8cjd.cloudfront.net/logos/networks/hotstar/selected-light-mode.png unselected_dark_mode:https://d36rlb2fgh8cjd.cloudfront.net/logos/networks/hotstar/unselected-dark-mode.png unselected_light_mode:https://d36rlb2fgh8cjd.cloudfront.net/logos/networks/hotstar/unselected-light-mode.png] name_slug:hotstar-1dda28e0-0624-4310-a664-744baf0aab33 network_id:1dda28e0-0624-4310-a664-744baf0aab33 platform:web platform_type:purchase type:network_platform_source updated_at:1.73555496e+09],cdc3eebe-f23e-4156-a9af-ea07bb72d6b6,2024-12-31 04:44:17,where-did-you,75184478,selection,,,
3d914e7d-1718-45c3-ad42-689573bc0d38,75184478,0,map[app_bundle_id:<nil> app_download_link:<nil> app_link:<nil> app_name:Unofficial country:us created_at:1.559112773e+09 display_name:Unofficial external_id:tvtime-unofficial external_source_type:<nil> full_logo_url:<nil> is_cascaded:false logo_color:#777777 logo_name:* logo_url:<nil> logos:map[selected_dark_mode:https://d36rlb2fgh8cjd.cloudfront.net/logos/networks/unofficial/selected-dark-mode.png selected_light_mode:https://d36rlb2fgh8cjd.cloudfront.net/logos/networks/unofficial/selected-light-mode.png unselected_dark_mode:https://d36rlb2fgh8cjd.cloudfront.net/logos/networks/unofficial/unselected-dark-mode.png unselected_light_mode:https://d36rlb2fgh8cjd.cloudfront.net/logos/networks/unofficial/unselected-light-mode.png] name_slug:unofficial-5dea16e9-fe85-4c85-83a1-b3ba4dc14a30 network_id:5dea16e9-fe85-4c85-83a1-b3ba4dc14a30 platform:unofficial platform_type:unofficial type:network_platform_source updated_at:1.559112773e+09],d8bb3372-4d0d-49d9-a5ac-8a5fd8bdb925,2026-01-16 12:59:07,where-did-you,75184478,selection,,,
308c6fc7-4b21-4099-906d-ebfa6feb9192,75184478,0,map[app_bundle_id:<nil> app_download_link:<nil> app_link:<nil> app_name:Unofficial country:us created_at:1.559112773e+09 display_name:Unofficial external_id:tvtime-unofficial external_source_type:<nil> full_logo_url:<nil> is_cascaded:false logo_color:#777777 logo_name:* logo_url:<nil> logos:map[selected_dark_mode:https://d36rlb2fgh8cjd.cloudfront.net/logos/networks/unofficial/selected-dark-mode.png selected_light_mode:https://d36rlb2fgh8cjd.cloudfront.net/logos/networks/unofficial/selected-light-mode.png unselected_dark_mode:https://d36rlb2fgh8cjd.cloudfront.net/logos/networks/unofficial/unselected-dark-mode.png unselected_light_mode:https://d36rlb2fgh8cjd.cloudfront.net/logos/networks/unofficial/unselected-light-mode.png] name_slug:unofficial-5dea16e9-fe85-4c85-83a1-b3ba4dc14a30 network_id:5dea16e9-fe85-4c85-83a1-b3ba4dc14a30 platform:unofficial platform_type:unofficial type:network_platform_source updated_at:1.559112773e+09],6c86f02e-7942-42ca-8ae2-2365a05ab94f,2026-06-21 09:35:05,where-did-you,75184478,selection,,,
408629,75184478,10559627,map[app_bundle_id:<nil> app_download_link:<nil> app_link:<nil> app_name:Unofficial country:us created_at:1.559112773e+09 display_name:Unofficial external_id:tvtime-unofficial external_source_type:<nil> full_logo_url:<nil> is_cascaded:false logo_color:#777777 logo_name:* logo_url:<nil> logos:map[selected_dark_mode:https://d36rlb2fgh8cjd.cloudfront.net/logos/networks/unofficial/selected-dark-mode.png selected_light_mode:https://d36rlb2fgh8cjd.cloudfront.net/logos/networks/unofficial/selected-light-mode.png unselected_dark_mode:https://d36rlb2fgh8cjd.cloudfront.net/logos/networks/unofficial/unselected-dark-mode.png unselected_light_mode:https://d36rlb2fgh8cjd.cloudfront.net/logos/networks/unofficial/unselected-light-mode.png] name_slug:unofficial-5dea16e9-fe85-4c85-83a1-b3ba4dc14a30 network_id:5dea16e9-fe85-4c85-83a1-b3ba4dc14a30 platform:unofficial platform_type:unofficial type:network_platform_source updated_at:1.559112773e+09],519af2d3-1bbe-48a6-b6e0-b4a9882e3256,2024-11-03 07:57:32,where-did-you,10559627-75184478,selection,BLUE LOCK,2,3
d42d83d6-dfaa-4a2c-8d81-0e2bca155a9d,75184478,0,map[app_bundle_id:<nil> app_download_link:<nil> app_link:<nil> app_name:Unofficial country:us created_at:1.559112773e+09 display_name:Unofficial external_id:tvtime-unofficial external_source_type:<nil> full_logo_url:<nil> is_cascaded:false logo_color:#777777 logo_name:* logo_url:<nil> logos:map[selected_dark_mode:https://d36rlb2fgh8cjd.cloudfront.net/logos/networks/unofficial/selected-dark-mode.png selected_light_mode:https://d36rlb2fgh8cjd.cloudfront.net/logos/networks/unofficial/selected-light-mode.png unselected_dark_mode:https://d36rlb2fgh8cjd.cloudfront.net/logos/networks/unofficial/unselected-dark-mode.png unselected_light_mode:https://d36rlb2fgh8cjd.cloudfront.net/logos/networks/unofficial/unselected-light-mode.png] name_slug:unofficial-5dea16e9-fe85-4c85-83a1-b3ba4dc14a30 network_id:5dea16e9-fe85-4c85-83a1-b3ba4dc14a30 platform:unofficial platform_type:unofficial type:network_platform_source updated_at:1.559112773e+09],3d025350-4598-462b-a7ba-84284ece4f62,2026-02-06 17:17:39,where-did-you,75184478,selection,,,
8fc65596-1cfd-4fe1-a263-370f2c426f81,75184478,0,map[app_bundle_id:<nil> app_download_link:<nil> app_link:<nil> app_name:Unofficial country:us created_at:1.559112773e+09 display_name:Unofficial external_id:tvtime-unofficial external_source_type:<nil> full_logo_url:<nil> is_cascaded:false logo_color:#777777 logo_name:* logo_url:<nil> logos:map[selected_dark_mode:https://d36rlb2fgh8cjd.cloudfront.net/logos/networks/unofficial/selected-dark-mode.png selected_light_mode:https://d36rlb2fgh8cjd.cloudfront.net/logos/networks/unofficial/selected-light-mode.png unselected_dark_mode:https://d36rlb2fgh8cjd.cloudfront.net/logos/networks/unofficial/unselected-dark-mode.png unselected_light_mode:https://d36rlb2fgh8cjd.cloudfront.net/logos/networks/unofficial/unselected-light-mode.png] name_slug:unofficial-5dea16e9-fe85-4c85-83a1-b3ba4dc14a30 network_id:5dea16e9-fe85-4c85-83a1-b3ba4dc14a30 platform:unofficial platform_type:unofficial type:network_platform_source updated_at:1.559112773e+09],0d79e353-32c4-454c-b623-8a7e85209809,2025-12-25 06:00:07,where-did-you,75184478,selection,,,
1f2963f9-04f9-4cdc-a90f-40e78eb729f4,75184478,0,map[app_bundle_id:<nil> app_download_link:<nil> app_link:<nil> app_name:Unofficial country:us created_at:1.559112773e+09 display_name:Unofficial external_id:tvtime-unofficial external_source_type:<nil> full_logo_url:<nil> is_cascaded:false logo_color:#777777 logo_name:* logo_url:<nil> logos:map[selected_dark_mode:https://d36rlb2fgh8cjd.cloudfront.net/logos/networks/unofficial/selected-dark-mode.png selected_light_mode:https://d36rlb2fgh8cjd.cloudfront.net/logos/networks/unofficial/selected-light-mode.png unselected_dark_mode:https://d36rlb2fgh8cjd.cloudfront.net/logos/networks/unofficial/unselected-dark-mode.png unselected_light_mode:https://d36rlb2fgh8cjd.cloudfront.net/logos/networks/unofficial/unselected-light-mode.png] name_slug:unofficial-5dea16e9-fe85-4c85-83a1-b3ba4dc14a30 network_id:5dea16e9-fe85-4c85-83a1-b3ba4dc14a30 platform:unofficial platform_type:unofficial type:network_platform_source updated_at:1.559112773e+09],4a48d2dc-2c76-4e96-9915-2d5dbf72dd5a,2025-05-23 19:44:14,where-did-you,75184478,selection,,,
4d91da4a-1e30-41b0-85ac-8f529313c64d,75184478,0,map[app_bundle_id:<nil> app_download_link:<nil> app_link:<nil> app_name:Unofficial country:us created_at:1.559112773e+09 display_name:Unofficial external_id:tvtime-unofficial external_source_type:<nil> full_logo_url:<nil> is_cascaded:false logo_color:#777777 logo_name:* logo_url:<nil> logos:map[selected_dark_mode:https://d36rlb2fgh8cjd.cloudfront.net/logos/networks/unofficial/selected-dark-mode.png selected_light_mode:https://d36rlb2fgh8cjd.cloudfront.net/logos/networks/unofficial/selected-light-mode.png unselected_dark_mode:https://d36rlb2fgh8cjd.cloudfront.net/logos/networks/unofficial/unselected-dark-mode.png unselected_light_mode:https://d36rlb2fgh8cjd.cloudfront.net/logos/networks/unofficial/unselected-light-mode.png] name_slug:unofficial-5dea16e9-fe85-4c85-83a1-b3ba4dc14a30 network_id:5dea16e9-fe85-4c85-83a1-b3ba4dc14a30 platform:unofficial platform_type:unofficial type:network_platform_source updated_at:1.559112773e+09],4587aab2-1bc6-464c-be38-6ccb714d3c04,2025-06-27 17:05:27,where-did-you,75184478,selection,,,
74796,75184478,9360916,map[app_bundle_id:<nil> app_download_link:<nil> app_link:<nil> app_name:Unofficial country:us created_at:1.559112773e+09 display_name:Unofficial external_id:tvtime-unofficial external_source_type:<nil> full_logo_url:<nil> is_cascaded:false logo_color:#777777 logo_name:* logo_url:<nil> logos:map[selected_dark_mode:https://d36rlb2fgh8cjd.cloudfront.net/logos/networks/unofficial/selected-dark-mode.png selected_light_mode:https://d36rlb2fgh8cjd.cloudfront.net/logos/networks/unofficial/selected-light-mode.png unselected_dark_mode:https://d36rlb2fgh8cjd.cloudfront.net/logos/networks/unofficial/unselected-dark-mode.png unselected_light_mode:https://d36rlb2fgh8cjd.cloudfront.net/logos/networks/unofficial/unselected-light-mode.png] name_slug:unofficial-5dea16e9-fe85-4c85-83a1-b3ba4dc14a30 network_id:5dea16e9-fe85-4c85-83a1-b3ba4dc14a30 platform:unofficial platform_type:unofficial type:network_platform_source updated_at:1.559112773e+09],2cd0eac6-3515-4f9f-bbaa-e1a37aa0a441,2024-11-06 17:23:14,where-did-you,9360916-75184478,selection,Bleach,17,10
305089,75184478,10625037,map[app_bundle_id:<nil> app_download_link:<nil> app_link:<nil> app_name:Unofficial country:us created_at:1.559112773e+09 display_name:Unofficial external_id:tvtime-unofficial external_source_type:<nil> full_logo_url:<nil> is_cascaded:false logo_color:#777777 logo_name:* logo_url:<nil> logos:map[selected_dark_mode:https://d36rlb2fgh8cjd.cloudfront.net/logos/networks/unofficial/selected-dark-mode.png selected_light_mode:https://d36rlb2fgh8cjd.cloudfront.net/logos/networks/unofficial/selected-light-mode.png unselected_dark_mode:https://d36rlb2fgh8cjd.cloudfront.net/logos/networks/unofficial/unselected-dark-mode.png unselected_light_mode:https://d36rlb2fgh8cjd.cloudfront.net/logos/networks/unofficial/unselected-light-mode.png] name_slug:unofficial-5dea16e9-fe85-4c85-83a1-b3ba4dc14a30 network_id:5dea16e9-fe85-4c85-83a1-b3ba4dc14a30 platform:unofficial platform_type:unofficial type:network_platform_source updated_at:1.559112773e+09],f5749f7f-1385-4267-b711-77d25630c073,2024-10-29 15:42:12,where-did-you,10625037-75184478,selection,"Re: ZERO, Starting Life in Another World",3,1
334824,75184478,7241874,map[app_bundle_id:<nil> app_download_link:<nil> app_link:<nil> app_name:Unofficial country:us created_at:1.559112773e+09 display_name:Unofficial external_id:tvtime-unofficial external_source_type:<nil> full_logo_url:<nil> is_cascaded:false logo_color:#777777 logo_name:* logo_url:<nil> logos:map[selected_dark_mode:https://d36rlb2fgh8cjd.cloudfront.net/logos/networks/unofficial/selected-dark-mode.png selected_light_mode:https://d36rlb2fgh8cjd.cloudfront.net/logos/networks/unofficial/selected-light-mode.png unselected_dark_mode:https://d36rlb2fgh8cjd.cloudfront.net/logos/networks/unofficial/unselected-dark-mode.png unselected_light_mode:https://d36rlb2fgh8cjd.cloudfront.net/logos/networks/unofficial/unselected-light-mode.png] name_slug:unofficial-5dea16e9-fe85-4c85-83a1-b3ba4dc14a30 network_id:5dea16e9-fe85-4c85-83a1-b3ba4dc14a30 platform:unofficial platform_type:unofficial type:network_platform_source updated_at:1.559112773e+09],c30263cb-b3aa-4f62-bac8-8aa604d0a30c,2024-10-08 04:44:01,where-did-you,7241874-75184478,selection,Dark,2,2
449a7521-8df2-429b-ba6e-f8b9510fec60,75184478,0,map[app_bundle_id:<nil> app_download_link:<nil> app_link:<nil> app_name:Unofficial country:us created_at:1.559112773e+09 display_name:Unofficial external_id:tvtime-unofficial external_source_type:<nil> full_logo_url:<nil> is_cascaded:false logo_color:#777777 logo_name:* logo_url:<nil> logos:map[selected_dark_mode:https://d36rlb2fgh8cjd.cloudfront.net/logos/networks/unofficial/selected-dark-mode.png selected_light_mode:https://d36rlb2fgh8cjd.cloudfront.net/logos/networks/unofficial/selected-light-mode.png unselected_dark_mode:https://d36rlb2fgh8cjd.cloudfront.net/logos/networks/unofficial/unselected-dark-mode.png unselected_light_mode:https://d36rlb2fgh8cjd.cloudfront.net/logos/networks/unofficial/unselected-light-mode.png] name_slug:unofficial-5dea16e9-fe85-4c85-83a1-b3ba4dc14a30 network_id:5dea16e9-fe85-4c85-83a1-b3ba4dc14a30 platform:unofficial platform_type:unofficial type:network_platform_source updated_at:1.559112773e+09],258edd78-d0f3-4fe9-8496-81ac1472ec9f,2025-01-11 17:33:07,where-did-you,75184478,selection,,,
8727b86b-59cd-437b-89a7-40d2003155df,75184478,0,map[app_bundle_id:<nil> app_download_link:<nil> app_link:<nil> app_name:Unofficial country:us created_at:1.559112773e+09 display_name:Unofficial external_id:tvtime-unofficial external_source_type:<nil> full_logo_url:<nil> is_cascaded:false logo_color:#777777 logo_name:* logo_url:<nil> logos:map[selected_dark_mode:https://d36rlb2fgh8cjd.cloudfront.net/logos/networks/unofficial/selected-dark-mode.png selected_light_mode:https://d36rlb2fgh8cjd.cloudfront.net/logos/networks/unofficial/selected-light-mode.png unselected_dark_mode:https://d36rlb2fgh8cjd.cloudfront.net/logos/networks/unofficial/unselected-dark-mode.png unselected_light_mode:https://d36rlb2fgh8cjd.cloudfront.net/logos/networks/unofficial/unselected-light-mode.png] name_slug:unofficial-5dea16e9-fe85-4c85-83a1-b3ba4dc14a30 network_id:5dea16e9-fe85-4c85-83a1-b3ba4dc14a30 platform:unofficial platform_type:unofficial type:network_platform_source updated_at:1.559112773e+09],dd61edd7-75c4-4351-8df1-607bcdc9f1ec,2025-12-23 04:52:06,where-did-you,75184478,selection,,,
3a7b9439-6436-4ce5-9c5d-69f71462d02e,75184478,0,map[app_bundle_id:<nil> app_download_link:<nil> app_link:<nil> app_name:Unofficial country:us created_at:1.559112773e+09 display_name:Unofficial external_id:tvtime-unofficial external_source_type:<nil> is_cascaded:false logo_color:#777777 logo_name:* logo_url:<nil> logos:map[selected_dark_mode:https://d36rlb2fgh8cjd.cloudfront.net/logos/networks/unofficial/selected-dark-mode.png selected_light_mode:https://d36rlb2fgh8cjd.cloudfront.net/logos/networks/unofficial/selected-light-mode.png unselected_dark_mode:https://d36rlb2fgh8cjd.cloudfront.net/logos/networks/unofficial/unselected-dark-mode.png unselected_light_mode:https://d36rlb2fgh8cjd.cloudfront.net/logos/networks/unofficial/unselected-light-mode.png] name_slug:unofficial-5dea16e9-fe85-4c85-83a1-b3ba4dc14a30 network_id:5dea16e9-fe85-4c85-83a1-b3ba4dc14a30 platform:unofficial platform_type:unofficial type:network_platform_source updated_at:1.559112773e+09],927e33bb-66cb-4ea5-b185-1cf874126d05,2024-01-28 04:12:45,where-did-you,75184478,selection,,,
7bd1fe8e-56ff-4d26-af2b-3a7be07b747c,75184478,0,map[app_bundle_id:<nil> app_download_link:<nil> app_link:<nil> app_name:Unofficial country:us created_at:1.559112773e+09 display_name:Unofficial external_id:tvtime-unofficial external_source_type:<nil> full_logo_url:<nil> is_cascaded:false logo_color:#777777 logo_name:* logo_url:<nil> logos:map[selected_dark_mode:https://d36rlb2fgh8cjd.cloudfront.net/logos/networks/unofficial/selected-dark-mode.png selected_light_mode:https://d36rlb2fgh8cjd.cloudfront.net/logos/networks/unofficial/selected-light-mode.png unselected_dark_mode:https://d36rlb2fgh8cjd.cloudfront.net/logos/networks/unofficial/unselected-dark-mode.png unselected_light_mode:https://d36rlb2fgh8cjd.cloudfront.net/logos/networks/unofficial/unselected-light-mode.png] name_slug:unofficial-5dea16e9-fe85-4c85-83a1-b3ba4dc14a30 network_id:5dea16e9-fe85-4c85-83a1-b3ba4dc14a30 platform:unofficial platform_type:unofficial type:network_platform_source updated_at:1.559112773e+09],5c4bc66e-e504-4d91-b505-41a96a4b66c0,2026-01-26 07:59:18,where-did-you,75184478,selection,,,
38dbb85c-10a1-44d1-a244-26abd9c7dc5a,75184478,0,map[app_bundle_id:<nil> app_download_link:<nil> app_link:<nil> app_name:Theater country:GB created_at:1.559112773e+09 display_name:Theater external_id:tvtime-theater-GB external_source_type:<nil> full_logo_url:<nil> is_cascaded:false logo_color:#777777 logo_name:* logo_url:<nil> logos:map[selected_dark_mode:https://d36rlb2fgh8cjd.cloudfront.net/logos/networks/theater/selected-dark-mode.png selected_light_mode:https://d36rlb2fgh8cjd.cloudfront.net/logos/networks/theater/selected-light-mode.png unselected_dark_mode:https://d36rlb2fgh8cjd.cloudfront.net/logos/networks/theater/unselected-dark-mode.png unselected_light_mode:https://d36rlb2fgh8cjd.cloudfront.net/logos/networks/theater/unselected-light-mode.png] name_slug:theater-2f1147ab-2503-45e7-bb42-15a1446ca897 network_id:2f1147ab-2503-45e7-bb42-15a1446ca897 platform:theater platform_type:theater type:network_platform_source updated_at:1.559112773e+09],20b5d9dd-4e42-43b0-a3bf-d1f84750e56e,2024-12-28 16:18:34,where-did-you,75184478,selection,,,
371028,75184478,8723886,map[app_bundle_id:<nil> app_download_link:<nil> app_link:<nil> app_name:Unofficial country:us created_at:1.559112773e+09 display_name:Unofficial external_id:tvtime-unofficial external_source_type:<nil> full_logo_url:<nil> is_cascaded:false logo_color:#777777 logo_name:* logo_url:<nil> logos:map[selected_dark_mode:https://d36rlb2fgh8cjd.cloudfront.net/logos/networks/unofficial/selected-dark-mode.png selected_light_mode:https://d36rlb2fgh8cjd.cloudfront.net/logos/networks/unofficial/selected-light-mode.png unselected_dark_mode:https://d36rlb2fgh8cjd.cloudfront.net/logos/networks/unofficial/unselected-dark-mode.png unselected_light_mode:https://d36rlb2fgh8cjd.cloudfront.net/logos/networks/unofficial/unselected-light-mode.png] name_slug:unofficial-5dea16e9-fe85-4c85-83a1-b3ba4dc14a30 network_id:5dea16e9-fe85-4c85-83a1-b3ba4dc14a30 platform:unofficial platform_type:unofficial type:network_platform_source updated_at:1.559112773e+09],a372890d-77ca-46fe-ac45-73963416d453,2024-11-25 17:05:42,where-did-you,8723886-75184478,selection,Arcane,1,3
d12ca7db-3404-468b-a5bc-90c89fa9289f,75184478,0,map[app_bundle_id:<nil> app_download_link:<nil> app_link:<nil> app_name:Unofficial country:us created_at:1.559112773e+09 display_name:Unofficial external_id:tvtime-unofficial external_source_type:<nil> full_logo_url:<nil> is_cascaded:false logo_color:#777777 logo_name:* logo_url:<nil> logos:map[selected_dark_mode:https://d36rlb2fgh8cjd.cloudfront.net/logos/networks/unofficial/selected-dark-mode.png selected_light_mode:https://d36rlb2fgh8cjd.cloudfront.net/logos/networks/unofficial/selected-light-mode.png unselected_dark_mode:https://d36rlb2fgh8cjd.cloudfront.net/logos/networks/unofficial/unselected-dark-mode.png unselected_light_mode:https://d36rlb2fgh8cjd.cloudfront.net/logos/networks/unofficial/unselected-light-mode.png] name_slug:unofficial-5dea16e9-fe85-4c85-83a1-b3ba4dc14a30 network_id:5dea16e9-fe85-4c85-83a1-b3ba4dc14a30 platform:unofficial platform_type:unofficial type:network_platform_source updated_at:1.559112773e+09],09521d24-82cf-4793-96eb-33e2e2c3ae2f,2025-10-17 17:35:03,where-did-you,75184478,selection,,,
a36d3794-1369-4c3f-b322-2575e8661b8a,75184478,0,map[app_bundle_id:<nil> app_download_link:<nil> app_link:<nil> app_name:Unofficial country:us created_at:1.559112773e+09 display_name:Unofficial external_id:tvtime-unofficial external_source_type:<nil> full_logo_url:<nil> is_cascaded:false logo_color:#777777 logo_name:* logo_url:<nil> logos:map[selected_dark_mode:https://d36rlb2fgh8cjd.cloudfront.net/logos/networks/unofficial/selected-dark-mode.png selected_light_mode:https://d36rlb2fgh8cjd.cloudfront.net/logos/networks/unofficial/selected-light-mode.png unselected_dark_mode:https://d36rlb2fgh8cjd.cloudfront.net/logos/networks/unofficial/unselected-dark-mode.png unselected_light_mode:https://d36rlb2fgh8cjd.cloudfront.net/logos/networks/unofficial/unselected-light-mode.png] name_slug:unofficial-5dea16e9-fe85-4c85-83a1-b3ba4dc14a30 network_id:5dea16e9-fe85-4c85-83a1-b3ba4dc14a30 platform:unofficial platform_type:unofficial type:network_platform_source updated_at:1.559112773e+09],e24042d7-1d92-4881-97e9-c23ba86ab6a4,2026-06-04 04:45:17,where-did-you,75184478,selection,,,
9fd0d9d8-e76c-49ce-b4b9-44bbabdad1d4,75184478,0,map[app_bundle_id:<nil> app_download_link:<nil> app_link:<nil> app_name:Unofficial country:us created_at:1.559112773e+09 display_name:Unofficial external_id:tvtime-unofficial external_source_type:<nil> full_logo_url:<nil> is_cascaded:false logo_color:#777777 logo_name:* logo_url:<nil> logos:map[selected_dark_mode:https://d36rlb2fgh8cjd.cloudfront.net/logos/networks/unofficial/selected-dark-mode.png selected_light_mode:https://d36rlb2fgh8cjd.cloudfront.net/logos/networks/unofficial/selected-light-mode.png unselected_dark_mode:https://d36rlb2fgh8cjd.cloudfront.net/logos/networks/unofficial/unselected-dark-mode.png unselected_light_mode:https://d36rlb2fgh8cjd.cloudfront.net/logos/networks/unofficial/unselected-light-mode.png] name_slug:unofficial-5dea16e9-fe85-4c85-83a1-b3ba4dc14a30 network_id:5dea16e9-fe85-4c85-83a1-b3ba4dc14a30 platform:unofficial platform_type:unofficial type:network_platform_source updated_at:1.559112773e+09],1887950a-32c7-4099-afa9-65a40b9060a7,2025-06-29 14:21:15,where-did-you,75184478,selection,,,
2ae08d2a-b74c-4524-bd18-7027dc52ecdd,75184478,0,map[app_bundle_id:<nil> app_download_link:<nil> app_link:<nil> app_name:Unofficial country:us created_at:1.559112773e+09 display_name:Unofficial external_id:tvtime-unofficial external_source_type:<nil> full_logo_url:<nil> is_cascaded:false logo_color:#777777 logo_name:* logo_url:<nil> logos:map[selected_dark_mode:https://d36rlb2fgh8cjd.cloudfront.net/logos/networks/unofficial/selected-dark-mode.png selected_light_mode:https://d36rlb2fgh8cjd.cloudfront.net/logos/networks/unofficial/selected-light-mode.png unselected_dark_mode:https://d36rlb2fgh8cjd.cloudfront.net/logos/networks/unofficial/unselected-dark-mode.png unselected_light_mode:https://d36rlb2fgh8cjd.cloudfront.net/logos/networks/unofficial/unselected-light-mode.png] name_slug:unofficial-5dea16e9-fe85-4c85-83a1-b3ba4dc14a30 network_id:5dea16e9-fe85-4c85-83a1-b3ba4dc14a30 platform:unofficial platform_type:unofficial type:network_platform_source updated_at:1.559112773e+09],2f77c162-6ceb-4fd6-b56d-561762b7c19e,2026-01-29 14:27:59,where-did-you,75184478,selection,,,
bbfa4d7a-b31c-44bc-8ed0-88f28e60ec99,75184478,0,map[app_bundle_id:<nil> app_download_link:<nil> app_link:<nil> app_name:Other country:GB created_at:1.559112773e+09 display_name:Other external_id:tvtime-other-GB external_source_type:<nil> full_logo_url:<nil> is_cascaded:false logo_color:#777777 logo_name:* logo_url:<nil> logos:map[selected_dark_mode:https://d36rlb2fgh8cjd.cloudfront.net/logos/networks/other/selected-dark-mode.png selected_light_mode:https://d36rlb2fgh8cjd.cloudfront.net/logos/networks/other/selected-light-mode.png unselected_dark_mode:https://d36rlb2fgh8cjd.cloudfront.net/logos/networks/other/unselected-dark-mode.png unselected_light_mode:https://d36rlb2fgh8cjd.cloudfront.net/logos/networks/other/unselected-light-mode.png] name_slug:other-01109d08-7513-4ddd-8990-6799d11004b8 network_id:01109d08-7513-4ddd-8990-6799d11004b8 platform:other platform_type:other type:network_platform_source updated_at:1.559112773e+09],37e35db1-7553-475e-adc9-daf6ac56825d,2024-11-11 18:32:05,where-did-you,75184478,selection,,,
403262,75184478,10313569,map[app_bundle_id:<nil> app_download_link:<nil> app_link:<nil> app_name:Unofficial country:us created_at:1.559112773e+09 display_name:Unofficial external_id:tvtime-unofficial external_source_type:<nil> full_logo_url:<nil> is_cascaded:false logo_color:#777777 logo_name:* logo_url:<nil> logos:map[selected_dark_mode:https://d36rlb2fgh8cjd.cloudfront.net/logos/networks/unofficial/selected-dark-mode.png selected_light_mode:https://d36rlb2fgh8cjd.cloudfront.net/logos/networks/unofficial/selected-light-mode.png unselected_dark_mode:https://d36rlb2fgh8cjd.cloudfront.net/logos/networks/unofficial/unselected-dark-mode.png unselected_light_mode:https://d36rlb2fgh8cjd.cloudfront.net/logos/networks/unofficial/unselected-light-mode.png] name_slug:unofficial-5dea16e9-fe85-4c85-83a1-b3ba4dc14a30 network_id:5dea16e9-fe85-4c85-83a1-b3ba4dc14a30 platform:unofficial platform_type:unofficial type:network_platform_source updated_at:1.559112773e+09],6918fea0-60c5-4d38-8f9c-0f62b6ac7bcd,2024-11-16 14:33:14,where-did-you,10313569-75184478,selection,Sunflower,2,1
5b0db8fe-53f8-484e-80e6-db219eee3685,75184478,0,map[app_bundle_id:<nil> app_download_link:<nil> app_link:<nil> app_name:Unofficial country:us created_at:1.559112773e+09 display_name:Unofficial external_id:tvtime-unofficial external_source_type:<nil> full_logo_url:<nil> is_cascaded:false logo_color:#777777 logo_name:* logo_url:<nil> logos:map[selected_dark_mode:https://d36rlb2fgh8cjd.cloudfront.net/logos/networks/unofficial/selected-dark-mode.png selected_light_mode:https://d36rlb2fgh8cjd.cloudfront.net/logos/networks/unofficial/selected-light-mode.png unselected_dark_mode:https://d36rlb2fgh8cjd.cloudfront.net/logos/networks/unofficial/unselected-dark-mode.png unselected_light_mode:https://d36rlb2fgh8cjd.cloudfront.net/logos/networks/unofficial/unselected-light-mode.png] name_slug:unofficial-5dea16e9-fe85-4c85-83a1-b3ba4dc14a30 network_id:5dea16e9-fe85-4c85-83a1-b3ba4dc14a30 platform:unofficial platform_type:unofficial type:network_platform_source updated_at:1.559112773e+09],4163f2ff-0d5c-4857-aeeb-0f283718ad1e,2026-06-17 13:02:22,where-did-you,75184478,selection,,,
6d7a40a2-ba08-4f81-a8b4-10ac6842f792,75184478,0,map[app_bundle_id:<nil> app_download_link:<nil> app_link:<nil> app_name:Unofficial country:us created_at:1.559112773e+09 display_name:Unofficial external_id:tvtime-unofficial external_source_type:<nil> full_logo_url:<nil> is_cascaded:false logo_color:#777777 logo_name:* logo_url:<nil> logos:map[selected_dark_mode:https://d36rlb2fgh8cjd.cloudfront.net/logos/networks/unofficial/selected-dark-mode.png selected_light_mode:https://d36rlb2fgh8cjd.cloudfront.net/logos/networks/unofficial/selected-light-mode.png unselected_dark_mode:https://d36rlb2fgh8cjd.cloudfront.net/logos/networks/unofficial/unselected-dark-mode.png unselected_light_mode:https://d36rlb2fgh8cjd.cloudfront.net/logos/networks/unofficial/unselected-light-mode.png] name_slug:unofficial-5dea16e9-fe85-4c85-83a1-b3ba4dc14a30 network_id:5dea16e9-fe85-4c85-83a1-b3ba4dc14a30 platform:unofficial platform_type:unofficial type:network_platform_source updated_at:1.559112773e+09],b3925576-4fbc-41ba-9304-8eeb729ffcd1,2026-04-06 07:37:08,where-did-you,75184478,selection,,,
985b2cb5-c42c-410b-a762-c56df299710a,75184478,0,map[app_bundle_id:<nil> app_download_link:<nil> app_link:<nil> app_name:Unofficial country:us created_at:1.559112773e+09 display_name:Unofficial external_id:tvtime-unofficial external_source_type:<nil> full_logo_url:<nil> is_cascaded:false logo_color:#777777 logo_name:* logo_url:<nil> logos:map[selected_dark_mode:https://d36rlb2fgh8cjd.cloudfront.net/logos/networks/unofficial/selected-dark-mode.png selected_light_mode:https://d36rlb2fgh8cjd.cloudfront.net/logos/networks/unofficial/selected-light-mode.png unselected_dark_mode:https://d36rlb2fgh8cjd.cloudfront.net/logos/networks/unofficial/unselected-dark-mode.png unselected_light_mode:https://d36rlb2fgh8cjd.cloudfront.net/logos/networks/unofficial/unselected-light-mode.png] name_slug:unofficial-5dea16e9-fe85-4c85-83a1-b3ba4dc14a30 network_id:5dea16e9-fe85-4c85-83a1-b3ba4dc14a30 platform:unofficial platform_type:unofficial type:network_platform_source updated_at:1.559112773e+09],2733facb-043b-40ca-b5de-d263fcdc8edd,2025-12-26 10:21:01,where-did-you,75184478,selection,,,
267440,75184478,9644229,map[app_bundle_id:<nil> app_download_link:<nil> app_link:<nil> app_name:Unofficial country:us created_at:1.559112773e+09 display_name:Unofficial external_id:tvtime-unofficial external_source_type:<nil> is_cascaded:false logo_color:#777777 logo_name:* logo_url:<nil> logos:map[selected_dark_mode:https://d36rlb2fgh8cjd.cloudfront.net/logos/networks/unofficial/selected-dark-mode.png selected_light_mode:https://d36rlb2fgh8cjd.cloudfront.net/logos/networks/unofficial/selected-light-mode.png unselected_dark_mode:https://d36rlb2fgh8cjd.cloudfront.net/logos/networks/unofficial/unselected-dark-mode.png unselected_light_mode:https://d36rlb2fgh8cjd.cloudfront.net/logos/networks/unofficial/unselected-light-mode.png] name_slug:unofficial-5dea16e9-fe85-4c85-83a1-b3ba4dc14a30 network_id:5dea16e9-fe85-4c85-83a1-b3ba4dc14a30 platform:unofficial platform_type:unofficial type:network_platform_source updated_at:1.559112773e+09],a327f041-550e-4695-a378-17179547a3bd,2023-12-31 11:20:33,where-did-you,9644229-75184478,selection,Attack on Titan,4,30
16e91281-6914-47f5-aeb9-ed9633aded3d,75184478,0,map[app_bundle_id:<nil> app_download_link:<nil> app_link:<nil> app_name:Other country:IN created_at:1.559112773e+09 display_name:Other external_id:tvtime-other-IN external_source_type:<nil> full_logo_url:<nil> is_cascaded:false logo_color:#777777 logo_name:* logo_url:<nil> logos:map[selected_dark_mode:https://d36rlb2fgh8cjd.cloudfront.net/logos/networks/other/selected-dark-mode.png selected_light_mode:https://d36rlb2fgh8cjd.cloudfront.net/logos/networks/other/selected-light-mode.png unselected_dark_mode:https://d36rlb2fgh8cjd.cloudfront.net/logos/networks/other/unselected-dark-mode.png unselected_light_mode:https://d36rlb2fgh8cjd.cloudfront.net/logos/networks/other/unselected-light-mode.png] name_slug:other-01109d08-7513-4ddd-8990-6799d11004b8 network_id:01109d08-7513-4ddd-8990-6799d11004b8 platform:other platform_type:other type:network_platform_source updated_at:1.559112773e+09],74f7fac2-c6ca-41c6-b10b-356afaae11d1,2025-08-21 20:21:16,where-did-you,75184478,selection,,,
d356ed86-effc-4d59-a145-727ae1b23546,75184478,0,map[app_bundle_id:<nil> app_download_link:<nil> app_link:<nil> app_name:Unofficial country:us created_at:1.559112773e+09 display_name:Unofficial external_id:tvtime-unofficial external_source_type:<nil> full_logo_url:<nil> is_cascaded:false logo_color:#777777 logo_name:* logo_url:<nil> logos:map[selected_dark_mode:https://d36rlb2fgh8cjd.cloudfront.net/logos/networks/unofficial/selected-dark-mode.png selected_light_mode:https://d36rlb2fgh8cjd.cloudfront.net/logos/networks/unofficial/selected-light-mode.png unselected_dark_mode:https://d36rlb2fgh8cjd.cloudfront.net/logos/networks/unofficial/unselected-dark-mode.png unselected_light_mode:https://d36rlb2fgh8cjd.cloudfront.net/logos/networks/unofficial/unselected-light-mode.png] name_slug:unofficial-5dea16e9-fe85-4c85-83a1-b3ba4dc14a30 network_id:5dea16e9-fe85-4c85-83a1-b3ba4dc14a30 platform:unofficial platform_type:unofficial type:network_platform_source updated_at:1.559112773e+09],968b1191-2d35-4251-a714-281a8bd72cbe,2025-12-25 14:17:38,where-did-you,75184478,selection,,,
443377,75184478,10535663,map[app_bundle_id:<nil> app_download_link:<nil> app_link:<nil> app_name:Unofficial country:us created_at:1.559112773e+09 display_name:Unofficial external_id:tvtime-unofficial external_source_type:<nil> full_logo_url:<nil> is_cascaded:false logo_color:#777777 logo_name:* logo_url:<nil> logos:map[selected_dark_mode:https://d36rlb2fgh8cjd.cloudfront.net/logos/networks/unofficial/selected-dark-mode.png selected_light_mode:https://d36rlb2fgh8cjd.cloudfront.net/logos/networks/unofficial/selected-light-mode.png unselected_dark_mode:https://d36rlb2fgh8cjd.cloudfront.net/logos/networks/unofficial/unselected-dark-mode.png unselected_light_mode:https://d36rlb2fgh8cjd.cloudfront.net/logos/networks/unofficial/unselected-light-mode.png] name_slug:unofficial-5dea16e9-fe85-4c85-83a1-b3ba4dc14a30 network_id:5dea16e9-fe85-4c85-83a1-b3ba4dc14a30 platform:unofficial platform_type:unofficial type:network_platform_source updated_at:1.559112773e+09],4d946a22-2ea8-4c15-a9c5-8d7ce106e299,2024-09-14 15:05:45,where-did-you,10535663-75184478,selection,Makeine: Too Many Losing Heroines!,1,6
ff9e5f23-4d08-4df8-bbdc-27bf0abb261f,75184478,0,map[app_bundle_id:<nil> app_download_link:<nil> app_link:<nil> app_name:Unofficial country:us created_at:1.559112773e+09 display_name:Unofficial external_id:tvtime-unofficial external_source_type:<nil> full_logo_url:<nil> is_cascaded:false logo_color:#777777 logo_name:* logo_url:<nil> logos:map[selected_dark_mode:https://d36rlb2fgh8cjd.cloudfront.net/logos/networks/unofficial/selected-dark-mode.png selected_light_mode:https://d36rlb2fgh8cjd.cloudfront.net/logos/networks/unofficial/selected-light-mode.png unselected_dark_mode:https://d36rlb2fgh8cjd.cloudfront.net/logos/networks/unofficial/unselected-dark-mode.png unselected_light_mode:https://d36rlb2fgh8cjd.cloudfront.net/logos/networks/unofficial/unselected-light-mode.png] name_slug:unofficial-5dea16e9-fe85-4c85-83a1-b3ba4dc14a30 network_id:5dea16e9-fe85-4c85-83a1-b3ba4dc14a30 platform:unofficial platform_type:unofficial type:network_platform_source updated_at:1.559112773e+09],608c463f-6375-4f61-b09c-cfcc7173e9df,2026-06-27 08:30:33,where-did-you,75184478,selection,,,
7a2cd5d7-fef7-4811-a9dd-65a4ed660284,75184478,0,map[app_bundle_id:<nil> app_download_link:<nil> app_link:<nil> app_name:Unofficial country:us created_at:1.559112773e+09 display_name:Unofficial external_id:tvtime-unofficial external_source_type:<nil> full_logo_url:<nil> is_cascaded:false logo_color:#777777 logo_name:* logo_url:<nil> logos:map[selected_dark_mode:https://d36rlb2fgh8cjd.cloudfront.net/logos/networks/unofficial/selected-dark-mode.png selected_light_mode:https://d36rlb2fgh8cjd.cloudfront.net/logos/networks/unofficial/selected-light-mode.png unselected_dark_mode:https://d36rlb2fgh8cjd.cloudfront.net/logos/networks/unofficial/unselected-dark-mode.png unselected_light_mode:https://d36rlb2fgh8cjd.cloudfront.net/logos/networks/unofficial/unselected-light-mode.png] name_slug:unofficial-5dea16e9-fe85-4c85-83a1-b3ba4dc14a30 network_id:5dea16e9-fe85-4c85-83a1-b3ba4dc14a30 platform:unofficial platform_type:unofficial type:network_platform_source updated_at:1.559112773e+09],060650db-a799-430e-b28e-716b5d296a36,2024-06-24 07:54:09,where-did-you,75184478,selection,,,
305074,75184478,11377542,map[app_bundle_id:<nil> app_download_link:<nil> app_link:<nil> app_name:Unofficial country:us created_at:1.559112773e+09 display_name:Unofficial external_id:tvtime-unofficial external_source_type:<nil> full_logo_url:<nil> is_cascaded:false logo_color:#777777 logo_name:* logo_url:<nil> logos:map[selected_dark_mode:https://d36rlb2fgh8cjd.cloudfront.net/logos/networks/unofficial/selected-dark-mode.png selected_light_mode:https://d36rlb2fgh8cjd.cloudfront.net/logos/networks/unofficial/selected-light-mode.png unselected_dark_mode:https://d36rlb2fgh8cjd.cloudfront.net/logos/networks/unofficial/unselected-dark-mode.png unselected_light_mode:https://d36rlb2fgh8cjd.cloudfront.net/logos/networks/unofficial/unselected-light-mode.png] name_slug:unofficial-5dea16e9-fe85-4c85-83a1-b3ba4dc14a30 network_id:5dea16e9-fe85-4c85-83a1-b3ba4dc14a30 platform:unofficial platform_type:unofficial type:network_platform_source updated_at:1.559112773e+09],dcec366e-9009-4bd0-8d75-8dd965ee9a4f,2025-12-06 09:50:08,where-did-you,11377542-75184478,selection,My Hero Academia,8,7
7e0beff2-6f75-4aed-ab94-f080a6f79fee,75184478,0,map[app_bundle_id:<nil> app_download_link:<nil> app_link:<nil> app_name:Unofficial country:us created_at:1.559112773e+09 display_name:Unofficial external_id:tvtime-unofficial external_source_type:<nil> full_logo_url:<nil> is_cascaded:false logo_color:#777777 logo_name:* logo_url:<nil> logos:map[selected_dark_mode:https://d36rlb2fgh8cjd.cloudfront.net/logos/networks/unofficial/selected-dark-mode.png selected_light_mode:https://d36rlb2fgh8cjd.cloudfront.net/logos/networks/unofficial/selected-light-mode.png unselected_dark_mode:https://d36rlb2fgh8cjd.cloudfront.net/logos/networks/unofficial/unselected-dark-mode.png unselected_light_mode:https://d36rlb2fgh8cjd.cloudfront.net/logos/networks/unofficial/unselected-light-mode.png] name_slug:unofficial-5dea16e9-fe85-4c85-83a1-b3ba4dc14a30 network_id:5dea16e9-fe85-4c85-83a1-b3ba4dc14a30 platform:unofficial platform_type:unofficial type:network_platform_source updated_at:1.559112773e+09],aeececfb-89e0-4636-92c4-915d056e68c4,2025-11-22 09:36:33,where-did-you,75184478,selection,,,
295685,75184478,6783481,map[app_bundle_id:<nil> app_download_link:<nil> app_link:<nil> app_name:Other country:GB created_at:1.559112773e+09 display_name:Other external_id:tvtime-other-GB external_source_type:<nil> full_logo_url:<nil> is_cascaded:false logo_color:#777777 logo_name:* logo_url:<nil> logos:map[selected_dark_mode:https://d36rlb2fgh8cjd.cloudfront.net/logos/networks/other/selected-dark-mode.png selected_light_mode:https://d36rlb2fgh8cjd.cloudfront.net/logos/networks/other/selected-light-mode.png unselected_dark_mode:https://d36rlb2fgh8cjd.cloudfront.net/logos/networks/other/unselected-dark-mode.png unselected_light_mode:https://d36rlb2fgh8cjd.cloudfront.net/logos/networks/other/unselected-light-mode.png] name_slug:other-01109d08-7513-4ddd-8990-6799d11004b8 network_id:01109d08-7513-4ddd-8990-6799d11004b8 platform:other platform_type:other type:network_platform_source updated_at:1.559112773e+09],e7fd30fc-9b7b-4fa8-8581-6d7b52a97bba,2024-11-25 17:09:11,where-did-you,6783481-75184478,selection,Lucifer,4,1
50d34979-caa3-42d8-9a24-12f62695e9e9,75184478,0,map[app_bundle_id:<nil> app_download_link:<nil> app_link:<nil> app_name:Unofficial country:us created_at:1.559112773e+09 display_name:Unofficial external_id:tvtime-unofficial external_source_type:<nil> full_logo_url:<nil> is_cascaded:false logo_color:#777777 logo_name:* logo_url:<nil> logos:map[selected_dark_mode:https://d36rlb2fgh8cjd.cloudfront.net/logos/networks/unofficial/selected-dark-mode.png selected_light_mode:https://d36rlb2fgh8cjd.cloudfront.net/logos/networks/unofficial/selected-light-mode.png unselected_dark_mode:https://d36rlb2fgh8cjd.cloudfront.net/logos/networks/unofficial/unselected-dark-mode.png unselected_light_mode:https://d36rlb2fgh8cjd.cloudfront.net/logos/networks/unofficial/unselected-light-mode.png] name_slug:unofficial-5dea16e9-fe85-4c85-83a1-b3ba4dc14a30 network_id:5dea16e9-fe85-4c85-83a1-b3ba4dc14a30 platform:unofficial platform_type:unofficial type:network_platform_source updated_at:1.559112773e+09],b32e4af4-3db5-41d8-8323-89f9e3e420aa,2025-05-13 16:42:20,where-did-you,75184478,selection,,,
2e2df8d6-a4a8-4dcc-b713-4c6de8293c61,75184478,0,map[app_bundle_id:<nil> app_download_link:<nil> app_link:<nil> app_name:Unofficial country:us created_at:1.559112773e+09 display_name:Unofficial external_id:tvtime-unofficial external_source_type:<nil> full_logo_url:<nil> is_cascaded:false logo_color:#777777 logo_name:* logo_url:<nil> logos:map[selected_dark_mode:https://d36rlb2fgh8cjd.cloudfront.net/logos/networks/unofficial/selected-dark-mode.png selected_light_mode:https://d36rlb2fgh8cjd.cloudfront.net/logos/networks/unofficial/selected-light-mode.png unselected_dark_mode:https://d36rlb2fgh8cjd.cloudfront.net/logos/networks/unofficial/unselected-dark-mode.png unselected_light_mode:https://d36rlb2fgh8cjd.cloudfront.net/logos/networks/unofficial/unselected-light-mode.png] name_slug:unofficial-5dea16e9-fe85-4c85-83a1-b3ba4dc14a30 network_id:5dea16e9-fe85-4c85-83a1-b3ba4dc14a30 platform:unofficial platform_type:unofficial type:network_platform_source updated_at:1.559112773e+09],5ed2a7ba-cea1-49f0-bed5-055e0f7b8d61,2026-06-05 13:59:13,where-did-you,75184478,selection,,,
305288,75184478,7488825,map[app_bundle_id:<nil> app_download_link:<nil> app_link:<nil> app_name:Unofficial country:us created_at:1.559112773e+09 display_name:Unofficial external_id:tvtime-unofficial external_source_type:<nil> full_logo_url:<nil> is_cascaded:false logo_color:#777777 logo_name:* logo_url:<nil> logos:map[selected_dark_mode:https://d36rlb2fgh8cjd.cloudfront.net/logos/networks/unofficial/selected-dark-mode.png selected_light_mode:https://d36rlb2fgh8cjd.cloudfront.net/logos/networks/unofficial/selected-light-mode.png unselected_dark_mode:https://d36rlb2fgh8cjd.cloudfront.net/logos/networks/unofficial/unselected-dark-mode.png unselected_light_mode:https://d36rlb2fgh8cjd.cloudfront.net/logos/networks/unofficial/unselected-light-mode.png] name_slug:unofficial-5dea16e9-fe85-4c85-83a1-b3ba4dc14a30 network_id:5dea16e9-fe85-4c85-83a1-b3ba4dc14a30 platform:unofficial platform_type:unofficial type:network_platform_source updated_at:1.559112773e+09],d58373fd-2c3c-4437-bad4-6ddd3504f525,2024-10-01 16:43:20,where-did-you,7488825-75184478,selection,Stranger Things,4,1
d50129a9-d630-4ec3-8162-48b1150689eb,75184478,0,map[app_bundle_id:<nil> app_download_link:<nil> app_link:<nil> app_name:Unofficial country:us created_at:1.559112773e+09 display_name:Unofficial external_id:tvtime-unofficial external_source_type:<nil> full_logo_url:<nil> is_cascaded:false logo_color:#777777 logo_name:* logo_url:<nil> logos:map[selected_dark_mode:https://d36rlb2fgh8cjd.cloudfront.net/logos/networks/unofficial/selected-dark-mode.png selected_light_mode:https://d36rlb2fgh8cjd.cloudfront.net/logos/networks/unofficial/selected-light-mode.png unselected_dark_mode:https://d36rlb2fgh8cjd.cloudfront.net/logos/networks/unofficial/unselected-dark-mode.png unselected_light_mode:https://d36rlb2fgh8cjd.cloudfront.net/logos/networks/unofficial/unselected-light-mode.png] name_slug:unofficial-5dea16e9-fe85-4c85-83a1-b3ba4dc14a30 network_id:5dea16e9-fe85-4c85-83a1-b3ba4dc14a30 platform:unofficial platform_type:unofficial type:network_platform_source updated_at:1.559112773e+09],d8f18740-10fa-4430-b65f-050cc85862bf,2026-01-04 18:24:24,where-did-you,75184478,selection,,,
8b24570f-e6b1-4271-9f74-f6ea0bedb1eb,75184478,0,map[app_bundle_id:<nil> app_download_link:<nil> app_link:<nil> app_name:Unofficial country:us created_at:1.559112773e+09 display_name:Unofficial external_id:tvtime-unofficial external_source_type:<nil> full_logo_url:<nil> is_cascaded:false logo_color:#777777 logo_name:* logo_url:<nil> logos:map[selected_dark_mode:https://d36rlb2fgh8cjd.cloudfront.net/logos/networks/unofficial/selected-dark-mode.png selected_light_mode:https://d36rlb2fgh8cjd.cloudfront.net/logos/networks/unofficial/selected-light-mode.png unselected_dark_mode:https://d36rlb2fgh8cjd.cloudfront.net/logos/networks/unofficial/unselected-dark-mode.png unselected_light_mode:https://d36rlb2fgh8cjd.cloudfront.net/logos/networks/unofficial/unselected-light-mode.png] name_slug:unofficial-5dea16e9-fe85-4c85-83a1-b3ba4dc14a30 network_id:5dea16e9-fe85-4c85-83a1-b3ba4dc14a30 platform:unofficial platform_type:unofficial type:network_platform_source updated_at:1.559112773e+09],91d8ff3a-7d48-4fcd-bf07-7359aaa06658,2026-02-12 12:58:11,where-did-you,75184478,selection,,,
bfae97c0-c0dc-41ac-81e5-beff98ede825,75184478,0,map[app_bundle_id:<nil> app_download_link:<nil> app_link:<nil> app_name:Unofficial country:us created_at:1.559112773e+09 display_name:Unofficial external_id:tvtime-unofficial external_source_type:<nil> full_logo_url:<nil> is_cascaded:false logo_color:#777777 logo_name:* logo_url:<nil> logos:map[selected_dark_mode:https://d36rlb2fgh8cjd.cloudfront.net/logos/networks/unofficial/selected-dark-mode.png selected_light_mode:https://d36rlb2fgh8cjd.cloudfront.net/logos/networks/unofficial/selected-light-mode.png unselected_dark_mode:https://d36rlb2fgh8cjd.cloudfront.net/logos/networks/unofficial/unselected-dark-mode.png unselected_light_mode:https://d36rlb2fgh8cjd.cloudfront.net/logos/networks/unofficial/unselected-light-mode.png] name_slug:unofficial-5dea16e9-fe85-4c85-83a1-b3ba4dc14a30 network_id:5dea16e9-fe85-4c85-83a1-b3ba4dc14a30 platform:unofficial platform_type:unofficial type:network_platform_source updated_at:1.559112773e+09],7e495bfd-b340-4cf7-ac82-58fab27b1273,2026-04-15 14:51:28,where-did-you,75184478,selection,,,
69973f48-6de5-46b3-b030-78ea5116ad4f,75184478,0,map[app_bundle_id:<nil> app_download_link:<nil> app_link:<nil> app_name:Unofficial country:us created_at:1.559112773e+09 display_name:Unofficial external_id:tvtime-unofficial external_source_type:<nil> full_logo_url:<nil> is_cascaded:false logo_color:#777777 logo_name:* logo_url:<nil> logos:map[selected_dark_mode:https://d36rlb2fgh8cjd.cloudfront.net/logos/networks/unofficial/selected-dark-mode.png selected_light_mode:https://d36rlb2fgh8cjd.cloudfront.net/logos/networks/unofficial/selected-light-mode.png unselected_dark_mode:https://d36rlb2fgh8cjd.cloudfront.net/logos/networks/unofficial/unselected-dark-mode.png unselected_light_mode:https://d36rlb2fgh8cjd.cloudfront.net/logos/networks/unofficial/unselected-light-mode.png] name_slug:unofficial-5dea16e9-fe85-4c85-83a1-b3ba4dc14a30 network_id:5dea16e9-fe85-4c85-83a1-b3ba4dc14a30 platform:unofficial platform_type:unofficial type:network_platform_source updated_at:1.559112773e+09],bbee5956-1690-473d-bfe3-4818916779a8,2024-10-03 05:18:47,where-did-you,75184478,selection,,,
334824,75184478,6347556,map[app_bundle_id:<nil> app_download_link:<nil> app_link:<nil> app_name:Unofficial country:us created_at:1.559112773e+09 display_name:Unofficial external_id:tvtime-unofficial external_source_type:<nil> full_logo_url:<nil> is_cascaded:false logo_color:#777777 logo_name:* logo_url:<nil> logos:map[selected_dark_mode:https://d36rlb2fgh8cjd.cloudfront.net/logos/networks/unofficial/selected-dark-mode.png selected_light_mode:https://d36rlb2fgh8cjd.cloudfront.net/logos/networks/unofficial/selected-light-mode.png unselected_dark_mode:https://d36rlb2fgh8cjd.cloudfront.net/logos/networks/unofficial/unselected-dark-mode.png unselected_light_mode:https://d36rlb2fgh8cjd.cloudfront.net/logos/networks/unofficial/unselected-light-mode.png] name_slug:unofficial-5dea16e9-fe85-4c85-83a1-b3ba4dc14a30 network_id:5dea16e9-fe85-4c85-83a1-b3ba4dc14a30 platform:unofficial platform_type:unofficial type:network_platform_source updated_at:1.559112773e+09],2e42445d-5d93-4bab-82b7-3d74cd9a8841,2024-09-20 15:04:20,where-did-you,6347556-75184478,selection,Dark,1,7
74796,75184478,9865598,map[app_bundle_id:<nil> app_download_link:<nil> app_link:<nil> app_name:Unofficial country:us created_at:1.559112773e+09 display_name:Unofficial external_id:tvtime-unofficial external_source_type:<nil> full_logo_url:<nil> is_cascaded:false logo_color:#777777 logo_name:* logo_url:<nil> logos:map[selected_dark_mode:https://d36rlb2fgh8cjd.cloudfront.net/logos/networks/unofficial/selected-dark-mode.png selected_light_mode:https://d36rlb2fgh8cjd.cloudfront.net/logos/networks/unofficial/selected-light-mode.png unselected_dark_mode:https://d36rlb2fgh8cjd.cloudfront.net/logos/networks/unofficial/unselected-dark-mode.png unselected_light_mode:https://d36rlb2fgh8cjd.cloudfront.net/logos/networks/unofficial/unselected-light-mode.png] name_slug:unofficial-5dea16e9-fe85-4c85-83a1-b3ba4dc14a30 network_id:5dea16e9-fe85-4c85-83a1-b3ba4dc14a30 platform:unofficial platform_type:unofficial type:network_platform_source updated_at:1.559112773e+09],5bfa14d8-7631-43a1-ab54-b10a25f9c93a,2024-11-07 09:57:16,where-did-you,9865598-75184478,selection,Bleach,17,19
b7fa700c-f101-48fd-b890-9e3ebf0ecf00,75184478,0,map[app_bundle_id:<nil> app_download_link:<nil> app_link:<nil> app_name:Unofficial country:us created_at:1.559112773e+09 display_name:Unofficial external_id:tvtime-unofficial external_source_type:<nil> full_logo_url:<nil> is_cascaded:false logo_color:#777777 logo_name:* logo_url:<nil> logos:map[selected_dark_mode:https://d36rlb2fgh8cjd.cloudfront.net/logos/networks/unofficial/selected-dark-mode.png selected_light_mode:https://d36rlb2fgh8cjd.cloudfront.net/logos/networks/unofficial/selected-light-mode.png unselected_dark_mode:https://d36rlb2fgh8cjd.cloudfront.net/logos/networks/unofficial/unselected-dark-mode.png unselected_light_mode:https://d36rlb2fgh8cjd.cloudfront.net/logos/networks/unofficial/unselected-light-mode.png] name_slug:unofficial-5dea16e9-fe85-4c85-83a1-b3ba4dc14a30 network_id:5dea16e9-fe85-4c85-83a1-b3ba4dc14a30 platform:unofficial platform_type:unofficial type:network_platform_source updated_at:1.559112773e+09],1f9e9dcf-0866-427e-b2f3-98eaaaa6768a,2025-12-13 07:40:47,where-did-you,75184478,selection,,,
e9b80d08-afa2-4a4f-b144-62517b6836cd,75184478,0,map[app_bundle_id:com.netflix.mediaclient app_download_link:<nil> app_link:https://www.netflix.com/in/title/80097355 app_name:Netflix country:IN created_at:1.753665738e+09 display_name:Netflix external_id:5ce4a1c2-b10a-4624-b2f2-f3e4c86a3bd1 external_source_type:SVOD full_logo_url:<nil> is_cascaded:false logo_color:#e80000 logo_name:N logo_url:https://d36rlb2fgh8cjd.cloudfront.net/logos/networks/network-netflix-logo.png logos:map[selected_dark_mode:https://d36rlb2fgh8cjd.cloudfront.net/logos/networks/netflix/selected-dark-mode.png selected_light_mode:https://d36rlb2fgh8cjd.cloudfront.net/logos/networks/netflix/selected-light-mode.png unselected_dark_mode:https://d36rlb2fgh8cjd.cloudfront.net/logos/networks/netflix/unselected-dark-mode.png unselected_light_mode:https://d36rlb2fgh8cjd.cloudfront.net/logos/networks/netflix/unselected-light-mode.png] name_slug:netflix-5ce4a1c2-b10a-4624-b2f2-f3e4c86a3bd1 network_id:5ce4a1c2-b10a-4624-b2f2-f3e4c86a3bd1 platform:web platform_type:purchase type:network_platform_source updated_at:1.753665738e+09],767dcd00-9ad4-4020-b7ce-e05b574a54f8,2025-07-28 01:22:27,where-did-you,75184478,selection,,,
90ddccb8-b877-4df3-b655-7bf70f98605e,75184478,0,map[app_bundle_id:<nil> app_download_link:<nil> app_link:<nil> app_name:Unofficial country:us created_at:1.559112773e+09 display_name:Unofficial external_id:tvtime-unofficial external_source_type:<nil> full_logo_url:<nil> is_cascaded:false logo_color:#777777 logo_name:* logo_url:<nil> logos:map[selected_dark_mode:https://d36rlb2fgh8cjd.cloudfront.net/logos/networks/unofficial/selected-dark-mode.png selected_light_mode:https://d36rlb2fgh8cjd.cloudfront.net/logos/networks/unofficial/selected-light-mode.png unselected_dark_mode:https://d36rlb2fgh8cjd.cloudfront.net/logos/networks/unofficial/unselected-dark-mode.png unselected_light_mode:https://d36rlb2fgh8cjd.cloudfront.net/logos/networks/unofficial/unselected-light-mode.png] name_slug:unofficial-5dea16e9-fe85-4c85-83a1-b3ba4dc14a30 network_id:5dea16e9-fe85-4c85-83a1-b3ba4dc14a30 platform:unofficial platform_type:unofficial type:network_platform_source updated_at:1.559112773e+09],3d73a37a-ed0c-4d16-b3c0-c3fda2a4d4ab,2025-12-31 14:54:06,where-did-you,75184478,selection,,,
334824,75184478,6347557,map[app_bundle_id:<nil> app_download_link:<nil> app_link:<nil> app_name:Unofficial country:us created_at:1.559112773e+09 display_name:Unofficial external_id:tvtime-unofficial external_source_type:<nil> full_logo_url:<nil> is_cascaded:false logo_color:#777777 logo_name:* logo_url:<nil> logos:map[selected_dark_mode:https://d36rlb2fgh8cjd.cloudfront.net/logos/networks/unofficial/selected-dark-mode.png selected_light_mode:https://d36rlb2fgh8cjd.cloudfront.net/logos/networks/unofficial/selected-light-mode.png unselected_dark_mode:https://d36rlb2fgh8cjd.cloudfront.net/logos/networks/unofficial/unselected-dark-mode.png unselected_light_mode:https://d36rlb2fgh8cjd.cloudfront.net/logos/networks/unofficial/unselected-light-mode.png] name_slug:unofficial-5dea16e9-fe85-4c85-83a1-b3ba4dc14a30 network_id:5dea16e9-fe85-4c85-83a1-b3ba4dc14a30 platform:unofficial platform_type:unofficial type:network_platform_source updated_at:1.559112773e+09],012c43c1-d861-4130-88a7-5fc21376c3fe,2024-09-24 20:38:26,where-did-you,6347557-75184478,selection,Dark,1,8
334824,75184478,6347558,map[app_bundle_id:<nil> app_download_link:<nil> app_link:<nil> app_name:Unofficial country:us created_at:1.559112773e+09 display_name:Unofficial external_id:tvtime-unofficial external_source_type:<nil> full_logo_url:<nil> is_cascaded:false logo_color:#777777 logo_name:* logo_url:<nil> logos:map[selected_dark_mode:https://d36rlb2fgh8cjd.cloudfront.net/logos/networks/unofficial/selected-dark-mode.png selected_light_mode:https://d36rlb2fgh8cjd.cloudfront.net/logos/networks/unofficial/selected-light-mode.png unselected_dark_mode:https://d36rlb2fgh8cjd.cloudfront.net/logos/networks/unofficial/unselected-dark-mode.png unselected_light_mode:https://d36rlb2fgh8cjd.cloudfront.net/logos/networks/unofficial/unselected-light-mode.png] name_slug:unofficial-5dea16e9-fe85-4c85-83a1-b3ba4dc14a30 network_id:5dea16e9-fe85-4c85-83a1-b3ba4dc14a30 platform:unofficial platform_type:unofficial type:network_platform_source updated_at:1.559112773e+09],aa9beed3-635d-455b-baaf-d37472c40d5d,2024-09-24 20:43:37,where-did-you,6347558-75184478,selection,Dark,1,9
990be31e-07de-49a6-bfa2-8a8042fcc5ff,75184478,0,map[app_bundle_id:<nil> app_download_link:<nil> app_link:<nil> app_name:Unofficial country:us created_at:1.559112773e+09 display_name:Unofficial external_id:tvtime-unofficial external_source_type:<nil> full_logo_url:<nil> is_cascaded:false logo_color:#777777 logo_name:* logo_url:<nil> logos:map[selected_dark_mode:https://d36rlb2fgh8cjd.cloudfront.net/logos/networks/unofficial/selected-dark-mode.png selected_light_mode:https://d36rlb2fgh8cjd.cloudfront.net/logos/networks/unofficial/selected-light-mode.png unselected_dark_mode:https://d36rlb2fgh8cjd.cloudfront.net/logos/networks/unofficial/unselected-dark-mode.png unselected_light_mode:https://d36rlb2fgh8cjd.cloudfront.net/logos/networks/unofficial/unselected-light-mode.png] name_slug:unofficial-5dea16e9-fe85-4c85-83a1-b3ba4dc14a30 network_id:5dea16e9-fe85-4c85-83a1-b3ba4dc14a30 platform:unofficial platform_type:unofficial type:network_platform_source updated_at:1.559112773e+09],aa92d156-c130-4d2d-bf9c-f5c277505fa6,2025-12-31 15:13:04,where-did-you,75184478,selection,,,
334824,75184478,7241878,map[app_bundle_id:<nil> app_download_link:<nil> app_link:<nil> app_name:Unofficial country:us created_at:1.559112773e+09 display_name:Unofficial external_id:tvtime-unofficial external_source_type:<nil> full_logo_url:<nil> is_cascaded:false logo_color:#777777 logo_name:* logo_url:<nil> logos:map[selected_dark_mode:https://d36rlb2fgh8cjd.cloudfront.net/logos/networks/unofficial/selected-dark-mode.png selected_light_mode:https://d36rlb2fgh8cjd.cloudfront.net/logos/networks/unofficial/selected-light-mode.png unselected_dark_mode:https://d36rlb2fgh8cjd.cloudfront.net/logos/networks/unofficial/unselected-dark-mode.png unselected_light_mode:https://d36rlb2fgh8cjd.cloudfront.net/logos/networks/unofficial/unselected-light-mode.png] name_slug:unofficial-5dea16e9-fe85-4c85-83a1-b3ba4dc14a30 network_id:5dea16e9-fe85-4c85-83a1-b3ba4dc14a30 platform:unofficial platform_type:unofficial type:network_platform_source updated_at:1.559112773e+09],22ab0092-ff5a-43c8-8b48-e09c0afde631,2024-10-09 17:45:21,where-did-you,7241878-75184478,selection,Dark,2,4
403262,75184478,8483527,map[app_bundle_id:<nil> app_download_link:<nil> app_link:<nil> app_name:Unofficial country:us created_at:1.559112773e+09 display_name:Unofficial external_id:tvtime-unofficial external_source_type:<nil> full_logo_url:<nil> is_cascaded:false logo_color:#777777 logo_name:* logo_url:<nil> logos:map[selected_dark_mode:https://d36rlb2fgh8cjd.cloudfront.net/logos/networks/unofficial/selected-dark-mode.png selected_light_mode:https://d36rlb2fgh8cjd.cloudfront.net/logos/networks/unofficial/selected-light-mode.png unselected_dark_mode:https://d36rlb2fgh8cjd.cloudfront.net/logos/networks/unofficial/unselected-dark-mode.png unselected_light_mode:https://d36rlb2fgh8cjd.cloudfront.net/logos/networks/unofficial/unselected-light-mode.png] name_slug:unofficial-5dea16e9-fe85-4c85-83a1-b3ba4dc14a30 network_id:5dea16e9-fe85-4c85-83a1-b3ba4dc14a30 platform:unofficial platform_type:unofficial type:network_platform_source updated_at:1.559112773e+09],a24a689c-8f8b-4847-a0fc-ee83af935dc2,2024-10-12 08:55:22,where-did-you,8483527-75184478,selection,Sunflower,1,3
334824,75184478,7241876,map[app_bundle_id:<nil> app_download_link:<nil> app_link:<nil> app_name:Unofficial country:us created_at:1.559112773e+09 display_name:Unofficial external_id:tvtime-unofficial external_source_type:<nil> full_logo_url:<nil> is_cascaded:false logo_color:#777777 logo_name:* logo_url:<nil> logos:map[selected_dark_mode:https://d36rlb2fgh8cjd.cloudfront.net/logos/networks/unofficial/selected-dark-mode.png selected_light_mode:https://d36rlb2fgh8cjd.cloudfront.net/logos/networks/unofficial/selected-light-mode.png unselected_dark_mode:https://d36rlb2fgh8cjd.cloudfront.net/logos/networks/unofficial/unselected-dark-mode.png unselected_light_mode:https://d36rlb2fgh8cjd.cloudfront.net/logos/networks/unofficial/unselected-light-mode.png] name_slug:unofficial-5dea16e9-fe85-4c85-83a1-b3ba4dc14a30 network_id:5dea16e9-fe85-4c85-83a1-b3ba4dc14a30 platform:unofficial platform_type:unofficial type:network_platform_source updated_at:1.559112773e+09],be7b3ee9-baa3-49fb-86f2-4b9fd366072c,2024-10-09 17:44:07,where-did-you,7241876-75184478,selection,Dark,2,3
cf81c34e-83c9-4405-b449-47ea544a554f,75184478,0,map[app_bundle_id:<nil> app_download_link:<nil> app_link:<nil> app_name:Unofficial country:us created_at:1.559112773e+09 display_name:Unofficial external_id:tvtime-unofficial external_source_type:<nil> full_logo_url:<nil> is_cascaded:false logo_color:#777777 logo_name:* logo_url:<nil> logos:map[selected_dark_mode:https://d36rlb2fgh8cjd.cloudfront.net/logos/networks/unofficial/selected-dark-mode.png selected_light_mode:https://d36rlb2fgh8cjd.cloudfront.net/logos/networks/unofficial/selected-light-mode.png unselected_dark_mode:https://d36rlb2fgh8cjd.cloudfront.net/logos/networks/unofficial/unselected-dark-mode.png unselected_light_mode:https://d36rlb2fgh8cjd.cloudfront.net/logos/networks/unofficial/unselected-light-mode.png] name_slug:unofficial-5dea16e9-fe85-4c85-83a1-b3ba4dc14a30 network_id:5dea16e9-fe85-4c85-83a1-b3ba4dc14a30 platform:unofficial platform_type:unofficial type:network_platform_source updated_at:1.559112773e+09],a3185ab6-0084-47b5-b2a6-7453f55374cd,2026-06-15 17:33:44,where-did-you,75184478,selection,,,
74796,75184478,9477211,map[app_bundle_id:<nil> app_download_link:<nil> app_link:<nil> app_name:Unofficial country:us created_at:1.559112773e+09 display_name:Unofficial external_id:tvtime-unofficial external_source_type:<nil> full_logo_url:<nil> is_cascaded:false logo_color:#777777 logo_name:* logo_url:<nil> logos:map[selected_dark_mode:https://d36rlb2fgh8cjd.cloudfront.net/logos/networks/unofficial/selected-dark-mode.png selected_light_mode:https://d36rlb2fgh8cjd.cloudfront.net/logos/networks/unofficial/selected-light-mode.png unselected_dark_mode:https://d36rlb2fgh8cjd.cloudfront.net/logos/networks/unofficial/unselected-dark-mode.png unselected_light_mode:https://d36rlb2fgh8cjd.cloudfront.net/logos/networks/unofficial/unselected-light-mode.png] name_slug:unofficial-5dea16e9-fe85-4c85-83a1-b3ba4dc14a30 network_id:5dea16e9-fe85-4c85-83a1-b3ba4dc14a30 platform:unofficial platform_type:unofficial type:network_platform_source updated_at:1.559112773e+09],d03969e9-8662-46a8-9996-f8a818c1ee22,2024-11-06 18:19:59,where-did-you,9477211-75184478,selection,Bleach,17,13
334824,75184478,7605180,map[app_bundle_id:<nil> app_download_link:<nil> app_link:<nil> app_name:Unofficial country:us created_at:1.559112773e+09 display_name:Unofficial external_id:tvtime-unofficial external_source_type:<nil> full_logo_url:<nil> is_cascaded:false logo_color:#777777 logo_name:* logo_url:<nil> logos:map[selected_dark_mode:https://d36rlb2fgh8cjd.cloudfront.net/logos/networks/unofficial/selected-dark-mode.png selected_light_mode:https://d36rlb2fgh8cjd.cloudfront.net/logos/networks/unofficial/selected-light-mode.png unselected_dark_mode:https://d36rlb2fgh8cjd.cloudfront.net/logos/networks/unofficial/unselected-dark-mode.png unselected_light_mode:https://d36rlb2fgh8cjd.cloudfront.net/logos/networks/unofficial/unselected-light-mode.png] name_slug:unofficial-5dea16e9-fe85-4c85-83a1-b3ba4dc14a30 network_id:5dea16e9-fe85-4c85-83a1-b3ba4dc14a30 platform:unofficial platform_type:unofficial type:network_platform_source updated_at:1.559112773e+09],994ae730-8212-46cf-888f-d85eabe87c95,2024-10-17 12:33:55,where-did-you,7605180-75184478,selection,Dark,3,8
dbaa74e8-bbb3-428f-89da-85c171aae072,75184478,0,map[app_bundle_id:<nil> app_download_link:<nil> app_link:<nil> app_name:Unofficial country:us created_at:1.559112773e+09 display_name:Unofficial external_id:tvtime-unofficial external_source_type:<nil> is_cascaded:false logo_color:#777777 logo_name:* logo_url:<nil> logos:map[selected_dark_mode:https://d36rlb2fgh8cjd.cloudfront.net/logos/networks/unofficial/selected-dark-mode.png selected_light_mode:https://d36rlb2fgh8cjd.cloudfront.net/logos/networks/unofficial/selected-light-mode.png unselected_dark_mode:https://d36rlb2fgh8cjd.cloudfront.net/logos/networks/unofficial/unselected-dark-mode.png unselected_light_mode:https://d36rlb2fgh8cjd.cloudfront.net/logos/networks/unofficial/unselected-light-mode.png] name_slug:unofficial-5dea16e9-fe85-4c85-83a1-b3ba4dc14a30 network_id:5dea16e9-fe85-4c85-83a1-b3ba4dc14a30 platform:unofficial platform_type:unofficial type:network_platform_source updated_at:1.559112773e+09],2c22e302-c549-4831-9607-f2705c2f461a,2024-03-06 10:38:47,where-did-you,75184478,selection,,,
8d76d4bd-29da-4f7b-aae7-119644ab75ac,75184478,0,map[app_bundle_id:<nil> app_download_link:<nil> app_link:<nil> app_name:Unofficial country:us created_at:1.559112773e+09 display_name:Unofficial external_id:tvtime-unofficial external_source_type:<nil> full_logo_url:<nil> is_cascaded:false logo_color:#777777 logo_name:* logo_url:<nil> logos:map[selected_dark_mode:https://d36rlb2fgh8cjd.cloudfront.net/logos/networks/unofficial/selected-dark-mode.png selected_light_mode:https://d36rlb2fgh8cjd.cloudfront.net/logos/networks/unofficial/selected-light-mode.png unselected_dark_mode:https://d36rlb2fgh8cjd.cloudfront.net/logos/networks/unofficial/unselected-dark-mode.png unselected_light_mode:https://d36rlb2fgh8cjd.cloudfront.net/logos/networks/unofficial/unselected-light-mode.png] name_slug:unofficial-5dea16e9-fe85-4c85-83a1-b3ba4dc14a30 network_id:5dea16e9-fe85-4c85-83a1-b3ba4dc14a30 platform:unofficial platform_type:unofficial type:network_platform_source updated_at:1.559112773e+09],027ea94e-f3d4-47db-abd1-0f3c9c349138,2025-10-05 13:54:36,where-did-you,75184478,selection,,,
b0346b6a-3141-4ef3-bc9b-7982571207fe,75184478,0,map[app_bundle_id:com.google.android.youtube app_download_link:<nil> app_link:https://www.youtube.com/watch?v=_9ihzdv200U app_name:YouTube country:GB created_at:1.733674871e+09 display_name:YouTube external_id:3d84fd0a-9f7c-45b4-ac1b-bb198311d827 external_source_type:TVOD full_logo_url:<nil> is_cascaded:false logo_color:#FF0000 logo_name:Y logo_url:https://d36rlb2fgh8cjd.cloudfront.net/logos/networks/network-youtube-logo.png logos:map[selected_dark_mode:https://d36rlb2fgh8cjd.cloudfront.net/logos/networks/youtube/selected-dark-mode.png selected_light_mode:https://d36rlb2fgh8cjd.cloudfront.net/logos/networks/youtube/selected-light-mode.png unselected_dark_mode:https://d36rlb2fgh8cjd.cloudfront.net/logos/networks/youtube/unselected-dark-mode.png unselected_light_mode:https://d36rlb2fgh8cjd.cloudfront.net/logos/networks/youtube/unselected-light-mode.png] name_slug:youtube-3d84fd0a-9f7c-45b4-ac1b-bb198311d827 network_id:3d84fd0a-9f7c-45b4-ac1b-bb198311d827 platform:web platform_type:purchase type:network_platform_source updated_at:1.733674871e+09],4b221f44-cbb1-4108-9e04-858b22ebb72a,2024-12-08 17:51:55,where-did-you,75184478,selection,,,
74796,75184478,9360917,map[app_bundle_id:<nil> app_download_link:<nil> app_link:<nil> app_name:Unofficial country:us created_at:1.559112773e+09 display_name:Unofficial external_id:tvtime-unofficial external_source_type:<nil> full_logo_url:<nil> is_cascaded:false logo_color:#777777 logo_name:* logo_url:<nil> logos:map[selected_dark_mode:https://d36rlb2fgh8cjd.cloudfront.net/logos/networks/unofficial/selected-dark-mode.png selected_light_mode:https://d36rlb2fgh8cjd.cloudfront.net/logos/networks/unofficial/selected-light-mode.png unselected_dark_mode:https://d36rlb2fgh8cjd.cloudfront.net/logos/networks/unofficial/unselected-dark-mode.png unselected_light_mode:https://d36rlb2fgh8cjd.cloudfront.net/logos/networks/unofficial/unselected-light-mode.png] name_slug:unofficial-5dea16e9-fe85-4c85-83a1-b3ba4dc14a30 network_id:5dea16e9-fe85-4c85-83a1-b3ba4dc14a30 platform:unofficial platform_type:unofficial type:network_platform_source updated_at:1.559112773e+09],1e374b2a-f8b3-48be-a41c-2cc01ef26d7a,2024-11-06 17:38:36,where-did-you,9360917-75184478,selection,Bleach,17,11
389597,75184478,10730597,map[app_bundle_id:<nil> app_download_link:<nil> app_link:<nil> app_name:Unofficial country:us created_at:1.559112773e+09 display_name:Unofficial external_id:tvtime-unofficial external_source_type:<nil> full_logo_url:<nil> is_cascaded:false logo_color:#777777 logo_name:* logo_url:<nil> logos:map[selected_dark_mode:https://d36rlb2fgh8cjd.cloudfront.net/logos/networks/unofficial/selected-dark-mode.png selected_light_mode:https://d36rlb2fgh8cjd.cloudfront.net/logos/networks/unofficial/selected-light-mode.png unselected_dark_mode:https://d36rlb2fgh8cjd.cloudfront.net/logos/networks/unofficial/unselected-dark-mode.png unselected_light_mode:https://d36rlb2fgh8cjd.cloudfront.net/logos/networks/unofficial/unselected-light-mode.png] name_slug:unofficial-5dea16e9-fe85-4c85-83a1-b3ba4dc14a30 network_id:5dea16e9-fe85-4c85-83a1-b3ba4dc14a30 platform:unofficial platform_type:unofficial type:network_platform_source updated_at:1.559112773e+09],3af54888-2b44-4024-9c0a-9e69940b2585,2025-01-11 17:24:10,where-did-you,10730597-75184478,selection,Solo Leveling,2,2
369026,75184478,7341873,map[app_bundle_id:<nil> app_download_link:<nil> app_link:<nil> app_name:Unofficial country:us created_at:1.559112773e+09 display_name:Unofficial external_id:tvtime-unofficial external_source_type:<nil> full_logo_url:<nil> is_cascaded:false logo_color:#777777 logo_name:* logo_url:<nil> logos:map[selected_dark_mode:https://d36rlb2fgh8cjd.cloudfront.net/logos/networks/unofficial/selected-dark-mode.png selected_light_mode:https://d36rlb2fgh8cjd.cloudfront.net/logos/networks/unofficial/selected-light-mode.png unselected_dark_mode:https://d36rlb2fgh8cjd.cloudfront.net/logos/networks/unofficial/unselected-dark-mode.png unselected_light_mode:https://d36rlb2fgh8cjd.cloudfront.net/logos/networks/unofficial/unselected-light-mode.png] name_slug:unofficial-5dea16e9-fe85-4c85-83a1-b3ba4dc14a30 network_id:5dea16e9-fe85-4c85-83a1-b3ba4dc14a30 platform:unofficial platform_type:unofficial type:network_platform_source updated_at:1.559112773e+09],bfa21ae4-3e99-428a-a491-3c616f6b61a6,2024-10-16 08:35:49,where-did-you,7341873-75184478,selection,Uzumaki,1,1
cab3f8cf-cbc4-41cb-8ddd-bdcb0e67c53e,75184478,0,map[app_bundle_id:<nil> app_download_link:<nil> app_link:<nil> app_name:Unofficial country:us created_at:1.559112773e+09 display_name:Unofficial external_id:tvtime-unofficial external_source_type:<nil> full_logo_url:<nil> is_cascaded:false logo_color:#777777 logo_name:* logo_url:<nil> logos:map[selected_dark_mode:https://d36rlb2fgh8cjd.cloudfront.net/logos/networks/unofficial/selected-dark-mode.png selected_light_mode:https://d36rlb2fgh8cjd.cloudfront.net/logos/networks/unofficial/selected-light-mode.png unselected_dark_mode:https://d36rlb2fgh8cjd.cloudfront.net/logos/networks/unofficial/unselected-dark-mode.png unselected_light_mode:https://d36rlb2fgh8cjd.cloudfront.net/logos/networks/unofficial/unselected-light-mode.png] name_slug:unofficial-5dea16e9-fe85-4c85-83a1-b3ba4dc14a30 network_id:5dea16e9-fe85-4c85-83a1-b3ba4dc14a30 platform:unofficial platform_type:unofficial type:network_platform_source updated_at:1.559112773e+09],7e203293-357f-4dad-8721-af6e0b59ce72,2025-08-23 18:27:56,where-did-you,75184478,selection,,,
334824,75184478,6347553,map[app_bundle_id:<nil> app_download_link:<nil> app_link:<nil> app_name:Unofficial country:us created_at:1.559112773e+09 display_name:Unofficial external_id:tvtime-unofficial external_source_type:<nil> full_logo_url:<nil> is_cascaded:false logo_color:#777777 logo_name:* logo_url:<nil> logos:map[selected_dark_mode:https://d36rlb2fgh8cjd.cloudfront.net/logos/networks/unofficial/selected-dark-mode.png selected_light_mode:https://d36rlb2fgh8cjd.cloudfront.net/logos/networks/unofficial/selected-light-mode.png unselected_dark_mode:https://d36rlb2fgh8cjd.cloudfront.net/logos/networks/unofficial/unselected-dark-mode.png unselected_light_mode:https://d36rlb2fgh8cjd.cloudfront.net/logos/networks/unofficial/unselected-light-mode.png] name_slug:unofficial-5dea16e9-fe85-4c85-83a1-b3ba4dc14a30 network_id:5dea16e9-fe85-4c85-83a1-b3ba4dc14a30 platform:unofficial platform_type:unofficial type:network_platform_source updated_at:1.559112773e+09],1396da23-8fbf-4e72-b0cf-aae3ada2b0ef,2024-09-16 12:34:38,where-did-you,6347553-75184478,selection,Dark,1,4
389597,75184478,10843935,map[app_bundle_id:<nil> app_download_link:<nil> app_link:<nil> app_name:Unofficial country:us created_at:1.559112773e+09 display_name:Unofficial external_id:tvtime-unofficial external_source_type:<nil> full_logo_url:<nil> is_cascaded:false logo_color:#777777 logo_name:* logo_url:<nil> logos:map[selected_dark_mode:https://d36rlb2fgh8cjd.cloudfront.net/logos/networks/unofficial/selected-dark-mode.png selected_light_mode:https://d36rlb2fgh8cjd.cloudfront.net/logos/networks/unofficial/selected-light-mode.png unselected_dark_mode:https://d36rlb2fgh8cjd.cloudfront.net/logos/networks/unofficial/unselected-dark-mode.png unselected_light_mode:https://d36rlb2fgh8cjd.cloudfront.net/logos/networks/unofficial/unselected-light-mode.png] name_slug:unofficial-5dea16e9-fe85-4c85-83a1-b3ba4dc14a30 network_id:5dea16e9-fe85-4c85-83a1-b3ba4dc14a30 platform:unofficial platform_type:unofficial type:network_platform_source updated_at:1.559112773e+09],8073146d-ce30-487c-be7f-4b1c6d3ec133,2025-01-18 18:15:55,where-did-you,10843935-75184478,selection,Solo Leveling,2,3
d85318fd-ea57-495d-add5-239ded1489c1,75184478,0,map[app_bundle_id:<nil> app_download_link:<nil> app_link:<nil> app_name:Unofficial country:us created_at:1.559112773e+09 display_name:Unofficial external_id:tvtime-unofficial external_source_type:<nil> full_logo_url:<nil> is_cascaded:false logo_color:#777777 logo_name:* logo_url:<nil> logos:map[selected_dark_mode:https://d36rlb2fgh8cjd.cloudfront.net/logos/networks/unofficial/selected-dark-mode.png selected_light_mode:https://d36rlb2fgh8cjd.cloudfront.net/logos/networks/unofficial/selected-light-mode.png unselected_dark_mode:https://d36rlb2fgh8cjd.cloudfront.net/logos/networks/unofficial/unselected-dark-mode.png unselected_light_mode:https://d36rlb2fgh8cjd.cloudfront.net/logos/networks/unofficial/unselected-light-mode.png] name_slug:unofficial-5dea16e9-fe85-4c85-83a1-b3ba4dc14a30 network_id:5dea16e9-fe85-4c85-83a1-b3ba4dc14a30 platform:unofficial platform_type:unofficial type:network_platform_source updated_at:1.559112773e+09],34fa893a-f670-49b5-bd95-33ebf57c02c7,2025-09-06 07:28:46,where-did-you,75184478,selection,,,
22176d25-7e60-4fe4-9318-84c7d82a117a,75184478,0,map[app_bundle_id:<nil> app_download_link:<nil> app_link:<nil> app_name:Unofficial country:us created_at:1.559112773e+09 display_name:Unofficial external_id:tvtime-unofficial external_source_type:<nil> full_logo_url:<nil> is_cascaded:false logo_color:#777777 logo_name:* logo_url:<nil> logos:map[selected_dark_mode:https://d36rlb2fgh8cjd.cloudfront.net/logos/networks/unofficial/selected-dark-mode.png selected_light_mode:https://d36rlb2fgh8cjd.cloudfront.net/logos/networks/unofficial/selected-light-mode.png unselected_dark_mode:https://d36rlb2fgh8cjd.cloudfront.net/logos/networks/unofficial/unselected-dark-mode.png unselected_light_mode:https://d36rlb2fgh8cjd.cloudfront.net/logos/networks/unofficial/unselected-light-mode.png] name_slug:unofficial-5dea16e9-fe85-4c85-83a1-b3ba4dc14a30 network_id:5dea16e9-fe85-4c85-83a1-b3ba4dc14a30 platform:unofficial platform_type:unofficial type:network_platform_source updated_at:1.559112773e+09],6c382dff-5fc2-4f1d-9bf8-0341cfdd15f0,2025-05-10 07:59:19,where-did-you,75184478,selection,,,
d15fc3e3-a674-4f98-979d-29a548ec8a85,75184478,0,map[app_bundle_id:<nil> app_download_link:<nil> app_link:<nil> app_name:Unofficial country:us created_at:1.559112773e+09 display_name:Unofficial external_id:tvtime-unofficial external_source_type:<nil> full_logo_url:<nil> is_cascaded:false logo_color:#777777 logo_name:* logo_url:<nil> logos:map[selected_dark_mode:https://d36rlb2fgh8cjd.cloudfront.net/logos/networks/unofficial/selected-dark-mode.png selected_light_mode:https://d36rlb2fgh8cjd.cloudfront.net/logos/networks/unofficial/selected-light-mode.png unselected_dark_mode:https://d36rlb2fgh8cjd.cloudfront.net/logos/networks/unofficial/unselected-dark-mode.png unselected_light_mode:https://d36rlb2fgh8cjd.cloudfront.net/logos/networks/unofficial/unselected-light-mode.png] name_slug:unofficial-5dea16e9-fe85-4c85-83a1-b3ba4dc14a30 network_id:5dea16e9-fe85-4c85-83a1-b3ba4dc14a30 platform:unofficial platform_type:unofficial type:network_platform_source updated_at:1.559112773e+09],1aad5ddd-7e83-435e-affd-83f44e1f7579,2026-06-25 06:21:51,where-did-you,75184478,selection,,,
4aabf649-673d-4453-a6bb-73ad212e8037,75184478,0,map[app_bundle_id:<nil> app_download_link:<nil> app_link:<nil> app_name:Other country:IN created_at:1.559112773e+09 display_name:Other external_id:tvtime-other-IN external_source_type:<nil> full_logo_url:<nil> is_cascaded:false logo_color:#777777 logo_name:* logo_url:<nil> logos:map[selected_dark_mode:https://d36rlb2fgh8cjd.cloudfront.net/logos/networks/other/selected-dark-mode.png selected_light_mode:https://d36rlb2fgh8cjd.cloudfront.net/logos/networks/other/selected-light-mode.png unselected_dark_mode:https://d36rlb2fgh8cjd.cloudfront.net/logos/networks/other/unselected-dark-mode.png unselected_light_mode:https://d36rlb2fgh8cjd.cloudfront.net/logos/networks/other/unselected-light-mode.png] name_slug:other-01109d08-7513-4ddd-8990-6799d11004b8 network_id:01109d08-7513-4ddd-8990-6799d11004b8 platform:other platform_type:other type:network_platform_source updated_at:1.559112773e+09],a7db8a1a-b873-4a1b-ba6d-e10a83c6ca1a,2025-06-21 12:23:34,where-did-you,75184478,selection,,,
74796,75184478,9865600,map[app_bundle_id:<nil> app_download_link:<nil> app_link:<nil> app_name:Unofficial country:us created_at:1.559112773e+09 display_name:Unofficial external_id:tvtime-unofficial external_source_type:<nil> full_logo_url:<nil> is_cascaded:false logo_color:#777777 logo_name:* logo_url:<nil> logos:map[selected_dark_mode:https://d36rlb2fgh8cjd.cloudfront.net/logos/networks/unofficial/selected-dark-mode.png selected_light_mode:https://d36rlb2fgh8cjd.cloudfront.net/logos/networks/unofficial/selected-light-mode.png unselected_dark_mode:https://d36rlb2fgh8cjd.cloudfront.net/logos/networks/unofficial/unselected-dark-mode.png unselected_light_mode:https://d36rlb2fgh8cjd.cloudfront.net/logos/networks/unofficial/unselected-light-mode.png] name_slug:unofficial-5dea16e9-fe85-4c85-83a1-b3ba4dc14a30 network_id:5dea16e9-fe85-4c85-83a1-b3ba4dc14a30 platform:unofficial platform_type:unofficial type:network_platform_source updated_at:1.559112773e+09],5dd38851-c9bf-423a-8f12-dcc2d9d00c0a,2024-11-08 04:35:59,where-did-you,9865600-75184478,selection,Bleach,17,21
334824,75184478,6347551,map[app_bundle_id:<nil> app_download_link:<nil> app_link:<nil> app_name:Unofficial country:us created_at:1.559112773e+09 display_name:Unofficial external_id:tvtime-unofficial external_source_type:<nil> full_logo_url:<nil> is_cascaded:false logo_color:#777777 logo_name:* logo_url:<nil> logos:map[selected_dark_mode:https://d36rlb2fgh8cjd.cloudfront.net/logos/networks/unofficial/selected-dark-mode.png selected_light_mode:https://d36rlb2fgh8cjd.cloudfront.net/logos/networks/unofficial/selected-light-mode.png unselected_dark_mode:https://d36rlb2fgh8cjd.cloudfront.net/logos/networks/unofficial/unselected-dark-mode.png unselected_light_mode:https://d36rlb2fgh8cjd.cloudfront.net/logos/networks/unofficial/unselected-light-mode.png] name_slug:unofficial-5dea16e9-fe85-4c85-83a1-b3ba4dc14a30 network_id:5dea16e9-fe85-4c85-83a1-b3ba4dc14a30 platform:unofficial platform_type:unofficial type:network_platform_source updated_at:1.559112773e+09],de4ab484-9041-4562-a95a-38526cbdd7ef,2024-09-14 17:16:11,where-did-you,6347551-75184478,selection,Dark,1,2
4929b925-6c6d-4bad-979a-b53e4ecfa486,75184478,0,map[app_bundle_id:<nil> app_download_link:<nil> app_link:<nil> app_name:Other country:IN created_at:1.559112773e+09 display_name:Other external_id:tvtime-other-IN external_source_type:<nil> full_logo_url:<nil> is_cascaded:false logo_color:#777777 logo_name:* logo_url:<nil> logos:map[selected_dark_mode:https://d36rlb2fgh8cjd.cloudfront.net/logos/networks/other/selected-dark-mode.png selected_light_mode:https://d36rlb2fgh8cjd.cloudfront.net/logos/networks/other/selected-light-mode.png unselected_dark_mode:https://d36rlb2fgh8cjd.cloudfront.net/logos/networks/other/unselected-dark-mode.png unselected_light_mode:https://d36rlb2fgh8cjd.cloudfront.net/logos/networks/other/unselected-light-mode.png] name_slug:other-01109d08-7513-4ddd-8990-6799d11004b8 network_id:01109d08-7513-4ddd-8990-6799d11004b8 platform:other platform_type:other type:network_platform_source updated_at:1.559112773e+09],1ad3367c-7010-4bbf-8f80-ed6dec2f075a,2025-10-01 03:12:01,where-did-you,75184478,selection,,,
408629,75184478,10559636,map[app_bundle_id:<nil> app_download_link:<nil> app_link:<nil> app_name:Unofficial country:us created_at:1.559112773e+09 display_name:Unofficial external_id:tvtime-unofficial external_source_type:<nil> full_logo_url:<nil> is_cascaded:false logo_color:#777777 logo_name:* logo_url:<nil> logos:map[selected_dark_mode:https://d36rlb2fgh8cjd.cloudfront.net/logos/networks/unofficial/selected-dark-mode.png selected_light_mode:https://d36rlb2fgh8cjd.cloudfront.net/logos/networks/unofficial/selected-light-mode.png unselected_dark_mode:https://d36rlb2fgh8cjd.cloudfront.net/logos/networks/unofficial/unselected-dark-mode.png unselected_light_mode:https://d36rlb2fgh8cjd.cloudfront.net/logos/networks/unofficial/unselected-light-mode.png] name_slug:unofficial-5dea16e9-fe85-4c85-83a1-b3ba4dc14a30 network_id:5dea16e9-fe85-4c85-83a1-b3ba4dc14a30 platform:unofficial platform_type:unofficial type:network_platform_source updated_at:1.559112773e+09],d0eac02e-6a10-404c-a6a1-ffe8840ccdf8,2024-12-24 12:03:54,where-did-you,10559636-75184478,selection,BLUE LOCK,2,12
25d72184-f66a-4965-a647-8cbd74c2db59,75184478,0,map[app_bundle_id:<nil> app_download_link:<nil> app_link:<nil> app_name:Unofficial country:us created_at:1.559112773e+09 display_name:Unofficial external_id:tvtime-unofficial external_source_type:<nil> full_logo_url:<nil> is_cascaded:false logo_color:#777777 logo_name:* logo_url:<nil> logos:map[selected_dark_mode:https://d36rlb2fgh8cjd.cloudfront.net/logos/networks/unofficial/selected-dark-mode.png selected_light_mode:https://d36rlb2fgh8cjd.cloudfront.net/logos/networks/unofficial/selected-light-mode.png unselected_dark_mode:https://d36rlb2fgh8cjd.cloudfront.net/logos/networks/unofficial/unselected-dark-mode.png unselected_light_mode:https://d36rlb2fgh8cjd.cloudfront.net/logos/networks/unofficial/unselected-light-mode.png] name_slug:unofficial-5dea16e9-fe85-4c85-83a1-b3ba4dc14a30 network_id:5dea16e9-fe85-4c85-83a1-b3ba4dc14a30 platform:unofficial platform_type:unofficial type:network_platform_source updated_at:1.559112773e+09],571acab2-e112-4a62-b0d0-6a219a1e3ae8,2026-01-04 18:24:42,where-did-you,75184478,selection,,,
74796,75184478,9360918,map[app_bundle_id:<nil> app_download_link:<nil> app_link:<nil> app_name:Unofficial country:us created_at:1.559112773e+09 display_name:Unofficial external_id:tvtime-unofficial external_source_type:<nil> full_logo_url:<nil> is_cascaded:false logo_color:#777777 logo_name:* logo_url:<nil> logos:map[selected_dark_mode:https://d36rlb2fgh8cjd.cloudfront.net/logos/networks/unofficial/selected-dark-mode.png selected_light_mode:https://d36rlb2fgh8cjd.cloudfront.net/logos/networks/unofficial/selected-light-mode.png unselected_dark_mode:https://d36rlb2fgh8cjd.cloudfront.net/logos/networks/unofficial/unselected-dark-mode.png unselected_light_mode:https://d36rlb2fgh8cjd.cloudfront.net/logos/networks/unofficial/unselected-light-mode.png] name_slug:unofficial-5dea16e9-fe85-4c85-83a1-b3ba4dc14a30 network_id:5dea16e9-fe85-4c85-83a1-b3ba4dc14a30 platform:unofficial platform_type:unofficial type:network_platform_source updated_at:1.559112773e+09],12895f2e-fa23-4a6b-9548-db064713f54c,2024-11-06 17:44:56,where-did-you,9360918-75184478,selection,Bleach,17,12
5a0f949c-f5fb-475a-a895-2315d44bf666,75184478,0,map[app_bundle_id:<nil> app_download_link:<nil> app_link:<nil> app_name:Unofficial country:us created_at:1.559112773e+09 display_name:Unofficial external_id:tvtime-unofficial external_source_type:<nil> full_logo_url:<nil> is_cascaded:false logo_color:#777777 logo_name:* logo_url:<nil> logos:map[selected_dark_mode:https://d36rlb2fgh8cjd.cloudfront.net/logos/networks/unofficial/selected-dark-mode.png selected_light_mode:https://d36rlb2fgh8cjd.cloudfront.net/logos/networks/unofficial/selected-light-mode.png unselected_dark_mode:https://d36rlb2fgh8cjd.cloudfront.net/logos/networks/unofficial/unselected-dark-mode.png unselected_light_mode:https://d36rlb2fgh8cjd.cloudfront.net/logos/networks/unofficial/unselected-light-mode.png] name_slug:unofficial-5dea16e9-fe85-4c85-83a1-b3ba4dc14a30 network_id:5dea16e9-fe85-4c85-83a1-b3ba4dc14a30 platform:unofficial platform_type:unofficial type:network_platform_source updated_at:1.559112773e+09],9d78e862-a2bb-4513-a9c3-74f6513116ed,2025-05-01 09:12:14,where-did-you,75184478,selection,,,
377b5958-f7f1-4436-bfb6-c5ac0d3900c4,75184478,0,map[app_bundle_id:<nil> app_download_link:<nil> app_link:<nil> app_name:Unofficial country:us created_at:1.559112773e+09 display_name:Unofficial external_id:tvtime-unofficial external_source_type:<nil> full_logo_url:<nil> is_cascaded:false logo_color:#777777 logo_name:* logo_url:<nil> logos:map[selected_dark_mode:https://d36rlb2fgh8cjd.cloudfront.net/logos/networks/unofficial/selected-dark-mode.png selected_light_mode:https://d36rlb2fgh8cjd.cloudfront.net/logos/networks/unofficial/selected-light-mode.png unselected_dark_mode:https://d36rlb2fgh8cjd.cloudfront.net/logos/networks/unofficial/unselected-dark-mode.png unselected_light_mode:https://d36rlb2fgh8cjd.cloudfront.net/logos/networks/unofficial/unselected-light-mode.png] name_slug:unofficial-5dea16e9-fe85-4c85-83a1-b3ba4dc14a30 network_id:5dea16e9-fe85-4c85-83a1-b3ba4dc14a30 platform:unofficial platform_type:unofficial type:network_platform_source updated_at:1.559112773e+09],776e70b8-b227-476b-9e54-9f851d326adb,2026-01-20 13:33:22,where-did-you,75184478,selection,,,
7e62af02-d4a7-47ae-aaf6-bd79cadd4d5e,75184478,0,map[app_bundle_id:<nil> app_download_link:<nil> app_link:<nil> app_name:Unofficial country:us created_at:1.559112773e+09 display_name:Unofficial external_id:tvtime-unofficial external_source_type:<nil> full_logo_url:<nil> is_cascaded:false logo_color:#777777 logo_name:* logo_url:<nil> logos:map[selected_dark_mode:https://d36rlb2fgh8cjd.cloudfront.net/logos/networks/unofficial/selected-dark-mode.png selected_light_mode:https://d36rlb2fgh8cjd.cloudfront.net/logos/networks/unofficial/selected-light-mode.png unselected_dark_mode:https://d36rlb2fgh8cjd.cloudfront.net/logos/networks/unofficial/unselected-dark-mode.png unselected_light_mode:https://d36rlb2fgh8cjd.cloudfront.net/logos/networks/unofficial/unselected-light-mode.png] name_slug:unofficial-5dea16e9-fe85-4c85-83a1-b3ba4dc14a30 network_id:5dea16e9-fe85-4c85-83a1-b3ba4dc14a30 platform:unofficial platform_type:unofficial type:network_platform_source updated_at:1.559112773e+09],f9373e5d-7323-4945-af52-54d93ab3c4ec,2025-09-02 16:07:34,where-did-you,75184478,selection,,,
1b797503-88d1-49f0-825a-70915c42cf5e,75184478,0,map[app_bundle_id:<nil> app_download_link:<nil> app_link:<nil> app_name:Unofficial country:us created_at:1.559112773e+09 display_name:Unofficial external_id:tvtime-unofficial external_source_type:<nil> full_logo_url:<nil> is_cascaded:false logo_color:#777777 logo_name:* logo_url:<nil> logos:map[selected_dark_mode:https://d36rlb2fgh8cjd.cloudfront.net/logos/networks/unofficial/selected-dark-mode.png selected_light_mode:https://d36rlb2fgh8cjd.cloudfront.net/logos/networks/unofficial/selected-light-mode.png unselected_dark_mode:https://d36rlb2fgh8cjd.cloudfront.net/logos/networks/unofficial/unselected-dark-mode.png unselected_light_mode:https://d36rlb2fgh8cjd.cloudfront.net/logos/networks/unofficial/unselected-light-mode.png] name_slug:unofficial-5dea16e9-fe85-4c85-83a1-b3ba4dc14a30 network_id:5dea16e9-fe85-4c85-83a1-b3ba4dc14a30 platform:unofficial platform_type:unofficial type:network_platform_source updated_at:1.559112773e+09],3ef342e0-edf0-46bc-b2cf-c7511b233d9a,2025-12-16 10:35:00,where-did-you,75184478,selection,,,
ff07a778-cf94-4243-a8ca-ec401f51f579,75184478,0,map[app_bundle_id:<nil> app_download_link:<nil> app_link:<nil> app_name:Other country:GB created_at:1.559112773e+09 display_name:Other external_id:tvtime-other-GB external_source_type:<nil> full_logo_url:<nil> is_cascaded:false logo_color:#777777 logo_name:* logo_url:<nil> logos:map[selected_dark_mode:https://d36rlb2fgh8cjd.cloudfront.net/logos/networks/other/selected-dark-mode.png selected_light_mode:https://d36rlb2fgh8cjd.cloudfront.net/logos/networks/other/selected-light-mode.png unselected_dark_mode:https://d36rlb2fgh8cjd.cloudfront.net/logos/networks/other/unselected-dark-mode.png unselected_light_mode:https://d36rlb2fgh8cjd.cloudfront.net/logos/networks/other/unselected-light-mode.png] name_slug:other-01109d08-7513-4ddd-8990-6799d11004b8 network_id:01109d08-7513-4ddd-8990-6799d11004b8 platform:other platform_type:other type:network_platform_source updated_at:1.559112773e+09],3ed44610-1867-44a9-8ece-72f281468af8,2024-12-11 17:07:59,where-did-you,75184478,selection,,,
408629,75184478,10559631,map[app_bundle_id:<nil> app_download_link:<nil> app_link:<nil> app_name:Unofficial country:us created_at:1.559112773e+09 display_name:Unofficial external_id:tvtime-unofficial external_source_type:<nil> full_logo_url:<nil> is_cascaded:false logo_color:#777777 logo_name:* logo_url:<nil> logos:map[selected_dark_mode:https://d36rlb2fgh8cjd.cloudfront.net/logos/networks/unofficial/selected-dark-mode.png selected_light_mode:https://d36rlb2fgh8cjd.cloudfront.net/logos/networks/unofficial/selected-light-mode.png unselected_dark_mode:https://d36rlb2fgh8cjd.cloudfront.net/logos/networks/unofficial/unselected-dark-mode.png unselected_light_mode:https://d36rlb2fgh8cjd.cloudfront.net/logos/networks/unofficial/unselected-light-mode.png] name_slug:unofficial-5dea16e9-fe85-4c85-83a1-b3ba4dc14a30 network_id:5dea16e9-fe85-4c85-83a1-b3ba4dc14a30 platform:unofficial platform_type:unofficial type:network_platform_source updated_at:1.559112773e+09],5953717a-c8a5-472c-a779-cd3c849eea32,2024-12-13 04:47:58,where-did-you,10559631-75184478,selection,BLUE LOCK,2,7
334824,75184478,7154358,map[app_bundle_id:<nil> app_download_link:<nil> app_link:<nil> app_name:Unofficial country:us created_at:1.559112773e+09 display_name:Unofficial external_id:tvtime-unofficial external_source_type:<nil> full_logo_url:<nil> is_cascaded:false logo_color:#777777 logo_name:* logo_url:<nil> logos:map[selected_dark_mode:https://d36rlb2fgh8cjd.cloudfront.net/logos/networks/unofficial/selected-dark-mode.png selected_light_mode:https://d36rlb2fgh8cjd.cloudfront.net/logos/networks/unofficial/selected-light-mode.png unselected_dark_mode:https://d36rlb2fgh8cjd.cloudfront.net/logos/networks/unofficial/unselected-dark-mode.png unselected_light_mode:https://d36rlb2fgh8cjd.cloudfront.net/logos/networks/unofficial/unselected-light-mode.png] name_slug:unofficial-5dea16e9-fe85-4c85-83a1-b3ba4dc14a30 network_id:5dea16e9-fe85-4c85-83a1-b3ba4dc14a30 platform:unofficial platform_type:unofficial type:network_platform_source updated_at:1.559112773e+09],5c0f26a1-3413-4fde-a2e9-0fcf963315d4,2024-10-08 04:42:40,where-did-you,7154358-75184478,selection,Dark,2,1
74796,75184478,10733783,map[app_bundle_id:<nil> app_download_link:<nil> app_link:<nil> app_name:Unofficial country:us created_at:1.559112773e+09 display_name:Unofficial external_id:tvtime-unofficial external_source_type:<nil> full_logo_url:<nil> is_cascaded:false logo_color:#777777 logo_name:* logo_url:<nil> logos:map[selected_dark_mode:https://d36rlb2fgh8cjd.cloudfront.net/logos/networks/unofficial/selected-dark-mode.png selected_light_mode:https://d36rlb2fgh8cjd.cloudfront.net/logos/networks/unofficial/selected-light-mode.png unselected_dark_mode:https://d36rlb2fgh8cjd.cloudfront.net/logos/networks/unofficial/unselected-dark-mode.png unselected_light_mode:https://d36rlb2fgh8cjd.cloudfront.net/logos/networks/unofficial/unselected-light-mode.png] name_slug:unofficial-5dea16e9-fe85-4c85-83a1-b3ba4dc14a30 network_id:5dea16e9-fe85-4c85-83a1-b3ba4dc14a30 platform:unofficial platform_type:unofficial type:network_platform_source updated_at:1.559112773e+09],9d8ec5e8-dd81-461d-aa06-0d61f0729f8f,2024-11-13 18:36:05,where-did-you,10733783-75184478,selection,Bleach,17,28
fa61246c-784f-41c0-84d1-005d5b7bcf11,75184478,0,map[app_bundle_id:<nil> app_download_link:<nil> app_link:<nil> app_name:Unofficial country:us created_at:1.559112773e+09 display_name:Unofficial external_id:tvtime-unofficial external_source_type:<nil> full_logo_url:<nil> is_cascaded:false logo_color:#777777 logo_name:* logo_url:<nil> logos:map[selected_dark_mode:https://d36rlb2fgh8cjd.cloudfront.net/logos/networks/unofficial/selected-dark-mode.png selected_light_mode:https://d36rlb2fgh8cjd.cloudfront.net/logos/networks/unofficial/selected-light-mode.png unselected_dark_mode:https://d36rlb2fgh8cjd.cloudfront.net/logos/networks/unofficial/unselected-dark-mode.png unselected_light_mode:https://d36rlb2fgh8cjd.cloudfront.net/logos/networks/unofficial/unselected-light-mode.png] name_slug:unofficial-5dea16e9-fe85-4c85-83a1-b3ba4dc14a30 network_id:5dea16e9-fe85-4c85-83a1-b3ba4dc14a30 platform:unofficial platform_type:unofficial type:network_platform_source updated_at:1.559112773e+09],165ce530-9fcb-4094-b6d8-39f3bab0640e,2025-11-08 14:31:12,where-did-you,75184478,selection,,,
78804,75184478,302430,map[app_bundle_id:<nil> app_download_link:<nil> app_link:<nil> app_name:Unofficial country:us created_at:1.559112773e+09 display_name:Unofficial external_id:tvtime-unofficial external_source_type:<nil> full_logo_url:<nil> is_cascaded:false logo_color:#777777 logo_name:* logo_url:<nil> logos:map[selected_dark_mode:https://d36rlb2fgh8cjd.cloudfront.net/logos/networks/unofficial/selected-dark-mode.png selected_light_mode:https://d36rlb2fgh8cjd.cloudfront.net/logos/networks/unofficial/selected-light-mode.png unselected_dark_mode:https://d36rlb2fgh8cjd.cloudfront.net/logos/networks/unofficial/unselected-dark-mode.png unselected_light_mode:https://d36rlb2fgh8cjd.cloudfront.net/logos/networks/unofficial/unselected-light-mode.png] name_slug:unofficial-5dea16e9-fe85-4c85-83a1-b3ba4dc14a30 network_id:5dea16e9-fe85-4c85-83a1-b3ba4dc14a30 platform:unofficial platform_type:unofficial type:network_platform_source updated_at:1.559112773e+09],81b1fa31-2eff-4a03-919d-5e005c1ec0c7,2025-01-27 15:46:26,where-did-you,302430-75184478,selection,Doctor Who (2005),2,2
d55e956e-20f4-4d9f-9bb2-186d2e999cd2,75184478,0,map[app_bundle_id:<nil> app_download_link:<nil> app_link:<nil> app_name:Unofficial country:us created_at:1.559112773e+09 display_name:Unofficial external_id:tvtime-unofficial external_source_type:<nil> full_logo_url:<nil> is_cascaded:false logo_color:#777777 logo_name:* logo_url:<nil> logos:map[selected_dark_mode:https://d36rlb2fgh8cjd.cloudfront.net/logos/networks/unofficial/selected-dark-mode.png selected_light_mode:https://d36rlb2fgh8cjd.cloudfront.net/logos/networks/unofficial/selected-light-mode.png unselected_dark_mode:https://d36rlb2fgh8cjd.cloudfront.net/logos/networks/unofficial/unselected-dark-mode.png unselected_light_mode:https://d36rlb2fgh8cjd.cloudfront.net/logos/networks/unofficial/unselected-light-mode.png] name_slug:unofficial-5dea16e9-fe85-4c85-83a1-b3ba4dc14a30 network_id:5dea16e9-fe85-4c85-83a1-b3ba4dc14a30 platform:unofficial platform_type:unofficial type:network_platform_source updated_at:1.559112773e+09],72a1a977-c754-4db5-93cc-d4847ef823c1,2025-12-21 09:58:25,where-did-you,75184478,selection,,,
527adc31-6d16-4526-b122-50257353867a,75184478,0,map[app_bundle_id:<nil> app_download_link:<nil> app_link:<nil> app_name:Other country:IN created_at:1.559112773e+09 display_name:Other external_id:tvtime-other-IN external_source_type:<nil> full_logo_url:<nil> is_cascaded:false logo_color:#777777 logo_name:* logo_url:<nil> logos:map[selected_dark_mode:https://d36rlb2fgh8cjd.cloudfront.net/logos/networks/other/selected-dark-mode.png selected_light_mode:https://d36rlb2fgh8cjd.cloudfront.net/logos/networks/other/selected-light-mode.png unselected_dark_mode:https://d36rlb2fgh8cjd.cloudfront.net/logos/networks/other/unselected-dark-mode.png unselected_light_mode:https://d36rlb2fgh8cjd.cloudfront.net/logos/networks/other/unselected-light-mode.png] name_slug:other-01109d08-7513-4ddd-8990-6799d11004b8 network_id:01109d08-7513-4ddd-8990-6799d11004b8 platform:other platform_type:other type:network_platform_source updated_at:1.559112773e+09],90772673-db08-41ec-a49b-060bc26685d3,2025-09-29 05:00:25,where-did-you,75184478,selection,,,
389597,75184478,10414110,map[app_bundle_id:<nil> app_download_link:<nil> app_link:<nil> app_name:Unofficial country:us created_at:1.559112773e+09 display_name:Unofficial external_id:tvtime-unofficial external_source_type:<nil> full_logo_url:<nil> is_cascaded:false logo_color:#777777 logo_name:* logo_url:<nil> logos:map[selected_dark_mode:https://d36rlb2fgh8cjd.cloudfront.net/logos/networks/unofficial/selected-dark-mode.png selected_light_mode:https://d36rlb2fgh8cjd.cloudfront.net/logos/networks/unofficial/selected-light-mode.png unselected_dark_mode:https://d36rlb2fgh8cjd.cloudfront.net/logos/networks/unofficial/unselected-dark-mode.png unselected_light_mode:https://d36rlb2fgh8cjd.cloudfront.net/logos/networks/unofficial/unselected-light-mode.png] name_slug:unofficial-5dea16e9-fe85-4c85-83a1-b3ba4dc14a30 network_id:5dea16e9-fe85-4c85-83a1-b3ba4dc14a30 platform:unofficial platform_type:unofficial type:network_platform_source updated_at:1.559112773e+09],3bd4df02-7789-48fa-a342-c38993c5fa61,2025-01-05 01:59:36,where-did-you,10414110-75184478,selection,Solo Leveling,2,1
9adb5ec5-a5c7-4cc8-8b10-b69f8944bfbf,75184478,0,map[app_bundle_id:<nil> app_download_link:<nil> app_link:<nil> app_name:Unofficial country:us created_at:1.559112773e+09 display_name:Unofficial external_id:tvtime-unofficial external_source_type:<nil> full_logo_url:<nil> is_cascaded:false logo_color:#777777 logo_name:* logo_url:<nil> logos:map[selected_dark_mode:https://d36rlb2fgh8cjd.cloudfront.net/logos/networks/unofficial/selected-dark-mode.png selected_light_mode:https://d36rlb2fgh8cjd.cloudfront.net/logos/networks/unofficial/selected-light-mode.png unselected_dark_mode:https://d36rlb2fgh8cjd.cloudfront.net/logos/networks/unofficial/unselected-dark-mode.png unselected_light_mode:https://d36rlb2fgh8cjd.cloudfront.net/logos/networks/unofficial/unselected-light-mode.png] name_slug:unofficial-5dea16e9-fe85-4c85-83a1-b3ba4dc14a30 network_id:5dea16e9-fe85-4c85-83a1-b3ba4dc14a30 platform:unofficial platform_type:unofficial type:network_platform_source updated_at:1.559112773e+09],de6a1681-c388-49d7-9b01-3d7dce329784,2024-12-06 09:59:56,where-did-you,75184478,selection,,,
408629,75184478,10485277,map[app_bundle_id:<nil> app_download_link:<nil> app_link:<nil> app_name:Unofficial country:us created_at:1.559112773e+09 display_name:Unofficial external_id:tvtime-unofficial external_source_type:<nil> full_logo_url:<nil> is_cascaded:false logo_color:#777777 logo_name:* logo_url:<nil> logos:map[selected_dark_mode:https://d36rlb2fgh8cjd.cloudfront.net/logos/networks/unofficial/selected-dark-mode.png selected_light_mode:https://d36rlb2fgh8cjd.cloudfront.net/logos/networks/unofficial/selected-light-mode.png unselected_dark_mode:https://d36rlb2fgh8cjd.cloudfront.net/logos/networks/unofficial/unselected-dark-mode.png unselected_light_mode:https://d36rlb2fgh8cjd.cloudfront.net/logos/networks/unofficial/unselected-light-mode.png] name_slug:unofficial-5dea16e9-fe85-4c85-83a1-b3ba4dc14a30 network_id:5dea16e9-fe85-4c85-83a1-b3ba4dc14a30 platform:unofficial platform_type:unofficial type:network_platform_source updated_at:1.559112773e+09],e10de39b-4632-4872-93e1-2143577314ff,2024-10-27 18:54:29,where-did-you,10485277-75184478,selection,BLUE LOCK,2,1
369026,75184478,7341875,map[app_bundle_id:<nil> app_download_link:<nil> app_link:<nil> app_name:Unofficial country:us created_at:1.559112773e+09 display_name:Unofficial external_id:tvtime-unofficial external_source_type:<nil> full_logo_url:<nil> is_cascaded:false logo_color:#777777 logo_name:* logo_url:<nil> logos:map[selected_dark_mode:https://d36rlb2fgh8cjd.cloudfront.net/logos/networks/unofficial/selected-dark-mode.png selected_light_mode:https://d36rlb2fgh8cjd.cloudfront.net/logos/networks/unofficial/selected-light-mode.png unselected_dark_mode:https://d36rlb2fgh8cjd.cloudfront.net/logos/networks/unofficial/unselected-dark-mode.png unselected_light_mode:https://d36rlb2fgh8cjd.cloudfront.net/logos/networks/unofficial/unselected-light-mode.png] name_slug:unofficial-5dea16e9-fe85-4c85-83a1-b3ba4dc14a30 network_id:5dea16e9-fe85-4c85-83a1-b3ba4dc14a30 platform:unofficial platform_type:unofficial type:network_platform_source updated_at:1.559112773e+09],9f14c1d2-3ff8-4851-8b1f-f99a8e7a47a8,2024-10-16 11:12:55,where-did-you,7341875-75184478,selection,Uzumaki,1,3
bc180014-4bd3-40a1-bd0f-01fb8fa79dc0,75184478,0,map[app_bundle_id:<nil> app_download_link:<nil> app_link:<nil> app_name:Other country:IN created_at:1.559112773e+09 display_name:Other external_id:tvtime-other-IN external_source_type:<nil> full_logo_url:<nil> is_cascaded:false logo_color:#777777 logo_name:* logo_url:<nil> logos:map[selected_dark_mode:https://d36rlb2fgh8cjd.cloudfront.net/logos/networks/other/selected-dark-mode.png selected_light_mode:https://d36rlb2fgh8cjd.cloudfront.net/logos/networks/other/selected-light-mode.png unselected_dark_mode:https://d36rlb2fgh8cjd.cloudfront.net/logos/networks/other/unselected-dark-mode.png unselected_light_mode:https://d36rlb2fgh8cjd.cloudfront.net/logos/networks/other/unselected-light-mode.png] name_slug:other-01109d08-7513-4ddd-8990-6799d11004b8 network_id:01109d08-7513-4ddd-8990-6799d11004b8 platform:other platform_type:other type:network_platform_source updated_at:1.559112773e+09],6e53110e-c9ba-412b-90e2-79f1ec894611,2025-12-06 13:43:44,where-did-you,75184478,selection,,,
ead87c84-1133-496a-89bf-2239b84de23f,75184478,0,map[app_bundle_id:<nil> app_download_link:<nil> app_link:<nil> app_name:Unofficial country:us created_at:1.559112773e+09 display_name:Unofficial external_id:tvtime-unofficial external_source_type:<nil> full_logo_url:<nil> is_cascaded:false logo_color:#777777 logo_name:* logo_url:<nil> logos:map[selected_dark_mode:https://d36rlb2fgh8cjd.cloudfront.net/logos/networks/unofficial/selected-dark-mode.png selected_light_mode:https://d36rlb2fgh8cjd.cloudfront.net/logos/networks/unofficial/selected-light-mode.png unselected_dark_mode:https://d36rlb2fgh8cjd.cloudfront.net/logos/networks/unofficial/unselected-dark-mode.png unselected_light_mode:https://d36rlb2fgh8cjd.cloudfront.net/logos/networks/unofficial/unselected-light-mode.png] name_slug:unofficial-5dea16e9-fe85-4c85-83a1-b3ba4dc14a30 network_id:5dea16e9-fe85-4c85-83a1-b3ba4dc14a30 platform:unofficial platform_type:unofficial type:network_platform_source updated_at:1.559112773e+09],726841c8-5b3b-47b8-977a-2da85a69dd73,2025-06-21 12:23:01,where-did-you,75184478,selection,,,
305288,75184478,8852957,map[app_bundle_id:<nil> app_download_link:<nil> app_link:<nil> app_name:Unofficial country:us created_at:1.559112773e+09 display_name:Unofficial external_id:tvtime-unofficial external_source_type:<nil> full_logo_url:<nil> is_cascaded:false logo_color:#777777 logo_name:* logo_url:<nil> logos:map[selected_dark_mode:https://d36rlb2fgh8cjd.cloudfront.net/logos/networks/unofficial/selected-dark-mode.png selected_light_mode:https://d36rlb2fgh8cjd.cloudfront.net/logos/networks/unofficial/selected-light-mode.png unselected_dark_mode:https://d36rlb2fgh8cjd.cloudfront.net/logos/networks/unofficial/unselected-dark-mode.png unselected_light_mode:https://d36rlb2fgh8cjd.cloudfront.net/logos/networks/unofficial/unselected-light-mode.png] name_slug:unofficial-5dea16e9-fe85-4c85-83a1-b3ba4dc14a30 network_id:5dea16e9-fe85-4c85-83a1-b3ba4dc14a30 platform:unofficial platform_type:unofficial type:network_platform_source updated_at:1.559112773e+09],101d2e93-43c7-4137-8e4f-51882feba268,2024-10-01 16:43:48,where-did-you,8852957-75184478,selection,Stranger Things,4,9
295685,75184478,6823132,map[app_bundle_id:<nil> app_download_link:<nil> app_link:<nil> app_name:Other country:GB created_at:1.559112773e+09 display_name:Other external_id:tvtime-other-GB external_source_type:<nil> full_logo_url:<nil> is_cascaded:false logo_color:#777777 logo_name:* logo_url:<nil> logos:map[selected_dark_mode:https://d36rlb2fgh8cjd.cloudfront.net/logos/networks/other/selected-dark-mode.png selected_light_mode:https://d36rlb2fgh8cjd.cloudfront.net/logos/networks/other/selected-light-mode.png unselected_dark_mode:https://d36rlb2fgh8cjd.cloudfront.net/logos/networks/other/unselected-dark-mode.png unselected_light_mode:https://d36rlb2fgh8cjd.cloudfront.net/logos/networks/other/unselected-light-mode.png] name_slug:other-01109d08-7513-4ddd-8990-6799d11004b8 network_id:01109d08-7513-4ddd-8990-6799d11004b8 platform:other platform_type:other type:network_platform_source updated_at:1.559112773e+09],a6c8836b-87ec-4806-b7aa-2b94917d7888,2024-11-25 17:12:35,where-did-you,6823132-75184478,selection,Lucifer,4,4
289882,75184478,5180498,map[app_bundle_id:<nil> app_download_link:<nil> app_link:<nil> app_name:Unofficial country:us created_at:1.559112773e+09 display_name:Unofficial external_id:tvtime-unofficial external_source_type:<nil> full_logo_url:<nil> is_cascaded:false logo_color:#777777 logo_name:* logo_url:<nil> logos:map[selected_dark_mode:https://d36rlb2fgh8cjd.cloudfront.net/logos/networks/unofficial/selected-dark-mode.png selected_light_mode:https://d36rlb2fgh8cjd.cloudfront.net/logos/networks/unofficial/selected-light-mode.png unselected_dark_mode:https://d36rlb2fgh8cjd.cloudfront.net/logos/networks/unofficial/unselected-dark-mode.png unselected_light_mode:https://d36rlb2fgh8cjd.cloudfront.net/logos/networks/unofficial/unselected-light-mode.png] name_slug:unofficial-5dea16e9-fe85-4c85-83a1-b3ba4dc14a30 network_id:5dea16e9-fe85-4c85-83a1-b3ba4dc14a30 platform:unofficial platform_type:unofficial type:network_platform_source updated_at:1.559112773e+09],05b6b6ad-f641-4c06-aa0d-06bdd072c8e3,2024-11-14 11:37:28,where-did-you,5180498-75184478,selection,Is It Wrong to Try to Pick Up Girls in a Dungeon?,1,2
20ca6bf7-8b52-47fe-89d9-8a6732f73421,75184478,0,map[app_bundle_id:<nil> app_download_link:<nil> app_link:<nil> app_name:Unofficial country:us created_at:1.559112773e+09 display_name:Unofficial external_id:tvtime-unofficial external_source_type:<nil> full_logo_url:<nil> is_cascaded:false logo_color:#777777 logo_name:* logo_url:<nil> logos:map[selected_dark_mode:https://d36rlb2fgh8cjd.cloudfront.net/logos/networks/unofficial/selected-dark-mode.png selected_light_mode:https://d36rlb2fgh8cjd.cloudfront.net/logos/networks/unofficial/selected-light-mode.png unselected_dark_mode:https://d36rlb2fgh8cjd.cloudfront.net/logos/networks/unofficial/unselected-dark-mode.png unselected_light_mode:https://d36rlb2fgh8cjd.cloudfront.net/logos/networks/unofficial/unselected-light-mode.png] name_slug:unofficial-5dea16e9-fe85-4c85-83a1-b3ba4dc14a30 network_id:5dea16e9-fe85-4c85-83a1-b3ba4dc14a30 platform:unofficial platform_type:unofficial type:network_platform_source updated_at:1.559112773e+09],09d80b79-4ba6-4f5e-ad87-ec70d4bba444,2025-08-07 14:48:59,where-did-you,75184478,selection,,,
295685,75184478,6809752,map[app_bundle_id:<nil> app_download_link:<nil> app_link:<nil> app_name:Other country:GB created_at:1.559112773e+09 display_name:Other external_id:tvtime-other-GB external_source_type:<nil> full_logo_url:<nil> is_cascaded:false logo_color:#777777 logo_name:* logo_url:<nil> logos:map[selected_dark_mode:https://d36rlb2fgh8cjd.cloudfront.net/logos/networks/other/selected-dark-mode.png selected_light_mode:https://d36rlb2fgh8cjd.cloudfront.net/logos/networks/other/selected-light-mode.png unselected_dark_mode:https://d36rlb2fgh8cjd.cloudfront.net/logos/networks/other/unselected-dark-mode.png unselected_light_mode:https://d36rlb2fgh8cjd.cloudfront.net/logos/networks/other/unselected-light-mode.png] name_slug:other-01109d08-7513-4ddd-8990-6799d11004b8 network_id:01109d08-7513-4ddd-8990-6799d11004b8 platform:other platform_type:other type:network_platform_source updated_at:1.559112773e+09],85ba3c7f-9dc4-437f-8a73-b6fe4643bc70,2024-11-25 17:09:56,where-did-you,6809752-75184478,selection,Lucifer,4,2
408629,75184478,10559638,map[app_bundle_id:<nil> app_download_link:<nil> app_link:<nil> app_name:Unofficial country:us created_at:1.559112773e+09 display_name:Unofficial external_id:tvtime-unofficial external_source_type:<nil> full_logo_url:<nil> is_cascaded:false logo_color:#777777 logo_name:* logo_url:<nil> logos:map[selected_dark_mode:https://d36rlb2fgh8cjd.cloudfront.net/logos/networks/unofficial/selected-dark-mode.png selected_light_mode:https://d36rlb2fgh8cjd.cloudfront.net/logos/networks/unofficial/selected-light-mode.png unselected_dark_mode:https://d36rlb2fgh8cjd.cloudfront.net/logos/networks/unofficial/unselected-dark-mode.png unselected_light_mode:https://d36rlb2fgh8cjd.cloudfront.net/logos/networks/unofficial/unselected-light-mode.png] name_slug:unofficial-5dea16e9-fe85-4c85-83a1-b3ba4dc14a30 network_id:5dea16e9-fe85-4c85-83a1-b3ba4dc14a30 platform:unofficial platform_type:unofficial type:network_platform_source updated_at:1.559112773e+09],2fd75ed3-149a-429c-bb24-15bb85570f33,2024-12-29 06:47:14,where-did-you,10559638-75184478,selection,BLUE LOCK,2,14
e0c1c564-3875-47f4-a64d-e9d04f0bba59,75184478,0,map[app_bundle_id:<nil> app_download_link:<nil> app_link:<nil> app_name:Unofficial country:us created_at:1.559112773e+09 display_name:Unofficial external_id:tvtime-unofficial external_source_type:<nil> full_logo_url:<nil> is_cascaded:false logo_color:#777777 logo_name:* logo_url:<nil> logos:map[selected_dark_mode:https://d36rlb2fgh8cjd.cloudfront.net/logos/networks/unofficial/selected-dark-mode.png selected_light_mode:https://d36rlb2fgh8cjd.cloudfront.net/logos/networks/unofficial/selected-light-mode.png unselected_dark_mode:https://d36rlb2fgh8cjd.cloudfront.net/logos/networks/unofficial/unselected-dark-mode.png unselected_light_mode:https://d36rlb2fgh8cjd.cloudfront.net/logos/networks/unofficial/unselected-light-mode.png] name_slug:unofficial-5dea16e9-fe85-4c85-83a1-b3ba4dc14a30 network_id:5dea16e9-fe85-4c85-83a1-b3ba4dc14a30 platform:unofficial platform_type:unofficial type:network_platform_source updated_at:1.559112773e+09],fa249725-beb1-4b80-ba03-0ee6a888b067,2025-03-07 12:14:31,where-did-you,75184478,selection,,,
293088,75184478,10106205,map[app_bundle_id:<nil> app_download_link:<nil> app_link:<nil> app_name:Unofficial country:us created_at:1.559112773e+09 display_name:Unofficial external_id:tvtime-unofficial external_source_type:<nil> full_logo_url:<nil> is_cascaded:false logo_color:#777777 logo_name:* logo_url:<nil> logos:map[selected_dark_mode:https://d36rlb2fgh8cjd.cloudfront.net/logos/networks/unofficial/selected-dark-mode.png selected_light_mode:https://d36rlb2fgh8cjd.cloudfront.net/logos/networks/unofficial/selected-light-mode.png unselected_dark_mode:https://d36rlb2fgh8cjd.cloudfront.net/logos/networks/unofficial/unselected-dark-mode.png unselected_light_mode:https://d36rlb2fgh8cjd.cloudfront.net/logos/networks/unofficial/unselected-light-mode.png] name_slug:unofficial-5dea16e9-fe85-4c85-83a1-b3ba4dc14a30 network_id:5dea16e9-fe85-4c85-83a1-b3ba4dc14a30 platform:unofficial platform_type:unofficial type:network_platform_source updated_at:1.559112773e+09],cba830ba-b641-4cb4-b46f-7dd8460ff693,2025-10-13 18:23:50,where-did-you,10106205-75184478,selection,One-Punch Man,3,1
403262,75184478,8483532,map[app_bundle_id:<nil> app_download_link:<nil> app_link:<nil> app_name:Unofficial country:us created_at:1.559112773e+09 display_name:Unofficial external_id:tvtime-unofficial external_source_type:<nil> full_logo_url:<nil> is_cascaded:false logo_color:#777777 logo_name:* logo_url:<nil> logos:map[selected_dark_mode:https://d36rlb2fgh8cjd.cloudfront.net/logos/networks/unofficial/selected-dark-mode.png selected_light_mode:https://d36rlb2fgh8cjd.cloudfront.net/logos/networks/unofficial/selected-light-mode.png unselected_dark_mode:https://d36rlb2fgh8cjd.cloudfront.net/logos/networks/unofficial/unselected-dark-mode.png unselected_light_mode:https://d36rlb2fgh8cjd.cloudfront.net/logos/networks/unofficial/unselected-light-mode.png] name_slug:unofficial-5dea16e9-fe85-4c85-83a1-b3ba4dc14a30 network_id:5dea16e9-fe85-4c85-83a1-b3ba4dc14a30 platform:unofficial platform_type:unofficial type:network_platform_source updated_at:1.559112773e+09],5337a0f9-cee0-472b-baf1-9ad2077e35bc,2024-10-12 08:55:34,where-did-you,8483532-75184478,selection,Sunflower,1,4
74796,75184478,10754403,map[app_bundle_id:<nil> app_download_link:<nil> app_link:<nil> app_name:Unofficial country:us created_at:1.559112773e+09 display_name:Unofficial external_id:tvtime-unofficial external_source_type:<nil> full_logo_url:<nil> is_cascaded:false logo_color:#777777 logo_name:* logo_url:<nil> logos:map[selected_dark_mode:https://d36rlb2fgh8cjd.cloudfront.net/logos/networks/unofficial/selected-dark-mode.png selected_light_mode:https://d36rlb2fgh8cjd.cloudfront.net/logos/networks/unofficial/selected-light-mode.png unselected_dark_mode:https://d36rlb2fgh8cjd.cloudfront.net/logos/networks/unofficial/unselected-dark-mode.png unselected_light_mode:https://d36rlb2fgh8cjd.cloudfront.net/logos/networks/unofficial/unselected-light-mode.png] name_slug:unofficial-5dea16e9-fe85-4c85-83a1-b3ba4dc14a30 network_id:5dea16e9-fe85-4c85-83a1-b3ba4dc14a30 platform:unofficial platform_type:unofficial type:network_platform_source updated_at:1.559112773e+09],a1c8a962-52b8-4857-8040-e5d0a23c0da7,2024-12-31 09:15:10,where-did-you,10754403-75184478,selection,Bleach,17,34
82f50a08-0078-42ba-8249-fb4cbc7cc27b,75184478,0,map[app_bundle_id:<nil> app_download_link:<nil> app_link:<nil> app_name:Other country:GB created_at:1.559112773e+09 display_name:Other external_id:tvtime-other-GB external_source_type:<nil> full_logo_url:<nil> is_cascaded:false logo_color:#777777 logo_name:* logo_url:<nil> logos:map[selected_dark_mode:https://d36rlb2fgh8cjd.cloudfront.net/logos/networks/other/selected-dark-mode.png selected_light_mode:https://d36rlb2fgh8cjd.cloudfront.net/logos/networks/other/selected-light-mode.png unselected_dark_mode:https://d36rlb2fgh8cjd.cloudfront.net/logos/networks/other/unselected-dark-mode.png unselected_light_mode:https://d36rlb2fgh8cjd.cloudfront.net/logos/networks/other/unselected-light-mode.png] name_slug:other-01109d08-7513-4ddd-8990-6799d11004b8 network_id:01109d08-7513-4ddd-8990-6799d11004b8 platform:other platform_type:other type:network_platform_source updated_at:1.559112773e+09],00935b56-56e7-451c-8486-19abf35dc5e9,2024-10-11 03:13:45,where-did-you,75184478,selection,,,
334824,75184478,7241881,map[app_bundle_id:<nil> app_download_link:<nil> app_link:<nil> app_name:Unofficial country:us created_at:1.559112773e+09 display_name:Unofficial external_id:tvtime-unofficial external_source_type:<nil> full_logo_url:<nil> is_cascaded:false logo_color:#777777 logo_name:* logo_url:<nil> logos:map[selected_dark_mode:https://d36rlb2fgh8cjd.cloudfront.net/logos/networks/unofficial/selected-dark-mode.png selected_light_mode:https://d36rlb2fgh8cjd.cloudfront.net/logos/networks/unofficial/selected-light-mode.png unselected_dark_mode:https://d36rlb2fgh8cjd.cloudfront.net/logos/networks/unofficial/unselected-dark-mode.png unselected_light_mode:https://d36rlb2fgh8cjd.cloudfront.net/logos/networks/unofficial/unselected-light-mode.png] name_slug:unofficial-5dea16e9-fe85-4c85-83a1-b3ba4dc14a30 network_id:5dea16e9-fe85-4c85-83a1-b3ba4dc14a30 platform:unofficial platform_type:unofficial type:network_platform_source updated_at:1.559112773e+09],bebc1f1a-7fb6-4cee-8564-0f4bc7448f47,2024-10-12 04:54:18,where-did-you,7241881-75184478,selection,Dark,2,7
bf6a68f5-46f9-4a74-b45f-0fbcaa26dbb2,75184478,0,map[app_bundle_id:<nil> app_download_link:<nil> app_link:<nil> app_name:Unofficial country:us created_at:1.559112773e+09 display_name:Unofficial external_id:tvtime-unofficial external_source_type:<nil> full_logo_url:<nil> is_cascaded:false logo_color:#777777 logo_name:* logo_url:<nil> logos:map[selected_dark_mode:https://d36rlb2fgh8cjd.cloudfront.net/logos/networks/unofficial/selected-dark-mode.png selected_light_mode:https://d36rlb2fgh8cjd.cloudfront.net/logos/networks/unofficial/selected-light-mode.png unselected_dark_mode:https://d36rlb2fgh8cjd.cloudfront.net/logos/networks/unofficial/unselected-dark-mode.png unselected_light_mode:https://d36rlb2fgh8cjd.cloudfront.net/logos/networks/unofficial/unselected-light-mode.png] name_slug:unofficial-5dea16e9-fe85-4c85-83a1-b3ba4dc14a30 network_id:5dea16e9-fe85-4c85-83a1-b3ba4dc14a30 platform:unofficial platform_type:unofficial type:network_platform_source updated_at:1.559112773e+09],db85c8da-2b10-4c3e-8609-c36f691af5ec,2024-10-20 05:52:33,where-did-you,75184478,selection,,,
371028,75184478,7407215,map[app_bundle_id:<nil> app_download_link:<nil> app_link:<nil> app_name:Unofficial country:us created_at:1.559112773e+09 display_name:Unofficial external_id:tvtime-unofficial external_source_type:<nil> full_logo_url:<nil> is_cascaded:false logo_color:#777777 logo_name:* logo_url:<nil> logos:map[selected_dark_mode:https://d36rlb2fgh8cjd.cloudfront.net/logos/networks/unofficial/selected-dark-mode.png selected_light_mode:https://d36rlb2fgh8cjd.cloudfront.net/logos/networks/unofficial/selected-light-mode.png unselected_dark_mode:https://d36rlb2fgh8cjd.cloudfront.net/logos/networks/unofficial/unselected-dark-mode.png unselected_light_mode:https://d36rlb2fgh8cjd.cloudfront.net/logos/networks/unofficial/unselected-light-mode.png] name_slug:unofficial-5dea16e9-fe85-4c85-83a1-b3ba4dc14a30 network_id:5dea16e9-fe85-4c85-83a1-b3ba4dc14a30 platform:unofficial platform_type:unofficial type:network_platform_source updated_at:1.559112773e+09],31def9c4-0941-41d8-bc2e-2ebfac63c3b2,2024-11-14 11:39:37,where-did-you,7407215-75184478,selection,Arcane,1,1
eb72df6a-4f80-4591-b986-b8e405808734,75184478,0,map[app_bundle_id:<nil> app_download_link:<nil> app_link:<nil> app_name:Other country:IN created_at:1.559112773e+09 display_name:Other external_id:tvtime-other-IN external_source_type:<nil> full_logo_url:<nil> is_cascaded:false logo_color:#777777 logo_name:* logo_url:<nil> logos:map[selected_dark_mode:https://d36rlb2fgh8cjd.cloudfront.net/logos/networks/other/selected-dark-mode.png selected_light_mode:https://d36rlb2fgh8cjd.cloudfront.net/logos/networks/other/selected-light-mode.png unselected_dark_mode:https://d36rlb2fgh8cjd.cloudfront.net/logos/networks/other/unselected-dark-mode.png unselected_light_mode:https://d36rlb2fgh8cjd.cloudfront.net/logos/networks/other/unselected-light-mode.png] name_slug:other-01109d08-7513-4ddd-8990-6799d11004b8 network_id:01109d08-7513-4ddd-8990-6799d11004b8 platform:other platform_type:other type:network_platform_source updated_at:1.559112773e+09],8e2c57dd-4a61-45cc-9fde-a4514f44b370,2025-10-23 17:50:36,where-did-you,75184478,selection,,,
